{
    "job.jobParameters.ff0_resolution.@attributes.value": {
        "key": 0,
        "feature": "feature_job.jobParameters.ff0_resolution.@attributes.value",
        "min": "2",
        "max": "25",
        "sum": 1886818,
        "sum2": 16148066,
        "mean": 8.23183107194276,
        "sd": 1.6394923887217583,
        "accept_min": 3.313353905777486,
        "accept_max": 13.150308238108035,
        "median": 8
    },
    "job.jobParameters.mc_iterations.@attributes.value": {
        "key": 1,
        "feature": "feature_job.jobParameters.mc_iterations.@attributes.value",
        "min": "0",
        "max": "200",
        "sum": 1851788,
        "sum2": 106546512,
        "mean": 8.079001788752672,
        "sd": 19.989342412502886,
        "accept_min": -51.88902544875599,
        "accept_max": 68.04702902626133,
        "median": 1
    },
    "job.jobParameters.meniscus_points.@attributes.value": {
        "key": 2,
        "feature": "feature_job.jobParameters.meniscus_points.@attributes.value",
        "min": "0",
        "max": "50",
        "sum": 522968,
        "sum2": 4030070,
        "mean": 2.281610749967279,
        "sd": 3.518059366233685,
        "accept_min": -8.272567348733777,
        "accept_max": 12.835788848668333,
        "median": 1
    },
    "job.jobParameters.meniscus_range.@attributes.value": {
        "key": 3,
        "feature": "feature_job.jobParameters.meniscus_range.@attributes.value",
        "min": "0.0",
        "max": "0.4",
        "sum": 898.5979999994943,
        "sum2": 29.64415000001545,
        "mean": 0.0039204135945181025,
        "sd": 0.0106753309026213,
        "accept_min": -0.0281055791133458,
        "accept_max": 0.03594640630238201,
        "median": 0
    },
    "job.jobParameters.s_grid_points.@attributes.value": {
        "key": 4,
        "feature": "feature_job.jobParameters.s_grid_points.@attributes.value",
        "min": "9",
        "max": "2112",
        "sum": 20280278,
        "sum2": 3598878018,
        "mean": 88.47902796562104,
        "sd": 88.72836066327852,
        "accept_min": -177.70605402421452,
        "accept_max": 354.66410995545664,
        "median": 64
    },
    "job.jobParameters.uniform_grid.@attributes.value": {
        "key": 5,
        "feature": "feature_job.jobParameters.uniform_grid.@attributes.value",
        "min": "1",
        "max": "67",
        "sum": 1981320,
        "sum2": 17809420,
        "mean": 8.64412547445574,
        "sd": 1.7257602097499014,
        "accept_min": 3.466844845206035,
        "accept_max": 13.821406103705444,
        "median": 8
    },
    "simpoints.0": {
        "key": 6,
        "feature": "feature_simpoints.0",
        "min": "50",
        "max": "8000",
        "sum": 46238024,
        "sum2": 9638533332,
        "mean": 201.7277780201562,
        "sd": 36.83765130639048,
        "accept_min": 91.21482410098477,
        "accept_max": 312.2407319393276,
        "median": 200
    },
    "job.cluster.@attributes.name": {
        "key": 10,
        "feature": "feature_job.cluster.@attributes.name",
        "min": "1",
        "max": "33",
        "sum": 3983609,
        "sum2": 91348705,
        "mean": 17.379734741067143,
        "sd": 9.822546127038713,
        "accept_min": -12.087903640048996,
        "accept_max": 46.847373122183285,
        "median": 17
    }
}
