method,target,feature_space,split_mode,grid_config_name,grid_config_path,config_architecture,config_scaler,config_optimizer,config_batch_size,config_activation,config_dropout,batch_size,dropout_rate,train_mae,val_mae,test_mae,train_error_std,val_error_std,test_error_std,epochs,train_mean_error_CPUTime,train_median_error_CPUTime,train_error_std_CPUTime,train_max_error_CPUTime,train_p95_abs_error_CPUTime,val_mean_error_CPUTime,val_median_error_CPUTime,val_error_std_CPUTime,val_max_error_CPUTime,val_p95_abs_error_CPUTime,test_mean_error_CPUTime,test_median_error_CPUTime,test_error_std_CPUTime,test_max_error_CPUTime,test_p95_abs_error_CPUTime,train_mean_error_max_rss,train_median_error_max_rss,train_error_std_max_rss,train_max_error_max_rss,train_p95_abs_error_max_rss,val_mean_error_max_rss,val_median_error_max_rss,val_error_std_max_rss,val_max_error_max_rss,val_p95_abs_error_max_rss,test_mean_error_max_rss,test_median_error_max_rss,test_error_std_max_rss,test_max_error_max_rss,test_p95_abs_error_max_rss
2dsa,cpu,raw,record,2dsa_arch_128_64_scaler_minmax_opt_adam_batch_128_act_elu_drop_0.2,server/run_2025_12_27/results/2dsa/cpu/raw/record/2dsa_arch_128_64_scaler_minmax_opt_adam_batch_128_act_elu_drop_0.2,128_64,minmax_opt_adam_batch_128_act_elu_drop_0,adam_batch_128_act_elu_drop_0,128,elu_drop_0,0.2,128,0.2,230.57538290856468,310.8340005338247,621.9277133136827,1380.4346570019488,1262.1474309663818,2301.31074059144,51,230.57538290856468,46.79663848876953,1380.4346570019488,246189.0615234375,844.570516967773,310.8340005338247,57.48362731933594,1262.1474309663818,65751.412109375,1110.78515625,621.9277133136827,47.95599365234375,2301.31074059144,75262.28515625,3249.8026367187517,,,,,,,,,,,,,,,
2dsa,cpu,raw,record,2dsa_arch_128_64_scaler_minmax_opt_adam_batch_128_act_elu_drop_0.3,server/run_2025_12_27/results/2dsa/cpu/raw/record/2dsa_arch_128_64_scaler_minmax_opt_adam_batch_128_act_elu_drop_0.3,128_64,minmax_opt_adam_batch_128_act_elu_drop_0,adam_batch_128_act_elu_drop_0,128,elu_drop_0,0.3,128,0.3,233.13203849193897,309.6553070275825,626.0254558151101,1375.705534050721,1249.7517458650084,2304.5306336547105,63,233.13203849193897,65.89952850341797,1375.705534050721,246807.1083984375,830.0977722167967,309.6553070275825,72.05498504638672,1249.7517458650084,65633.244140625,1109.9439086914062,626.0254558151101,47.585350036621094,2304.5306336547105,75103.86401367188,3359.553710937502,,,,,,,,,,,,,,,
2dsa,cpu,raw,record,2dsa_arch_128_64_scaler_minmax_opt_adam_batch_128_act_relu_drop_0.2,server/run_2025_12_27/results/2dsa/cpu/raw/record/2dsa_arch_128_64_scaler_minmax_opt_adam_batch_128_act_relu_drop_0.2,128_64,minmax_opt_adam_batch_128_act_relu_drop_0,adam_batch_128_act_relu_drop_0,128,relu_drop_0,0.2,128,0.2,241.3251871406668,302.35570123099126,594.4018600651538,1388.4458433447044,1322.318483979308,2273.2204035796785,35,241.3251871406668,37.54660987854004,1388.4458433447044,247997.26953125,896.0709289550772,302.35570123099126,42.54457092285156,1322.318483979308,69270.9912109375,995.2453117370604,594.4018600651538,45.758583068847656,2273.2204035796785,75651.65100097656,2812.820959472658,,,,,,,,,,,,,,,
2dsa,cpu,raw,record,2dsa_arch_128_64_scaler_minmax_opt_adam_batch_128_act_relu_drop_0.3,server/run_2025_12_27/results/2dsa/cpu/raw/record/2dsa_arch_128_64_scaler_minmax_opt_adam_batch_128_act_relu_drop_0.3,128_64,minmax_opt_adam_batch_128_act_relu_drop_0,adam_batch_128_act_relu_drop_0,128,relu_drop_0,0.3,128,0.3,218.64407753935143,289.57888532733085,578.0646394967803,1371.4234594111388,1324.4075274354475,2325.316473027838,49,218.64407753935143,30.88420867919922,1371.4234594111388,248262.28100585935,819.2359924316393,289.57888532733085,38.84540939331055,1324.4075274354475,68445.5185546875,970.9954223632812,578.0646394967803,41.446685791015625,2325.316473027838,76034.1376953125,2561.993750000001,,,,,,,,,,,,,,,
2dsa,cpu,raw,record,2dsa_arch_128_64_scaler_minmax_opt_adam_batch_64_act_elu_drop_0.2,server/run_2025_12_27/results/2dsa/cpu/raw/record/2dsa_arch_128_64_scaler_minmax_opt_adam_batch_64_act_elu_drop_0.2,128_64,minmax_opt_adam_batch_64_act_elu_drop_0,adam_batch_64_act_elu_drop_0,64,elu_drop_0,0.2,64,0.2,228.81195551194523,295.13147398140677,582.8821754052229,1390.3506742157397,1250.7076296886726,2254.9233920709858,38,228.81195551194523,43.14250946044922,1390.3506742157397,247196.64306640625,830.2283233642571,295.13147398140677,52.49182891845703,1250.7076296886726,66728.498046875,937.6826782226562,582.8821754052229,43.76304244995117,2254.9233920709858,75424.35791015625,2925.996484375006,,,,,,,,,,,,,,,
2dsa,cpu,raw,record,2dsa_arch_128_64_scaler_minmax_opt_adam_batch_64_act_elu_drop_0.3,server/run_2025_12_27/results/2dsa/cpu/raw/record/2dsa_arch_128_64_scaler_minmax_opt_adam_batch_64_act_elu_drop_0.3,128_64,minmax_opt_adam_batch_64_act_elu_drop_0,adam_batch_64_act_elu_drop_0,64,elu_drop_0,0.3,64,0.3,222.3842290363348,289.5214966488654,606.0296541741199,1373.0302977516158,1227.9063567652013,2341.3528529245596,55,222.3842290363348,52.324724197387695,1373.0302977516158,246798.642578125,825.2185791015615,289.5214966488654,63.664215087890625,1227.9063567652013,65865.06103515625,1041.0667724609375,606.0296541741199,47.677284240722656,2341.3528529245596,75555.89135742188,3024.721875000001,,,,,,,,,,,,,,,
2dsa,cpu,raw,record,2dsa_arch_128_64_scaler_minmax_opt_adam_batch_64_act_relu_drop_0.2,server/run_2025_12_27/results/2dsa/cpu/raw/record/2dsa_arch_128_64_scaler_minmax_opt_adam_batch_64_act_relu_drop_0.2,128_64,minmax_opt_adam_batch_64_act_relu_drop_0,adam_batch_64_act_relu_drop_0,64,relu_drop_0,0.2,64,0.2,209.25723575237456,268.55580684262725,546.5009242765929,1318.1474810901848,1255.0267344239082,2444.3559247715025,84,209.25723575237456,37.7830924987793,1318.1474810901848,246706.0517578125,774.6481750488276,268.55580684262725,39.37923431396485,1255.0267344239082,67703.5263671875,853.9635009765625,546.5009242765929,49.380889892578125,2444.3559247715025,119395.3828125,2319.4008789062527,,,,,,,,,,,,,,,
2dsa,cpu,raw,record,2dsa_arch_128_64_scaler_minmax_opt_adam_batch_64_act_relu_drop_0.3,server/run_2025_12_27/results/2dsa/cpu/raw/record/2dsa_arch_128_64_scaler_minmax_opt_adam_batch_64_act_relu_drop_0.3,128_64,minmax_opt_adam_batch_64_act_relu_drop_0,adam_batch_64_act_relu_drop_0,64,relu_drop_0,0.3,64,0.3,201.92808441087348,289.20717247951757,574.1798232841954,1311.591609338305,1282.7098778468053,2394.210304925697,78,201.92808441087348,29.60462188720703,1311.591609338305,245940.4423828125,748.3483215332021,289.20717247951757,60.47264862060547,1282.7098778468053,67965.130859375,879.60791015625,574.1798232841954,72.46788024902344,2394.210304925697,102755.765625,2418.291943359376,,,,,,,,,,,,,,,
2dsa,cpu,raw,record,2dsa_arch_128_64_scaler_minmax_opt_rmsprop_batch_128_act_elu_drop_0.2,server/run_2025_12_27/results/2dsa/cpu/raw/record/2dsa_arch_128_64_scaler_minmax_opt_rmsprop_batch_128_act_elu_drop_0.2,128_64,minmax_opt_rmsprop_batch_128_act_elu_drop_0,rmsprop_batch_128_act_elu_drop_0,128,elu_drop_0,0.2,128,0.2,219.92056021449508,306.34951385468906,684.6249714717615,1400.4977138376578,1221.9916586238062,2298.225501133748,62,219.92056021449508,50.003273010253906,1400.4977138376578,248310.33129882812,772.1888427734374,306.34951385468906,58.62614440917969,1221.9916586238062,68459.92431640625,1241.797138214111,684.6249714717615,58.55805206298828,2298.225501133748,75815.05187988281,3648.6335937500057,,,,,,,,,,,,,,,
2dsa,cpu,raw,record,2dsa_arch_128_64_scaler_minmax_opt_rmsprop_batch_128_act_elu_drop_0.3,server/run_2025_12_27/results/2dsa/cpu/raw/record/2dsa_arch_128_64_scaler_minmax_opt_rmsprop_batch_128_act_elu_drop_0.3,128_64,minmax_opt_rmsprop_batch_128_act_elu_drop_0,rmsprop_batch_128_act_elu_drop_0,128,elu_drop_0,0.3,128,0.3,215.8838276834832,287.5195322220474,581.885253037752,1429.4411821360045,1255.2595935902189,2190.807143832153,52,215.8838276834832,40.51823806762695,1429.4411821360045,249210.41259765625,803.2977111816402,287.5195322220474,51.464691162109375,1255.2595935902189,68706.4296875,1015.6525268554688,581.885253037752,42.048622131347656,2190.807143832153,75657.38146972656,2991.599609375002,,,,,,,,,,,,,,,
2dsa,cpu,raw,record,2dsa_arch_128_64_scaler_minmax_opt_rmsprop_batch_128_act_relu_drop_0.2,server/run_2025_12_27/results/2dsa/cpu/raw/record/2dsa_arch_128_64_scaler_minmax_opt_rmsprop_batch_128_act_relu_drop_0.2,128_64,minmax_opt_rmsprop_batch_128_act_relu_drop_0,rmsprop_batch_128_act_relu_drop_0,128,relu_drop_0,0.2,128,0.2,210.27577625755765,285.97935980672105,614.8515887006164,1424.1519674709475,1314.605470816507,2329.933771737284,35,210.27577625755765,31.187790870666504,1424.1519674709475,249261.4978027344,804.9626708984374,285.97935980672105,40.18939208984375,1314.605470816507,70005.81811523438,1017.43408203125,614.8515887006164,69.43359375,2329.933771737284,106678.9296875,3027.0528442382815,,,,,,,,,,,,,,,
2dsa,cpu,raw,record,2dsa_arch_128_64_scaler_minmax_opt_rmsprop_batch_128_act_relu_drop_0.3,server/run_2025_12_27/results/2dsa/cpu/raw/record/2dsa_arch_128_64_scaler_minmax_opt_rmsprop_batch_128_act_relu_drop_0.3,128_64,minmax_opt_rmsprop_batch_128_act_relu_drop_0,rmsprop_batch_128_act_relu_drop_0,128,relu_drop_0,0.3,128,0.3,222.8296821841533,297.464003610565,620.7610930631984,1440.43070486402,1328.25244961437,2316.3491371493974,35,222.8296821841533,31.72059917449951,1440.43070486402,249499.3377685547,828.3962158203119,297.464003610565,43.6314811706543,1328.25244961437,70935.94995117188,1024.008056640625,620.7610930631984,70.48670768737793,2316.3491371493974,104653.921875,2956.4010742187525,,,,,,,,,,,,,,,
2dsa,cpu,raw,record,2dsa_arch_128_64_scaler_minmax_opt_rmsprop_batch_64_act_elu_drop_0.2,server/run_2025_12_27/results/2dsa/cpu/raw/record/2dsa_arch_128_64_scaler_minmax_opt_rmsprop_batch_64_act_elu_drop_0.2,128_64,minmax_opt_rmsprop_batch_64_act_elu_drop_0,rmsprop_batch_64_act_elu_drop_0,64,elu_drop_0,0.2,64,0.2,207.36060174808657,293.57290231320377,659.0533057470287,1409.7160761660757,1246.009849503086,2256.055828409985,53,207.36060174808657,44.37172317504883,1409.7160761660757,248726.0517578125,732.4713592529291,293.57290231320377,54.94013214111328,1246.009849503086,68247.7470703125,1127.169677734375,659.0533057470287,56.419525146484375,2256.055828409985,76447.38879394531,3566.156640625002,,,,,,,,,,,,,,,
2dsa,cpu,raw,record,2dsa_arch_128_64_scaler_minmax_opt_rmsprop_batch_64_act_elu_drop_0.3,server/run_2025_12_27/results/2dsa/cpu/raw/record/2dsa_arch_128_64_scaler_minmax_opt_rmsprop_batch_64_act_elu_drop_0.3,128_64,minmax_opt_rmsprop_batch_64_act_elu_drop_0,rmsprop_batch_64_act_elu_drop_0,64,elu_drop_0,0.3,64,0.3,211.2623814591468,275.5329454801618,592.1305202919277,1411.4797602234694,1237.4070891912074,2190.611929569112,77,211.2623814591468,52.696197509765625,1411.4797602234694,248527.47338867188,683.1954498291009,275.5329454801618,62.070701599121094,1237.4070891912074,68476.45947265625,959.6151580810548,592.1305202919277,49.23253631591797,2190.611929569112,76253.7333984375,3019.6100097656263,,,,,,,,,,,,,,,
2dsa,cpu,raw,record,2dsa_arch_128_64_scaler_minmax_opt_rmsprop_batch_64_act_relu_drop_0.2,server/run_2025_12_27/results/2dsa/cpu/raw/record/2dsa_arch_128_64_scaler_minmax_opt_rmsprop_batch_64_act_relu_drop_0.2,128_64,minmax_opt_rmsprop_batch_64_act_relu_drop_0,rmsprop_batch_64_act_relu_drop_0,64,relu_drop_0,0.2,64,0.2,220.2212370223479,282.50125408497894,596.2176766919929,1454.594411606741,1341.1511119627685,2453.464563366113,27,220.2212370223479,30.490543365478516,1454.594411606741,249929.17504882812,806.2745544433593,282.50125408497894,34.03373718261719,1341.1511119627685,71637.66357421875,896.1731948852539,596.2176766919929,45.968475341796875,2453.464563366113,150579.90625,3041.7396972656275,,,,,,,,,,,,,,,
2dsa,cpu,raw,record,2dsa_arch_128_64_scaler_minmax_opt_rmsprop_batch_64_act_relu_drop_0.3,server/run_2025_12_27/results/2dsa/cpu/raw/record/2dsa_arch_128_64_scaler_minmax_opt_rmsprop_batch_64_act_relu_drop_0.3,128_64,minmax_opt_rmsprop_batch_64_act_relu_drop_0,rmsprop_batch_64_act_relu_drop_0,64,relu_drop_0,0.3,64,0.3,186.80333184719055,250.15826167967427,519.5880757356681,1355.33008517265,1235.792470809831,3212.9549359083467,100,186.80333184719055,30.411327362060547,1355.33008517265,248293.9978027344,683.1158569335929,250.15826167967427,36.01111602783203,1235.792470809831,68144.7509765625,733.8466186523438,519.5880757356681,36.68661117553711,3212.9549359083467,350387.1875,2133.9168945312535,,,,,,,,,,,,,,,
2dsa,cpu,raw,record,2dsa_arch_128_64_scaler_standard_opt_adam_batch_128_act_elu_drop_0.2,server/run_2025_12_27/results/2dsa/cpu/raw/record/2dsa_arch_128_64_scaler_standard_opt_adam_batch_128_act_elu_drop_0.2,128_64,standard_opt_adam_batch_128_act_elu_drop_0,adam_batch_128_act_elu_drop_0,128,elu_drop_0,0.2,128,0.2,218.26330791507797,332.27178308289143,585.3683936851255,1340.9268342117712,1331.8913840373016,2143.0060949388026,18,218.26330791507797,44.54951095581055,1340.9268342117712,244752.669921875,836.9669982910154,332.27178308289143,45.54948806762695,1331.8913840373016,66624.15283203125,1390.0758056640625,585.3683936851255,45.54951095581055,2143.0060949388026,74948.41967773438,2911.62119140625,,,,,,,,,,,,,,,
2dsa,cpu,raw,record,2dsa_arch_128_64_scaler_standard_opt_adam_batch_128_act_elu_drop_0.3,server/run_2025_12_27/results/2dsa/cpu/raw/record/2dsa_arch_128_64_scaler_standard_opt_adam_batch_128_act_elu_drop_0.3,128_64,standard_opt_adam_batch_128_act_elu_drop_0,adam_batch_128_act_elu_drop_0,128,elu_drop_0,0.3,128,0.3,214.8984905437906,330.2542120983515,547.6433840912871,1356.2433038085626,1353.2424056433397,2120.068876492929,17,214.8984905437906,21.607566833496097,1356.2433038085626,245654.30810546875,856.723527526855,330.2542120983515,31.19769287109375,1353.2424056433397,66772.7744140625,1300.6097412109375,547.6433840912871,52.92162132263184,2120.068876492929,74460.70190429688,2754.22822265625,,,,,,,,,,,,,,,
2dsa,cpu,raw,record,2dsa_arch_128_64_scaler_standard_opt_adam_batch_128_act_relu_drop_0.2,server/run_2025_12_27/results/2dsa/cpu/raw/record/2dsa_arch_128_64_scaler_standard_opt_adam_batch_128_act_relu_drop_0.2,128_64,standard_opt_adam_batch_128_act_relu_drop_0,adam_batch_128_act_relu_drop_0,128,relu_drop_0,0.2,128,0.2,216.88130330638276,294.45294085686277,516.700365395106,1351.2837029532582,1324.775244784155,2163.342557968987,43,216.88130330638276,32.85845470428467,1351.2837029532582,246791.095703125,836.5986846923827,294.45294085686277,49.39067840576172,1324.775244784155,71315.779296875,941.7175903320312,516.700365395106,53.99757385253906,2163.342557968987,75033.76098632812,2298.444287109378,,,,,,,,,,,,,,,
2dsa,cpu,raw,record,2dsa_arch_128_64_scaler_standard_opt_adam_batch_128_act_relu_drop_0.3,server/run_2025_12_27/results/2dsa/cpu/raw/record/2dsa_arch_128_64_scaler_standard_opt_adam_batch_128_act_relu_drop_0.3,128_64,standard_opt_adam_batch_128_act_relu_drop_0,adam_batch_128_act_relu_drop_0,128,relu_drop_0,0.3,128,0.3,215.2233129765227,285.5181483245598,529.4519718317122,1351.6115573943675,1344.7467518860096,2221.550420462902,55,215.2233129765227,30.98359489440918,1351.6115573943675,246278.23193359375,820.4896240234359,285.5181483245598,43.480695724487305,1344.7467518860096,72387.04052734375,899.6218566894531,529.4519718317122,78.45306396484375,2221.550420462902,74927.30078125,2304.690673828125,,,,,,,,,,,,,,,
2dsa,cpu,raw,record,2dsa_arch_128_64_scaler_standard_opt_adam_batch_64_act_elu_drop_0.2,server/run_2025_12_27/results/2dsa/cpu/raw/record/2dsa_arch_128_64_scaler_standard_opt_adam_batch_64_act_elu_drop_0.2,128_64,standard_opt_adam_batch_64_act_elu_drop_0,adam_batch_64_act_elu_drop_0,64,elu_drop_0,0.2,64,0.2,209.92024577856856,325.3238879940493,583.1349951602508,1320.6159421716766,1333.6298462104037,2163.3388659211223,18,209.92024577856856,31.993091583251953,1320.6159421716766,243865.64794921875,794.3402832031243,325.3238879940493,33.006900787353516,1333.6298462104037,64669.4306640625,1393.1193237304688,583.1349951602508,49.00876235961914,2163.3388659211223,75435.98364257812,2928.358251953125,,,,,,,,,,,,,,,
2dsa,cpu,raw,record,2dsa_arch_128_64_scaler_standard_opt_adam_batch_64_act_elu_drop_0.3,server/run_2025_12_27/results/2dsa/cpu/raw/record/2dsa_arch_128_64_scaler_standard_opt_adam_batch_64_act_elu_drop_0.3,128_64,standard_opt_adam_batch_64_act_elu_drop_0,adam_batch_64_act_elu_drop_0,64,elu_drop_0,0.3,64,0.3,210.23165749546683,304.5143776926571,529.4524122962382,1353.6550774879076,1354.6758151483957,2127.0081812075464,15,210.23165749546683,23.688201904296875,1353.6550774879076,246164.42431640625,821.5219192504877,304.5143776926571,25.587825775146484,1354.6758151483957,66828.28076171875,1153.2078247070312,529.4524122962382,44.058048248291016,2127.0081812075464,75079.39965820312,2647.9006835937507,,,,,,,,,,,,,,,
2dsa,cpu,raw,record,2dsa_arch_128_64_scaler_standard_opt_adam_batch_64_act_relu_drop_0.2,server/run_2025_12_27/results/2dsa/cpu/raw/record/2dsa_arch_128_64_scaler_standard_opt_adam_batch_64_act_relu_drop_0.2,128_64,standard_opt_adam_batch_64_act_relu_drop_0,adam_batch_64_act_relu_drop_0,64,relu_drop_0,0.2,64,0.2,221.8062576352222,310.78081169091627,573.543848760838,1327.784892538495,1311.504065848823,2217.1471273499064,56,221.8062576352222,32.8320894241333,1327.784892538495,245674.001953125,867.6029907226558,310.78081169091627,58.80873107910156,1311.504065848823,70265.0751953125,1046.12109375,573.543848760838,66.93798065185547,2217.1471273499064,75521.92358398438,2716.643505859376,,,,,,,,,,,,,,,
2dsa,cpu,raw,record,2dsa_arch_128_64_scaler_standard_opt_adam_batch_64_act_relu_drop_0.3,server/run_2025_12_27/results/2dsa/cpu/raw/record/2dsa_arch_128_64_scaler_standard_opt_adam_batch_64_act_relu_drop_0.3,128_64,standard_opt_adam_batch_64_act_relu_drop_0,adam_batch_64_act_relu_drop_0,64,relu_drop_0,0.3,64,0.3,223.43286268257225,297.25124000522084,557.0366992836931,1361.7791640518858,1345.708115340884,2177.992409107372,44,223.43286268257225,28.031700134277344,1361.7791640518858,247036.39599609375,869.563067626953,297.25124000522084,45.11298370361328,1345.708115340884,71833.82421875,1034.7267541885376,557.0366992836931,69.718017578125,2177.992409107372,74700.09326171875,2473.547753906254,,,,,,,,,,,,,,,
2dsa,cpu,raw,record,2dsa_arch_128_64_scaler_standard_opt_rmsprop_batch_128_act_elu_drop_0.2,server/run_2025_12_27/results/2dsa/cpu/raw/record/2dsa_arch_128_64_scaler_standard_opt_rmsprop_batch_128_act_elu_drop_0.2,128_64,standard_opt_rmsprop_batch_128_act_elu_drop_0,rmsprop_batch_128_act_elu_drop_0,128,elu_drop_0,0.2,128,0.2,196.82518623831209,280.3465499875462,532.6583080734342,1353.7265749587336,1282.089073776392,2131.2817574309433,30,196.82518623831209,39.843257904052734,1353.7265749587336,245625.77587890625,706.3109558105468,280.3465499875462,40.843257904052734,1282.089073776392,68077.39453125,1129.8459777832031,532.6583080734342,57.89289855957031,2131.2817574309433,76516.58764648438,2457.4923339843763,,,,,,,,,,,,,,,
2dsa,cpu,raw,record,2dsa_arch_128_64_scaler_standard_opt_rmsprop_batch_128_act_elu_drop_0.3,server/run_2025_12_27/results/2dsa/cpu/raw/record/2dsa_arch_128_64_scaler_standard_opt_rmsprop_batch_128_act_elu_drop_0.3,128_64,standard_opt_rmsprop_batch_128_act_elu_drop_0,rmsprop_batch_128_act_elu_drop_0,128,elu_drop_0,0.3,128,0.3,195.10348475395696,271.9565780888594,528.8628004583674,1361.3097745356315,1305.381575605957,2146.7961864372496,34,195.10348475395696,39.125431060791016,1361.3097745356315,245372.2587890625,697.8513122558593,271.9565780888594,40.05560302734375,1305.381575605957,69100.5703125,971.614288330078,528.8628004583674,42.62955474853515,2146.7961864372496,76557.8656616211,2612.5138671875047,,,,,,,,,,,,,,,
2dsa,cpu,raw,record,2dsa_arch_128_64_scaler_standard_opt_rmsprop_batch_128_act_relu_drop_0.2,server/run_2025_12_27/results/2dsa/cpu/raw/record/2dsa_arch_128_64_scaler_standard_opt_rmsprop_batch_128_act_relu_drop_0.2,128_64,standard_opt_rmsprop_batch_128_act_relu_drop_0,rmsprop_batch_128_act_relu_drop_0,128,relu_drop_0,0.2,128,0.2,192.71675936688237,322.6371792630765,611.9853503961148,3990.9962806555873,1313.8605725614132,2209.981845385367,55,192.71675936688237,30.04971694946289,3990.9962806555873,1669031.0,686.9786447525024,322.6371792630765,61.96607971191406,1313.8605725614132,70233.46557617188,1171.5897216796875,611.9853503961148,75.43548583984375,2209.981845385367,76739.97143554688,2989.99233398438,,,,,,,,,,,,,,,
2dsa,cpu,raw,record,2dsa_arch_128_64_scaler_standard_opt_rmsprop_batch_128_act_relu_drop_0.3,server/run_2025_12_27/results/2dsa/cpu/raw/record/2dsa_arch_128_64_scaler_standard_opt_rmsprop_batch_128_act_relu_drop_0.3,128_64,standard_opt_rmsprop_batch_128_act_relu_drop_0,rmsprop_batch_128_act_relu_drop_0,128,relu_drop_0,0.3,128,0.3,193.2088872924948,307.25603415738277,611.0493521286695,4538.038455818134,1322.1997173504978,2201.811452803825,50,193.2088872924948,30.054767608642575,4538.038455818134,1925450.0,652.8465576171875,307.25603415738277,46.33547496795654,1322.1997173504978,70910.69750976562,963.1945419311523,611.0493521286695,68.16246032714844,2201.811452803825,76566.09100341797,3060.1805175781265,,,,,,,,,,,,,,,
2dsa,cpu,raw,record,2dsa_arch_128_64_scaler_standard_opt_rmsprop_batch_64_act_elu_drop_0.2,server/run_2025_12_27/results/2dsa/cpu/raw/record/2dsa_arch_128_64_scaler_standard_opt_rmsprop_batch_64_act_elu_drop_0.2,128_64,standard_opt_rmsprop_batch_64_act_elu_drop_0,rmsprop_batch_64_act_elu_drop_0,64,elu_drop_0,0.2,64,0.2,198.572142465253,282.8583567743875,540.3775242268289,1363.795670371387,1302.6335443049468,2125.6548699265913,25,198.572142465253,32.281402587890625,1363.795670371387,245846.830078125,725.1752929687498,282.8583567743875,40.33314514160156,1302.6335443049468,68675.56787109375,1111.5823822021484,540.3775242268289,51.271705627441406,2125.6548699265913,76555.24890136719,2608.846801757813,,,,,,,,,,,,,,,
2dsa,cpu,raw,record,2dsa_arch_128_64_scaler_standard_opt_rmsprop_batch_64_act_elu_drop_0.3,server/run_2025_12_27/results/2dsa/cpu/raw/record/2dsa_arch_128_64_scaler_standard_opt_rmsprop_batch_64_act_elu_drop_0.3,128_64,standard_opt_rmsprop_batch_64_act_elu_drop_0,rmsprop_batch_64_act_elu_drop_0,64,elu_drop_0,0.3,64,0.3,194.2707172474664,275.734409425644,532.8470912336016,1372.6004144133417,1312.8093444970727,2147.9982979087044,28,194.2707172474664,34.08911895751953,1372.6004144133417,245521.107421875,686.1144329071042,275.734409425644,45.955535888671875,1312.8093444970727,70464.69458007812,920.10107421875,532.8470912336016,50.486114501953125,2147.9982979087044,76632.53930664062,2604.5338867187515,,,,,,,,,,,,,,,
2dsa,cpu,raw,record,2dsa_arch_128_64_scaler_standard_opt_rmsprop_batch_64_act_relu_drop_0.2,server/run_2025_12_27/results/2dsa/cpu/raw/record/2dsa_arch_128_64_scaler_standard_opt_rmsprop_batch_64_act_relu_drop_0.2,128_64,standard_opt_rmsprop_batch_64_act_relu_drop_0,rmsprop_batch_64_act_relu_drop_0,64,relu_drop_0,0.2,64,0.2,191.87488535894855,316.8754511556394,573.6655328145852,3701.2942521421865,1318.0496105130044,2215.4790422214423,34,191.87488535894855,29.569812774658203,3701.2942521421865,1526646.0,666.2819454193115,316.8754511556394,60.979448318481445,1318.0496105130044,70826.529296875,1104.3038330078125,573.6655328145852,62.29240417480469,2215.4790422214423,76702.50830078125,2688.353857421875,,,,,,,,,,,,,,,
2dsa,cpu,raw,record,2dsa_arch_128_64_scaler_standard_opt_rmsprop_batch_64_act_relu_drop_0.3,server/run_2025_12_27/results/2dsa/cpu/raw/record/2dsa_arch_128_64_scaler_standard_opt_rmsprop_batch_64_act_relu_drop_0.3,128_64,standard_opt_rmsprop_batch_64_act_relu_drop_0,rmsprop_batch_64_act_relu_drop_0,64,relu_drop_0,0.3,64,0.3,172.8280419940023,269.6105142181817,562.6618852397985,5345.147722449027,1284.700725503913,2180.474706499316,60,172.8280419940023,30.939422607421875,5345.147722449027,2303721.25,525.7671936035151,269.6105142181817,50.24353790283203,1284.700725503913,71330.97216796875,844.2493286132812,562.6618852397985,48.42594909667969,2180.474706499316,76678.73260498047,2585.5240234375024,,,,,,,,,,,,,,,
2dsa,cpu,raw,record,2dsa_arch_64_32_scaler_minmax_opt_adam_batch_128_act_elu_drop_0.2,server/run_2025_12_27/results/2dsa/cpu/raw/record/2dsa_arch_64_32_scaler_minmax_opt_adam_batch_128_act_elu_drop_0.2,64_32,minmax_opt_adam_batch_128_act_elu_drop_0,adam_batch_128_act_elu_drop_0,128,elu_drop_0,0.2,128,0.2,228.8907692042835,295.1333263777735,604.5509521674468,1384.7308991756972,1282.476274938199,2271.048152212169,60,228.8907692042835,55.87967300415039,1384.7308991756972,244571.919921875,819.2526199340816,295.1333263777735,59.14688491821289,1282.476274938199,67480.4716796875,1022.5559387207032,604.5509521674468,37.68326568603515,2271.048152212169,75259.07934570312,3068.589062500003,,,,,,,,,,,,,,,
2dsa,cpu,raw,record,2dsa_arch_64_32_scaler_minmax_opt_adam_batch_128_act_elu_drop_0.3,server/run_2025_12_27/results/2dsa/cpu/raw/record/2dsa_arch_64_32_scaler_minmax_opt_adam_batch_128_act_elu_drop_0.3,64_32,minmax_opt_adam_batch_128_act_elu_drop_0,adam_batch_128_act_elu_drop_0,128,elu_drop_0,0.3,128,0.3,239.44768398060015,309.31269550478277,587.2532525553721,1390.0666200764988,1296.7359488215527,2213.5807252652435,63,239.44768398060015,78.85772705078125,1390.0666200764988,244894.1494140625,783.8006599426268,309.31269550478277,79.18624877929688,1296.7359488215527,67566.5546875,1032.145751953125,587.2532525553721,75.85772705078125,2213.5807252652435,75387.18505859375,2916.3714355468796,,,,,,,,,,,,,,,
2dsa,cpu,raw,record,2dsa_arch_64_32_scaler_minmax_opt_adam_batch_128_act_relu_drop_0.2,server/run_2025_12_27/results/2dsa/cpu/raw/record/2dsa_arch_64_32_scaler_minmax_opt_adam_batch_128_act_relu_drop_0.2,64_32,minmax_opt_adam_batch_128_act_relu_drop_0,adam_batch_128_act_relu_drop_0,128,relu_drop_0,0.2,128,0.2,230.289405577764,304.5679995852288,623.0270810054465,1375.2953482515993,1328.2236906782734,2307.467126787744,61,230.289405577764,34.12299728393555,1375.2953482515993,248029.0546875,851.767601776123,304.5679995852288,41.377742767333984,1328.2236906782734,68158.0107421875,1084.448616027832,623.0270810054465,78.47952270507812,2307.467126787744,75832.99389648438,2823.849609375002,,,,,,,,,,,,,,,
2dsa,cpu,raw,record,2dsa_arch_64_32_scaler_minmax_opt_adam_batch_128_act_relu_drop_0.3,server/run_2025_12_27/results/2dsa/cpu/raw/record/2dsa_arch_64_32_scaler_minmax_opt_adam_batch_128_act_relu_drop_0.3,64_32,minmax_opt_adam_batch_128_act_relu_drop_0,adam_batch_128_act_relu_drop_0,128,relu_drop_0,0.3,128,0.3,216.10959476777296,274.9863023950639,511.0334241245818,1327.2068996310447,1302.289527392678,2293.5732147034564,100,216.10959476777296,45.97686767578125,1327.2068996310447,245257.63525390625,775.0879852294909,274.9863023950639,46.57911682128906,1302.289527392678,68030.0439453125,846.7709350585938,511.0334241245818,49.23133850097656,2293.5732147034564,76611.50994873047,2190.9114990234384,,,,,,,,,,,,,,,
2dsa,cpu,raw,record,2dsa_arch_64_32_scaler_minmax_opt_adam_batch_64_act_elu_drop_0.2,server/run_2025_12_27/results/2dsa/cpu/raw/record/2dsa_arch_64_32_scaler_minmax_opt_adam_batch_64_act_elu_drop_0.2,64_32,minmax_opt_adam_batch_64_act_elu_drop_0,adam_batch_64_act_elu_drop_0,64,elu_drop_0,0.2,64,0.2,229.7693460936421,307.76756393640534,620.8537635490513,1382.7289066594244,1296.057147342554,2268.4841886908735,52,229.7693460936421,60.88243865966797,1382.7289066594244,244435.68310546875,830.094457244873,307.76756393640534,64.016845703125,1296.057147342554,67112.94140625,1134.7540893554688,620.8537635490513,48.48484802246094,2268.4841886908735,75168.26000976562,3181.733398437503,,,,,,,,,,,,,,,
2dsa,cpu,raw,record,2dsa_arch_64_32_scaler_minmax_opt_adam_batch_64_act_elu_drop_0.3,server/run_2025_12_27/results/2dsa/cpu/raw/record/2dsa_arch_64_32_scaler_minmax_opt_adam_batch_64_act_elu_drop_0.3,64_32,minmax_opt_adam_batch_64_act_elu_drop_0,adam_batch_64_act_elu_drop_0,64,elu_drop_0,0.3,64,0.3,253.4653695835991,320.1558480726346,599.1116700161994,1399.5096209819578,1294.3554628043694,2191.6602918696735,44,253.4653695835991,97.08981323242188,1399.5096209819578,245644.65234375,850.2797157287586,320.1558480726346,98.08981323242188,1294.3554628043694,68291.13232421875,1074.5614013671875,599.1116700161994,94.08981323242188,2191.6602918696735,75374.74291992188,2828.37080078125,,,,,,,,,,,,,,,
2dsa,cpu,raw,record,2dsa_arch_64_32_scaler_minmax_opt_adam_batch_64_act_relu_drop_0.2,server/run_2025_12_27/results/2dsa/cpu/raw/record/2dsa_arch_64_32_scaler_minmax_opt_adam_batch_64_act_relu_drop_0.2,64_32,minmax_opt_adam_batch_64_act_relu_drop_0,adam_batch_64_act_relu_drop_0,64,relu_drop_0,0.2,64,0.2,212.1110293194659,284.2569879834736,573.6004118637284,1361.7445782637312,1306.850418262297,2324.4160333551304,65,212.1110293194659,24.342960357666016,1361.7445782637312,247902.88037109375,789.8760131835935,284.2569879834736,32.2176513671875,1306.850418262297,68743.208984375,932.5401306152344,573.6004118637284,61.75701904296875,2324.4160333551304,76209.88354492188,2330.24130859375,,,,,,,,,,,,,,,
2dsa,cpu,raw,record,2dsa_arch_64_32_scaler_minmax_opt_adam_batch_64_act_relu_drop_0.3,server/run_2025_12_27/results/2dsa/cpu/raw/record/2dsa_arch_64_32_scaler_minmax_opt_adam_batch_64_act_relu_drop_0.3,64_32,minmax_opt_adam_batch_64_act_relu_drop_0,adam_batch_64_act_relu_drop_0,64,relu_drop_0,0.3,64,0.3,215.63188434152383,296.67240954186866,581.7954517034116,1353.8960631334628,1301.8820689400736,2332.7796885525254,72,215.63188434152383,39.974327087402344,1353.8960631334628,247547.80224609375,779.0339225769042,296.67240954186866,45.899169921875,1301.8820689400736,68366.36083984375,980.2473449707032,581.7954517034116,71.47958374023438,2332.7796885525254,76089.71911621094,2694.866113281253,,,,,,,,,,,,,,,
2dsa,cpu,raw,record,2dsa_arch_64_32_scaler_minmax_opt_rmsprop_batch_128_act_elu_drop_0.2,server/run_2025_12_27/results/2dsa/cpu/raw/record/2dsa_arch_64_32_scaler_minmax_opt_rmsprop_batch_128_act_elu_drop_0.2,64_32,minmax_opt_rmsprop_batch_128_act_elu_drop_0,rmsprop_batch_128_act_elu_drop_0,128,elu_drop_0,0.2,128,0.2,216.4454484589098,302.2961367429241,613.1552334412116,1411.7277816245737,1262.707326465715,2221.3646520669627,73,216.4454484589098,43.51258850097656,1411.7277816245737,247703.78833007812,788.1492980957024,302.2961367429241,50.832977294921875,1262.707326465715,68536.0908203125,1354.0124893188477,613.1552334412116,45.82041549682617,2221.3646520669627,75805.2607421875,2989.50439453125,,,,,,,,,,,,,,,
2dsa,cpu,raw,record,2dsa_arch_64_32_scaler_minmax_opt_rmsprop_batch_128_act_elu_drop_0.3,server/run_2025_12_27/results/2dsa/cpu/raw/record/2dsa_arch_64_32_scaler_minmax_opt_rmsprop_batch_128_act_elu_drop_0.3,64_32,minmax_opt_rmsprop_batch_128_act_elu_drop_0,rmsprop_batch_128_act_elu_drop_0,128,elu_drop_0,0.3,128,0.3,219.782247864859,294.0537778786127,591.945665424843,1422.41157588326,1258.9240430228986,2197.8454919642704,76,219.782247864859,42.60886764526367,1422.41157588326,248620.94897460935,801.773419189453,294.0537778786127,44.60886764526367,1258.9240430228986,70436.85815429688,1266.6220092773438,591.945665424843,42.393096923828125,2197.8454919642704,75766.31005859375,2801.688269042969,,,,,,,,,,,,,,,
2dsa,cpu,raw,record,2dsa_arch_64_32_scaler_minmax_opt_rmsprop_batch_128_act_relu_drop_0.2,server/run_2025_12_27/results/2dsa/cpu/raw/record/2dsa_arch_64_32_scaler_minmax_opt_rmsprop_batch_128_act_relu_drop_0.2,64_32,minmax_opt_rmsprop_batch_128_act_relu_drop_0,rmsprop_batch_128_act_relu_drop_0,128,relu_drop_0,0.2,128,0.2,212.0670576209317,289.48779496960185,619.7241558482506,1425.4353907736793,1322.994783438811,2366.833062386314,53,212.0670576209317,26.935001373291016,1425.4353907736793,249358.39038085935,824.3261291503906,289.48779496960185,37.590545654296875,1322.994783438811,70314.4345703125,1029.0549812316897,619.7241558482506,54.02125549316406,2366.833062386314,111912.625,3277.6524414062537,,,,,,,,,,,,,,,
2dsa,cpu,raw,record,2dsa_arch_64_32_scaler_minmax_opt_rmsprop_batch_128_act_relu_drop_0.3,server/run_2025_12_27/results/2dsa/cpu/raw/record/2dsa_arch_64_32_scaler_minmax_opt_rmsprop_batch_128_act_relu_drop_0.3,64_32,minmax_opt_rmsprop_batch_128_act_relu_drop_0,rmsprop_batch_128_act_relu_drop_0,128,relu_drop_0,0.3,128,0.3,230.23244693881983,299.0832289069753,631.3961044029143,1444.5127683012004,1332.6447147341448,2372.919278705275,47,230.23244693881983,30.932214736938477,1444.5127683012004,249619.3232421875,853.2167510986316,299.0832289069753,38.79340362548828,1332.6447147341448,71043.12768554688,980.7822189331056,631.3961044029143,78.38249206542969,2372.919278705275,119906.4375,3111.4866210937503,,,,,,,,,,,,,,,
2dsa,cpu,raw,record,2dsa_arch_64_32_scaler_minmax_opt_rmsprop_batch_64_act_elu_drop_0.2,server/run_2025_12_27/results/2dsa/cpu/raw/record/2dsa_arch_64_32_scaler_minmax_opt_rmsprop_batch_64_act_elu_drop_0.2,64_32,minmax_opt_rmsprop_batch_64_act_elu_drop_0,rmsprop_batch_64_act_elu_drop_0,64,elu_drop_0,0.2,64,0.2,219.48285805840385,289.0444492361983,592.0036944872832,1431.602845377861,1274.3216328177489,2201.6726010650373,55,219.48285805840385,45.66278839111328,1431.602845377861,248603.427734375,773.8616180419922,289.0444492361983,46.66278839111328,1274.3216328177489,70139.279296875,1193.813720703125,592.0036944872832,44.66278839111328,2201.6726010650373,76064.61389160156,2937.7991210937503,,,,,,,,,,,,,,,
2dsa,cpu,raw,record,2dsa_arch_64_32_scaler_minmax_opt_rmsprop_batch_64_act_elu_drop_0.3,server/run_2025_12_27/results/2dsa/cpu/raw/record/2dsa_arch_64_32_scaler_minmax_opt_rmsprop_batch_64_act_elu_drop_0.3,64_32,minmax_opt_rmsprop_batch_64_act_elu_drop_0,rmsprop_batch_64_act_elu_drop_0,64,elu_drop_0,0.3,64,0.3,220.27452098885104,300.2569933971811,615.6568136097887,1436.1407258827692,1296.8440376244157,2199.1659108009003,61,220.27452098885104,60.99767303466797,1436.1407258827692,248530.87060546875,721.7936370849603,300.2569933971811,75.95452880859375,1296.8440376244157,70173.439453125,1190.654052734375,615.6568136097887,66.71211242675781,2199.1659108009003,76133.2578125,3309.517675781251,,,,,,,,,,,,,,,
2dsa,cpu,raw,record,2dsa_arch_64_32_scaler_minmax_opt_rmsprop_batch_64_act_relu_drop_0.2,server/run_2025_12_27/results/2dsa/cpu/raw/record/2dsa_arch_64_32_scaler_minmax_opt_rmsprop_batch_64_act_relu_drop_0.2,64_32,minmax_opt_rmsprop_batch_64_act_relu_drop_0,rmsprop_batch_64_act_relu_drop_0,64,relu_drop_0,0.2,64,0.2,223.4801869112068,294.91128093258425,639.9285984290664,1439.6628397613213,1319.6220212238743,2493.8053903557334,40,223.4801869112068,32.30830001831055,1439.6628397613213,249358.71997070312,797.0835693359365,294.91128093258425,41.05241394042969,1319.6220212238743,70984.83325195312,973.9883422851562,639.9285984290664,68.37244415283203,2493.8053903557334,162439.296875,3247.755712890625,,,,,,,,,,,,,,,
2dsa,cpu,raw,record,2dsa_arch_64_32_scaler_minmax_opt_rmsprop_batch_64_act_relu_drop_0.3,server/run_2025_12_27/results/2dsa/cpu/raw/record/2dsa_arch_64_32_scaler_minmax_opt_rmsprop_batch_64_act_relu_drop_0.3,64_32,minmax_opt_rmsprop_batch_64_act_relu_drop_0,rmsprop_batch_64_act_relu_drop_0,64,relu_drop_0,0.3,64,0.3,216.88774182550017,288.1604266036909,636.6787105139513,1442.5501743631523,1327.1500613845424,2649.329362084009,47,216.88774182550017,34.18406677246094,1442.5501743631523,249475.03369140625,761.3432800292959,288.1604266036909,43.6147575378418,1327.1500613845424,70898.58935546875,922.4474182128906,636.6787105139513,84.84280395507812,2649.329362084009,206929.3125,3046.618164062501,,,,,,,,,,,,,,,
2dsa,cpu,raw,record,2dsa_arch_64_32_scaler_standard_opt_adam_batch_128_act_elu_drop_0.2,server/run_2025_12_27/results/2dsa/cpu/raw/record/2dsa_arch_64_32_scaler_standard_opt_adam_batch_128_act_elu_drop_0.2,64_32,standard_opt_adam_batch_128_act_elu_drop_0,adam_batch_128_act_elu_drop_0,128,elu_drop_0,0.2,128,0.2,216.27333831379943,313.6799180271939,559.2774008574439,1345.0240300452706,1340.8030526803875,2138.2433722789,23,216.27333831379943,44.553192138671875,1345.0240300452706,246735.92626953125,822.8088439941404,313.6799180271939,44.553192138671875,1340.8030526803875,67405.37890625,1148.7757568359375,559.2774008574439,44.615814208984375,2138.2433722789,75382.26635742188,2796.170312500001,,,,,,,,,,,,,,,
2dsa,cpu,raw,record,2dsa_arch_64_32_scaler_standard_opt_adam_batch_128_act_elu_drop_0.3,server/run_2025_12_27/results/2dsa/cpu/raw/record/2dsa_arch_64_32_scaler_standard_opt_adam_batch_128_act_elu_drop_0.3,64_32,standard_opt_adam_batch_128_act_elu_drop_0,adam_batch_128_act_elu_drop_0,128,elu_drop_0,0.3,128,0.3,219.04016436424905,300.11348985632424,539.3391989851582,1379.5166293686225,1369.41456157071,2136.711047578812,22,219.04016436424905,45.17513656616211,1379.5166293686225,248896.95043945312,858.2415557861316,300.11348985632424,46.17513656616211,1369.41456157071,70152.4345703125,1006.6589336395264,539.3391989851582,47.5238037109375,2136.711047578812,75366.20288085938,2525.851123046877,,,,,,,,,,,,,,,
2dsa,cpu,raw,record,2dsa_arch_64_32_scaler_standard_opt_adam_batch_128_act_relu_drop_0.2,server/run_2025_12_27/results/2dsa/cpu/raw/record/2dsa_arch_64_32_scaler_standard_opt_adam_batch_128_act_relu_drop_0.2,64_32,standard_opt_adam_batch_128_act_relu_drop_0,adam_batch_128_act_relu_drop_0,128,relu_drop_0,0.2,128,0.2,225.5211249718835,276.72375626056015,534.94906026583,1368.3513231720258,1347.2480319935946,2204.2230902729534,61,225.5211249718835,33.2982177734375,1368.3513231720258,246713.9921875,879.3463600158691,276.72375626056015,49.25672721862793,1347.2480319935946,72072.49365234375,933.1903686523438,534.94906026583,72.29367065429688,2204.2230902729534,74966.65356445312,2413.1121582031296,,,,,,,,,,,,,,,
2dsa,cpu,raw,record,2dsa_arch_64_32_scaler_standard_opt_adam_batch_128_act_relu_drop_0.3,server/run_2025_12_27/results/2dsa/cpu/raw/record/2dsa_arch_64_32_scaler_standard_opt_adam_batch_128_act_relu_drop_0.3,64_32,standard_opt_adam_batch_128_act_relu_drop_0,adam_batch_128_act_relu_drop_0,128,relu_drop_0,0.3,128,0.3,214.97127227023967,301.3371051771864,557.5602232156408,1331.6016713711376,1355.497715311718,2326.1237060816784,96,214.97127227023967,33.01871109008789,1331.6016713711376,246389.7451171875,777.5121353149412,301.3371051771864,51.08938217163086,1355.497715311718,72013.33984375,997.0294189453124,557.5602232156408,94.90544891357422,2326.1237060816784,109847.953125,2428.630957031252,,,,,,,,,,,,,,,
2dsa,cpu,raw,record,2dsa_arch_64_32_scaler_standard_opt_adam_batch_64_act_elu_drop_0.2,server/run_2025_12_27/results/2dsa/cpu/raw/record/2dsa_arch_64_32_scaler_standard_opt_adam_batch_64_act_elu_drop_0.2,64_32,standard_opt_adam_batch_64_act_elu_drop_0,adam_batch_64_act_elu_drop_0,64,elu_drop_0,0.2,64,0.2,211.0400816339551,316.9363368895297,546.1984361457334,1353.4349079621222,1333.0870943072998,2130.7072788124747,19,211.0400816339551,29.63345718383789,1353.4349079621222,245901.6025390625,820.1884674072262,316.9363368895297,35.519039154052734,1333.0870943072998,67153.41552734375,1206.9035873413086,546.1984361457334,40.2958869934082,2130.7072788124747,75228.8798828125,2704.340704345703,,,,,,,,,,,,,,,
2dsa,cpu,raw,record,2dsa_arch_64_32_scaler_standard_opt_adam_batch_64_act_elu_drop_0.3,server/run_2025_12_27/results/2dsa/cpu/raw/record/2dsa_arch_64_32_scaler_standard_opt_adam_batch_64_act_elu_drop_0.3,64_32,standard_opt_adam_batch_64_act_elu_drop_0,adam_batch_64_act_elu_drop_0,64,elu_drop_0,0.3,64,0.3,215.4821999666227,315.3535516895523,527.4648430425116,1354.6079186789786,1357.210409852054,2122.8172706308487,19,215.4821999666227,42.00714111328125,1354.6079186789786,245802.89599609375,815.8013916015611,315.3535516895523,42.00714111328125,1357.210409852054,66816.62548828125,1144.3450012207031,527.4648430425116,42.00714111328125,2122.8172706308487,74897.1552734375,2637.8292480468754,,,,,,,,,,,,,,,
2dsa,cpu,raw,record,2dsa_arch_64_32_scaler_standard_opt_adam_batch_64_act_relu_drop_0.2,server/run_2025_12_27/results/2dsa/cpu/raw/record/2dsa_arch_64_32_scaler_standard_opt_adam_batch_64_act_relu_drop_0.2,64_32,standard_opt_adam_batch_64_act_relu_drop_0,adam_batch_64_act_relu_drop_0,64,relu_drop_0,0.2,64,0.2,228.43485223916008,299.2714636254778,572.9049679926293,1355.9297947263008,1332.368499008056,2205.7929586130776,55,228.43485223916008,33.172725677490234,1355.9297947263008,245984.0732421875,884.6176818847651,299.2714636254778,50.49798583984375,1332.368499008056,71517.9853515625,1031.1611938476562,572.9049679926293,57.43160343170166,2205.7929586130776,75115.541015625,2646.9327514648444,,,,,,,,,,,,,,,
2dsa,cpu,raw,record,2dsa_arch_64_32_scaler_standard_opt_adam_batch_64_act_relu_drop_0.3,server/run_2025_12_27/results/2dsa/cpu/raw/record/2dsa_arch_64_32_scaler_standard_opt_adam_batch_64_act_relu_drop_0.3,64_32,standard_opt_adam_batch_64_act_relu_drop_0,adam_batch_64_act_relu_drop_0,64,relu_drop_0,0.3,64,0.3,216.8414210734965,285.61345724603996,544.8790834334144,1369.1166125884229,1366.8734255791362,2202.020047374517,56,216.8414210734965,32.72230339050293,1369.1166125884229,246844.93310546875,853.1058441162103,285.61345724603996,49.767578125,1366.8734255791362,72939.61181640625,963.0724487304688,544.8790834334144,60.578369140625,2202.020047374517,75062.79760742188,2502.1996337890637,,,,,,,,,,,,,,,
2dsa,cpu,raw,record,2dsa_arch_64_32_scaler_standard_opt_rmsprop_batch_128_act_elu_drop_0.2,server/run_2025_12_27/results/2dsa/cpu/raw/record/2dsa_arch_64_32_scaler_standard_opt_rmsprop_batch_128_act_elu_drop_0.2,64_32,standard_opt_rmsprop_batch_128_act_elu_drop_0,rmsprop_batch_128_act_elu_drop_0,128,elu_drop_0,0.2,128,0.2,196.51271285368895,281.76308456273375,531.7332001806492,1365.2952723317778,1300.219090380259,2116.2777758992142,38,196.51271285368895,39.893531799316406,1365.2952723317778,246395.185546875,708.1472740173339,281.76308456273375,48.07601165771485,1300.219090380259,68570.5693359375,1052.8213500976562,531.7332001806492,58.15525817871094,2116.2777758992142,76561.90148925781,2336.6778808593767,,,,,,,,,,,,,,,
2dsa,cpu,raw,record,2dsa_arch_64_32_scaler_standard_opt_rmsprop_batch_128_act_elu_drop_0.3,server/run_2025_12_27/results/2dsa/cpu/raw/record/2dsa_arch_64_32_scaler_standard_opt_rmsprop_batch_128_act_elu_drop_0.3,64_32,standard_opt_rmsprop_batch_128_act_elu_drop_0,rmsprop_batch_128_act_elu_drop_0,128,elu_drop_0,0.3,128,0.3,214.7445280795487,292.7206401677338,531.2524709113582,1366.2171955806075,1310.9354800121366,2123.4995818283196,38,214.7445280795487,81.18394470214844,1366.2171955806075,245724.08740234375,680.4208740234366,292.7206401677338,80.81077575683594,1310.9354800121366,69018.73876953125,1011.6265258789062,531.2524709113582,78.18394470214844,2123.4995818283196,76435.27709960938,2519.894531250001,,,,,,,,,,,,,,,
2dsa,cpu,raw,record,2dsa_arch_64_32_scaler_standard_opt_rmsprop_batch_128_act_relu_drop_0.2,server/run_2025_12_27/results/2dsa/cpu/raw/record/2dsa_arch_64_32_scaler_standard_opt_rmsprop_batch_128_act_relu_drop_0.2,64_32,standard_opt_rmsprop_batch_128_act_relu_drop_0,rmsprop_batch_128_act_relu_drop_0,128,relu_drop_0,0.2,128,0.2,200.54205408283215,279.29884341225727,582.6465711297294,4730.107226206761,1322.4967405390328,2179.3881658866994,77,200.54205408283215,34.272254943847656,4730.107226206761,2014431.75,699.0151855468739,279.29884341225727,49.72989654541016,1322.4967405390328,70749.6337890625,943.1437187194824,582.6465711297294,79.34780883789062,2179.3881658866994,76050.26318359375,2822.1488281250004,,,,,,,,,,,,,,,
2dsa,cpu,raw,record,2dsa_arch_64_32_scaler_standard_opt_rmsprop_batch_128_act_relu_drop_0.3,server/run_2025_12_27/results/2dsa/cpu/raw/record/2dsa_arch_64_32_scaler_standard_opt_rmsprop_batch_128_act_relu_drop_0.3,64_32,standard_opt_rmsprop_batch_128_act_relu_drop_0,rmsprop_batch_128_act_relu_drop_0,128,relu_drop_0,0.3,128,0.3,218.14532075985704,286.40451569206215,621.1837053933006,4100.135881846291,1348.2955669970304,2209.574559831852,55,218.14532075985704,39.14149475097656,4100.135881846291,1710863.5,773.6485595703125,286.40451569206215,55.960960388183594,1348.2955669970304,71977.8427734375,944.0874938964844,621.1837053933006,116.194580078125,2209.574559831852,76152.34936523438,2711.3046875000023,,,,,,,,,,,,,,,
2dsa,cpu,raw,record,2dsa_arch_64_32_scaler_standard_opt_rmsprop_batch_64_act_elu_drop_0.2,server/run_2025_12_27/results/2dsa/cpu/raw/record/2dsa_arch_64_32_scaler_standard_opt_rmsprop_batch_64_act_elu_drop_0.2,64_32,standard_opt_rmsprop_batch_64_act_elu_drop_0,rmsprop_batch_64_act_elu_drop_0,64,elu_drop_0,0.2,64,0.2,204.03701635668145,278.2698504989551,542.4106962843621,1358.4074123045898,1325.975842926725,2147.3169189800774,40,204.03701635668145,64.70355224609375,1358.4074123045898,247049.9326171875,678.2918399810791,278.2698504989551,63.70355224609375,1325.975842926725,67311.69140625,868.0626907348633,542.4106962843621,63.52137756347656,2147.3169189800774,76343.83337402344,2513.337109375,,,,,,,,,,,,,,,
2dsa,cpu,raw,record,2dsa_arch_64_32_scaler_standard_opt_rmsprop_batch_64_act_elu_drop_0.3,server/run_2025_12_27/results/2dsa/cpu/raw/record/2dsa_arch_64_32_scaler_standard_opt_rmsprop_batch_64_act_elu_drop_0.3,64_32,standard_opt_rmsprop_batch_64_act_elu_drop_0,rmsprop_batch_64_act_elu_drop_0,64,elu_drop_0,0.3,64,0.3,207.0498982577189,273.53766702449764,502.8320165825998,1389.6999529733375,1345.5828754292022,2117.596585175532,27,207.0498982577189,65.1170883178711,1389.6999529733375,247348.9990234375,672.8580070495605,273.53766702449764,65.1033706665039,1345.5828754292022,69870.2353515625,841.6775741577148,502.8320165825998,63.136810302734375,2117.596585175532,76521.48791503906,2333.7908203125025,,,,,,,,,,,,,,,
2dsa,cpu,raw,record,2dsa_arch_64_32_scaler_standard_opt_rmsprop_batch_64_act_relu_drop_0.2,server/run_2025_12_27/results/2dsa/cpu/raw/record/2dsa_arch_64_32_scaler_standard_opt_rmsprop_batch_64_act_relu_drop_0.2,64_32,standard_opt_rmsprop_batch_64_act_relu_drop_0,rmsprop_batch_64_act_relu_drop_0,64,relu_drop_0,0.2,64,0.2,199.4674640173373,294.0184315927016,593.0773320709633,4981.461066988812,1325.1324753213205,2169.693435596412,50,199.4674640173373,31.731849670410156,4981.461066988812,2131444.25,673.8282257080075,294.0184315927016,52.219093322753906,1325.1324753213205,71255.7490234375,969.7116241455078,593.0773320709633,81.62785339355469,2169.693435596412,76609.99383544922,2794.5188476562503,,,,,,,,,,,,,,,
2dsa,cpu,raw,record,2dsa_arch_64_32_scaler_standard_opt_rmsprop_batch_64_act_relu_drop_0.3,server/run_2025_12_27/results/2dsa/cpu/raw/record/2dsa_arch_64_32_scaler_standard_opt_rmsprop_batch_64_act_relu_drop_0.3,64_32,standard_opt_rmsprop_batch_64_act_relu_drop_0,rmsprop_batch_64_act_relu_drop_0,64,relu_drop_0,0.3,64,0.3,205.81015174717984,288.888118666209,587.9489782597764,5165.203208187418,1375.8573452336404,2163.6013993204933,43,205.81015174717984,28.820636749267575,5165.203208187418,2209063.75,693.9694824218748,288.888118666209,46.43452453613281,1375.8573452336404,73086.29296875,873.8001556396484,587.9489782597764,123.4939422607422,2163.6013993204933,76444.75805664062,2619.14165039063,,,,,,,,,,,,,,,
2dsa,cpu,raw,temporal,2dsa_arch_128_64_scaler_minmax_opt_adam_batch_128_act_elu_drop_0.2,server/run_2025_12_27/results/2dsa/cpu/raw/temporal/2dsa_arch_128_64_scaler_minmax_opt_adam_batch_128_act_elu_drop_0.2,128_64,minmax_opt_adam_batch_128_act_elu_drop_0,adam_batch_128_act_elu_drop_0,128,elu_drop_0,0.2,128,0.2,280.5309030465124,583.3677348377777,732.9555294483279,1321.2810827790777,1967.874439749085,2395.7538863570135,15,280.5309030465124,58.26629257202149,1321.2810827790777,173732.1123046875,1171.7951171874995,583.3677348377777,170.75140380859375,1967.874439749085,72991.431640625,2231.720947265625,732.9555294483279,461.4508056640625,2395.7538863570135,250848.20123291016,2104.72880859375,,,,,,,,,,,,,,,
2dsa,cpu,raw,temporal,2dsa_arch_128_64_scaler_minmax_opt_adam_batch_128_act_elu_drop_0.3,server/run_2025_12_27/results/2dsa/cpu/raw/temporal/2dsa_arch_128_64_scaler_minmax_opt_adam_batch_128_act_elu_drop_0.3,128_64,minmax_opt_adam_batch_128_act_elu_drop_0,adam_batch_128_act_elu_drop_0,128,elu_drop_0,0.3,128,0.3,282.9531358193048,588.484832236533,752.9862673450699,1332.8242158236294,1968.012197297083,2410.6423859358706,14,282.9531358193048,46.23027801513672,1332.8242158236294,174136.13989257812,1277.8582397460927,588.484832236533,160.18360900878906,1968.012197297083,73402.140625,2316.51025390625,752.9862673450699,483.4125061035156,2410.6423859358706,250793.23150634769,2257.2600585937503,,,,,,,,,,,,,,,
2dsa,cpu,raw,temporal,2dsa_arch_128_64_scaler_minmax_opt_adam_batch_128_act_relu_drop_0.2,server/run_2025_12_27/results/2dsa/cpu/raw/temporal/2dsa_arch_128_64_scaler_minmax_opt_adam_batch_128_act_relu_drop_0.2,128_64,minmax_opt_adam_batch_128_act_relu_drop_0,adam_batch_128_act_relu_drop_0,128,relu_drop_0,0.2,128,0.2,248.88790550399727,541.2945880607117,715.2200887929862,1250.787673225053,1932.3329754954443,2386.499770966669,27,248.88790550399727,43.17345154285431,1250.787673225053,171842.75341796875,966.9163116455074,541.2945880607117,91.96339416503906,1932.3329754954443,69035.232421875,2149.6270751953125,715.2200887929862,414.314208984375,2386.499770966669,250325.6280517578,2159.926171875,,,,,,,,,,,,,,,
2dsa,cpu,raw,temporal,2dsa_arch_128_64_scaler_minmax_opt_adam_batch_128_act_relu_drop_0.3,server/run_2025_12_27/results/2dsa/cpu/raw/temporal/2dsa_arch_128_64_scaler_minmax_opt_adam_batch_128_act_relu_drop_0.3,128_64,minmax_opt_adam_batch_128_act_relu_drop_0,adam_batch_128_act_relu_drop_0,128,relu_drop_0,0.3,128,0.3,247.9923776052313,528.2065251431209,656.6033197810486,1263.1163415871383,1947.8353922846952,2385.6305148804245,27,247.9923776052313,29.033632278442383,1263.1163415871383,171991.92919921875,1065.0900512695312,528.2065251431209,91.59356689453124,1947.8353922846952,70193.28125,2074.8758544921875,656.6033197810486,391.40667724609375,2385.6305148804245,250559.33728027344,2017.7831542968752,,,,,,,,,,,,,,,
2dsa,cpu,raw,temporal,2dsa_arch_128_64_scaler_minmax_opt_adam_batch_64_act_elu_drop_0.2,server/run_2025_12_27/results/2dsa/cpu/raw/temporal/2dsa_arch_128_64_scaler_minmax_opt_adam_batch_64_act_elu_drop_0.2,128_64,minmax_opt_adam_batch_64_act_elu_drop_0,adam_batch_64_act_elu_drop_0,64,elu_drop_0,0.2,64,0.2,282.37189544769757,588.1448076659982,747.141469341449,1327.514217799825,1970.381961111931,2412.0500146939985,13,282.37189544769757,44.79725122451782,1327.514217799825,173811.30688476562,1237.3059829711913,588.1448076659982,157.6802215576172,1970.381961111931,73148.666015625,2336.258514404297,747.141469341449,464.7720947265625,2412.0500146939985,250851.91693115231,2261.3529296875,,,,,,,,,,,,,,,
2dsa,cpu,raw,temporal,2dsa_arch_128_64_scaler_minmax_opt_adam_batch_64_act_elu_drop_0.3,server/run_2025_12_27/results/2dsa/cpu/raw/temporal/2dsa_arch_128_64_scaler_minmax_opt_adam_batch_64_act_elu_drop_0.3,128_64,minmax_opt_adam_batch_64_act_elu_drop_0,adam_batch_64_act_elu_drop_0,64,elu_drop_0,0.3,64,0.3,239.7936058296999,458.2705308763835,363.0695673645985,1178.45684326443,1777.0746357882465,2297.109903147178,71,239.7936058296999,63.47802734375,1178.45684326443,170763.4755859375,795.2266174316405,458.2705308763835,81.41706085205078,1777.0746357882465,64662.9091796875,1809.6402893066409,363.0695673645985,177.78541564941406,2297.109903147178,248756.78564453125,904.1136230468752,,,,,,,,,,,,,,,
2dsa,cpu,raw,temporal,2dsa_arch_128_64_scaler_minmax_opt_adam_batch_64_act_relu_drop_0.2,server/run_2025_12_27/results/2dsa/cpu/raw/temporal/2dsa_arch_128_64_scaler_minmax_opt_adam_batch_64_act_relu_drop_0.2,128_64,minmax_opt_adam_batch_64_act_relu_drop_0,adam_batch_64_act_relu_drop_0,64,relu_drop_0,0.2,64,0.2,245.92126546425152,521.0422039324937,633.7069383972301,1263.1485113661397,1935.8552325752585,2387.217510770386,20,245.92126546425152,35.16693115234375,1263.1485113661397,171978.06689453125,1062.7308525085443,521.0422039324937,95.343505859375,1935.8552325752585,69527.6494140625,2115.446075439453,633.7069383972301,331.075439453125,2387.217510770386,250676.9888305664,2056.050439453126,,,,,,,,,,,,,,,
2dsa,cpu,raw,temporal,2dsa_arch_128_64_scaler_minmax_opt_adam_batch_64_act_relu_drop_0.3,server/run_2025_12_27/results/2dsa/cpu/raw/temporal/2dsa_arch_128_64_scaler_minmax_opt_adam_batch_64_act_relu_drop_0.3,128_64,minmax_opt_adam_batch_64_act_relu_drop_0,adam_batch_64_act_relu_drop_0,64,relu_drop_0,0.3,64,0.3,279.99856069209267,583.2428590302264,772.377937203027,1268.5577262310317,1934.6190463946075,2376.18392470969,20,279.99856069209267,69.72974395751953,1268.5577262310317,172212.13916015625,1158.005657958983,583.2428590302264,133.37747192382812,1934.6190463946075,69807.8544921875,2138.828369140625,772.377937203027,570.0120849609375,2376.18392470969,250423.64111328125,2087.3327636718755,,,,,,,,,,,,,,,
2dsa,cpu,raw,temporal,2dsa_arch_128_64_scaler_minmax_opt_rmsprop_batch_128_act_elu_drop_0.2,server/run_2025_12_27/results/2dsa/cpu/raw/temporal/2dsa_arch_128_64_scaler_minmax_opt_rmsprop_batch_128_act_elu_drop_0.2,128_64,minmax_opt_rmsprop_batch_128_act_elu_drop_0,rmsprop_batch_128_act_elu_drop_0,128,elu_drop_0,0.2,128,0.2,237.5425253232864,501.6055740351364,400.8532831578731,1215.7719547745928,1802.09884602701,2309.9670401210064,57,237.5425253232864,59.19441223144531,1215.7719547745928,170209.96826171875,880.3568153381342,501.6055740351364,107.89949035644533,1802.09884602701,67154.705078125,2079.5218505859375,400.8532831578731,143.41018676757812,2309.9670401210064,248763.25830078125,1168.8155212402346,,,,,,,,,,,,,,,
2dsa,cpu,raw,temporal,2dsa_arch_128_64_scaler_minmax_opt_rmsprop_batch_128_act_elu_drop_0.3,server/run_2025_12_27/results/2dsa/cpu/raw/temporal/2dsa_arch_128_64_scaler_minmax_opt_rmsprop_batch_128_act_elu_drop_0.3,128_64,minmax_opt_rmsprop_batch_128_act_elu_drop_0,rmsprop_batch_128_act_elu_drop_0,128,elu_drop_0,0.3,128,0.3,228.18604850005192,493.08549958000447,471.4633808766116,1219.3135978312328,1790.1339314035702,2305.4006168260985,75,228.18604850005192,49.770225524902344,1219.3135978312328,170092.8935546875,837.2900970458982,493.08549958000447,98.68219757080078,1790.1339314035702,65743.88671875,1999.2192993164065,471.4633808766116,235.30099487304688,2305.4006168260985,248572.15698242188,1277.617968750002,,,,,,,,,,,,,,,
2dsa,cpu,raw,temporal,2dsa_arch_128_64_scaler_minmax_opt_rmsprop_batch_128_act_relu_drop_0.2,server/run_2025_12_27/results/2dsa/cpu/raw/temporal/2dsa_arch_128_64_scaler_minmax_opt_rmsprop_batch_128_act_relu_drop_0.2,128_64,minmax_opt_rmsprop_batch_128_act_relu_drop_0,rmsprop_batch_128_act_relu_drop_0,128,relu_drop_0,0.2,128,0.2,221.2948980144496,506.0944460657758,470.30357065268777,1220.162587110268,1785.266434097705,2298.236761142182,55,221.2948980144496,40.31968688964844,1220.162587110268,172075.04736328125,853.953125,506.0944460657758,146.79988479614258,1785.266434097705,63224.9462890625,1714.9114227294922,470.30357065268777,345.24169921875,2298.236761142182,249823.59521484375,948.0351806640628,,,,,,,,,,,,,,,
2dsa,cpu,raw,temporal,2dsa_arch_128_64_scaler_minmax_opt_rmsprop_batch_128_act_relu_drop_0.3,server/run_2025_12_27/results/2dsa/cpu/raw/temporal/2dsa_arch_128_64_scaler_minmax_opt_rmsprop_batch_128_act_relu_drop_0.3,128_64,minmax_opt_rmsprop_batch_128_act_relu_drop_0,rmsprop_batch_128_act_relu_drop_0,128,relu_drop_0,0.3,128,0.3,222.54783162227608,465.6094948411989,426.63252831506986,1252.9191521792104,1814.8612662607572,2326.8673380505993,50,222.54783162227608,31.56555557250977,1252.9191521792104,171404.97021484375,824.571466064453,465.6094948411989,69.83917236328125,1814.8612662607572,63297.611328125,1520.1408081054688,426.63252831506986,194.47116088867188,2326.8673380505993,250083.1156005859,1111.515625,,,,,,,,,,,,,,,
2dsa,cpu,raw,temporal,2dsa_arch_128_64_scaler_minmax_opt_rmsprop_batch_64_act_elu_drop_0.2,server/run_2025_12_27/results/2dsa/cpu/raw/temporal/2dsa_arch_128_64_scaler_minmax_opt_rmsprop_batch_64_act_elu_drop_0.2,128_64,minmax_opt_rmsprop_batch_64_act_elu_drop_0,rmsprop_batch_64_act_elu_drop_0,64,elu_drop_0,0.2,64,0.2,220.38366369333235,468.89986302426337,445.6905793717683,1201.1790290216995,1749.088351717512,2279.9095562784837,100,220.38366369333235,55.12812042236328,1201.1790290216995,171269.0234375,727.6278900146482,468.89986302426337,93.8739013671875,1749.088351717512,57596.263671875,1851.3419799804688,445.6905793717683,241.55010986328125,2279.9095562784837,247878.78515625,1147.6855651855471,,,,,,,,,,,,,,,
2dsa,cpu,raw,temporal,2dsa_arch_128_64_scaler_minmax_opt_rmsprop_batch_64_act_elu_drop_0.3,server/run_2025_12_27/results/2dsa/cpu/raw/temporal/2dsa_arch_128_64_scaler_minmax_opt_rmsprop_batch_64_act_elu_drop_0.3,128_64,minmax_opt_rmsprop_batch_64_act_elu_drop_0,rmsprop_batch_64_act_elu_drop_0,64,elu_drop_0,0.3,64,0.3,247.46228659776227,497.76897514252,368.2138080266269,1209.7931984003085,1758.6431832830297,2283.1132681365693,83,247.46228659776227,69.55369567871094,1209.7931984003085,171669.24072265625,872.012292480468,497.76897514252,103.6154556274414,1758.6431832830297,63740.4931640625,1930.511962890625,368.2138080266269,201.4580535888672,2283.1132681365693,248130.2404785156,894.6023742675782,,,,,,,,,,,,,,,
2dsa,cpu,raw,temporal,2dsa_arch_128_64_scaler_minmax_opt_rmsprop_batch_64_act_relu_drop_0.2,server/run_2025_12_27/results/2dsa/cpu/raw/temporal/2dsa_arch_128_64_scaler_minmax_opt_rmsprop_batch_64_act_relu_drop_0.2,128_64,minmax_opt_rmsprop_batch_64_act_relu_drop_0,rmsprop_batch_64_act_relu_drop_0,64,relu_drop_0,0.2,64,0.2,187.147171501133,453.9383610716452,298.52879297303446,1204.1257894376088,1758.3169904665333,2288.608158122237,97,187.147171501133,26.140579223632812,1204.1257894376088,171720.68408203125,599.2902473449707,453.9383610716452,74.78593444824219,1758.3169904665333,52165.48828125,1489.1710205078125,298.52879297303446,100.50186157226562,2288.608158122237,249115.50366210935,799.628271484375,,,,,,,,,,,,,,,
2dsa,cpu,raw,temporal,2dsa_arch_128_64_scaler_minmax_opt_rmsprop_batch_64_act_relu_drop_0.3,server/run_2025_12_27/results/2dsa/cpu/raw/temporal/2dsa_arch_128_64_scaler_minmax_opt_rmsprop_batch_64_act_relu_drop_0.3,128_64,minmax_opt_rmsprop_batch_64_act_relu_drop_0,rmsprop_batch_64_act_relu_drop_0,64,relu_drop_0,0.3,64,0.3,190.9708938829663,455.79312485902193,307.04544498751466,1206.8325287209184,1763.408549154644,2300.360551865675,90,190.9708938829663,29.00086212158203,1206.8325287209184,170264.65771484375,618.9763427734374,455.79312485902193,84.79515075683594,1763.408549154644,59504.400390625,1531.830451965332,307.04544498751466,118.46990966796876,2300.360551865675,248992.0498046875,864.5915893554687,,,,,,,,,,,,,,,
2dsa,cpu,raw,temporal,2dsa_arch_128_64_scaler_standard_opt_adam_batch_128_act_elu_drop_0.2,server/run_2025_12_27/results/2dsa/cpu/raw/temporal/2dsa_arch_128_64_scaler_standard_opt_adam_batch_128_act_elu_drop_0.2,128_64,standard_opt_adam_batch_128_act_elu_drop_0,adam_batch_128_act_elu_drop_0,128,elu_drop_0,0.2,128,0.2,227.82698413245652,449.6216450849806,271.36809785709335,1163.4492742885764,1774.1396078357002,2234.973683947574,21,227.82698413245652,51.75094223022461,1163.4492742885764,167801.74609375,895.840898895263,449.6216450849806,54.65809631347656,1774.1396078357002,65628.0029296875,2081.70654296875,271.36809785709335,49.24905776977539,2234.973683947574,248000.00366210935,1048.4569580078128,,,,,,,,,,,,,,,
2dsa,cpu,raw,temporal,2dsa_arch_128_64_scaler_standard_opt_adam_batch_128_act_elu_drop_0.3,server/run_2025_12_27/results/2dsa/cpu/raw/temporal/2dsa_arch_128_64_scaler_standard_opt_adam_batch_128_act_elu_drop_0.3,128_64,standard_opt_adam_batch_128_act_elu_drop_0,adam_batch_128_act_elu_drop_0,128,elu_drop_0,0.3,128,0.3,220.97954838536504,438.43928420260727,264.1043660676216,1164.4156040753874,1776.3002782202343,2241.5599204809323,22,220.97954838536504,37.91253662109375,1164.4156040753874,167746.6142578125,885.7754425048827,438.43928420260727,53.21979141235352,1776.3002782202343,66325.9755859375,1928.87646484375,264.1043660676216,42.5377197265625,2241.5599204809323,248243.03051757812,1054.8221313476572,,,,,,,,,,,,,,,
2dsa,cpu,raw,temporal,2dsa_arch_128_64_scaler_standard_opt_adam_batch_128_act_relu_drop_0.2,server/run_2025_12_27/results/2dsa/cpu/raw/temporal/2dsa_arch_128_64_scaler_standard_opt_adam_batch_128_act_relu_drop_0.2,128_64,standard_opt_adam_batch_128_act_relu_drop_0,adam_batch_128_act_relu_drop_0,128,relu_drop_0,0.2,128,0.2,227.58261864223837,590.2018452569846,760.7924112694581,1200.4918820697887,1825.2091165053555,2363.508234655457,35,227.58261864223837,47.273040771484375,1200.4918820697887,170311.33203125,871.1520080566403,590.2018452569846,149.24801635742188,1825.2091165053555,69923.7900390625,2080.4952392578125,760.7924112694581,494.33404541015625,2363.508234655457,249898.0684814453,2424.870800781251,,,,,,,,,,,,,,,
2dsa,cpu,raw,temporal,2dsa_arch_128_64_scaler_standard_opt_adam_batch_128_act_relu_drop_0.3,server/run_2025_12_27/results/2dsa/cpu/raw/temporal/2dsa_arch_128_64_scaler_standard_opt_adam_batch_128_act_relu_drop_0.3,128_64,standard_opt_adam_batch_128_act_relu_drop_0,adam_batch_128_act_relu_drop_0,128,relu_drop_0,0.3,128,0.3,231.35715182344924,511.0145459273425,491.7443320357387,1237.9374283258253,1845.652948168145,2344.070455031129,28,231.35715182344924,41.87135314941406,1237.9374283258253,171715.75927734375,945.2993621826172,511.0145459273425,127.89875030517578,1845.652948168145,71522.68408203125,1810.672119140625,491.7443320357387,175.60231018066406,2344.070455031129,250379.2243652344,1512.55712890625,,,,,,,,,,,,,,,
2dsa,cpu,raw,temporal,2dsa_arch_128_64_scaler_standard_opt_adam_batch_64_act_elu_drop_0.2,server/run_2025_12_27/results/2dsa/cpu/raw/temporal/2dsa_arch_128_64_scaler_standard_opt_adam_batch_64_act_elu_drop_0.2,128_64,standard_opt_adam_batch_64_act_elu_drop_0,adam_batch_64_act_elu_drop_0,64,elu_drop_0,0.2,64,0.2,222.8787837407809,460.6308095386579,277.5673841287962,1138.100515791346,1767.6328575004952,2224.0529445136353,22,222.8787837407809,41.15129089355469,1138.100515791346,166684.4130859375,908.9718475341796,460.6308095386579,51.1524658203125,1767.6328575004952,63820.05859375,2178.2525024414062,277.5673841287962,46.7815055847168,2224.0529445136353,247672.48071289065,1110.388188171387,,,,,,,,,,,,,,,
2dsa,cpu,raw,temporal,2dsa_arch_128_64_scaler_standard_opt_adam_batch_64_act_elu_drop_0.3,server/run_2025_12_27/results/2dsa/cpu/raw/temporal/2dsa_arch_128_64_scaler_standard_opt_adam_batch_64_act_elu_drop_0.3,128_64,standard_opt_adam_batch_64_act_elu_drop_0,adam_batch_64_act_elu_drop_0,64,elu_drop_0,0.3,64,0.3,222.10668276033712,442.96570829606975,279.15127606309244,1168.9131483104077,1773.3615923346906,2243.9267313230193,19,222.10668276033712,46.22322082519531,1168.9131483104077,169372.3662109375,883.7610412597653,442.96570829606975,56.67658233642578,1773.3615923346906,65725.0654296875,2020.5304718017576,279.15127606309244,54.55020904541016,2243.9267313230193,247676.50537109375,1057.386352539063,,,,,,,,,,,,,,,
2dsa,cpu,raw,temporal,2dsa_arch_128_64_scaler_standard_opt_adam_batch_64_act_relu_drop_0.2,server/run_2025_12_27/results/2dsa/cpu/raw/temporal/2dsa_arch_128_64_scaler_standard_opt_adam_batch_64_act_relu_drop_0.2,128_64,standard_opt_adam_batch_64_act_relu_drop_0,adam_batch_64_act_relu_drop_0,64,relu_drop_0,0.2,64,0.2,237.12784875826483,521.8291091386428,486.0936087187612,1233.6976495289828,1848.035866535891,2346.990258240772,18,237.12784875826483,42.42236328125,1233.6976495289828,171653.689453125,924.8397216796876,521.8291091386428,136.54330444335938,1848.035866535891,71522.11669921875,1810.023681640625,486.0936087187612,208.36181640625,2346.990258240772,250488.1166381836,1934.9058593750003,,,,,,,,,,,,,,,
2dsa,cpu,raw,temporal,2dsa_arch_128_64_scaler_standard_opt_adam_batch_64_act_relu_drop_0.3,server/run_2025_12_27/results/2dsa/cpu/raw/temporal/2dsa_arch_128_64_scaler_standard_opt_adam_batch_64_act_relu_drop_0.3,128_64,standard_opt_adam_batch_64_act_relu_drop_0,adam_batch_64_act_relu_drop_0,64,relu_drop_0,0.3,64,0.3,238.95393019026213,527.0965501357873,647.0062824312628,1297.1758031341978,1854.254111454579,2364.758485172542,23,238.95393019026213,45.5894775390625,1297.1758031341978,182454.421875,981.1628265380858,527.0965501357873,125.18763732910156,1854.254111454579,71169.25390625,1796.026611328125,647.0062824312628,317.4443359375,2364.758485172542,250454.53564453125,2168.5806152343753,,,,,,,,,,,,,,,
2dsa,cpu,raw,temporal,2dsa_arch_128_64_scaler_standard_opt_rmsprop_batch_128_act_elu_drop_0.2,server/run_2025_12_27/results/2dsa/cpu/raw/temporal/2dsa_arch_128_64_scaler_standard_opt_rmsprop_batch_128_act_elu_drop_0.2,128_64,standard_opt_rmsprop_batch_128_act_elu_drop_0,rmsprop_batch_128_act_elu_drop_0,128,elu_drop_0,0.2,128,0.2,219.2837576098886,453.7003825534439,279.58027357581005,1199.6876459475625,1760.1648701445909,2267.1603798921033,23,219.2837576098886,42.228912353515625,1199.6876459475625,176171.271484375,840.7533432006834,453.7003825534439,48.15687561035156,1760.1648701445909,66497.1083984375,1844.3134765625,279.58027357581005,37.228912353515625,2267.1603798921033,247899.84692382812,1030.946057128907,,,,,,,,,,,,,,,
2dsa,cpu,raw,temporal,2dsa_arch_128_64_scaler_standard_opt_rmsprop_batch_128_act_elu_drop_0.3,server/run_2025_12_27/results/2dsa/cpu/raw/temporal/2dsa_arch_128_64_scaler_standard_opt_rmsprop_batch_128_act_elu_drop_0.3,128_64,standard_opt_rmsprop_batch_128_act_elu_drop_0,rmsprop_batch_128_act_elu_drop_0,128,elu_drop_0,0.3,128,0.3,229.5740738420123,542.4859239499516,287.58509524078363,1220.9045515414343,1787.2310699519514,2296.599908797663,18,229.5740738420123,32.27617645263672,1220.9045515414343,176332.67736816406,971.933056640624,542.4859239499516,128.2768383026123,1787.2310699519514,69171.8359375,1906.25390625,287.58509524078363,32.27618885040283,2296.599908797663,248659.07055664065,956.0229095458992,,,,,,,,,,,,,,,
2dsa,cpu,raw,temporal,2dsa_arch_128_64_scaler_standard_opt_rmsprop_batch_128_act_relu_drop_0.2,server/run_2025_12_27/results/2dsa/cpu/raw/temporal/2dsa_arch_128_64_scaler_standard_opt_rmsprop_batch_128_act_relu_drop_0.2,128_64,standard_opt_rmsprop_batch_128_act_relu_drop_0,rmsprop_batch_128_act_relu_drop_0,128,relu_drop_0,0.2,128,0.2,230.85015351482227,497.7044360929834,398.6283948114181,1727.9436388795257,1869.932966994352,2330.9614614294587,21,230.85015351482227,39.27864247560501,1727.9436388795257,531185.5,862.0042190551757,497.7044360929834,112.5238037109375,1869.932966994352,72210.69921875,1662.6489868164062,398.6283948114181,236.76840209960935,2330.9614614294587,250388.02014160156,860.7510070800791,,,,,,,,,,,,,,,
2dsa,cpu,raw,temporal,2dsa_arch_128_64_scaler_standard_opt_rmsprop_batch_128_act_relu_drop_0.3,server/run_2025_12_27/results/2dsa/cpu/raw/temporal/2dsa_arch_128_64_scaler_standard_opt_rmsprop_batch_128_act_relu_drop_0.3,128_64,standard_opt_rmsprop_batch_128_act_relu_drop_0,rmsprop_batch_128_act_relu_drop_0,128,relu_drop_0,0.3,128,0.3,238.13286982006125,553.6523252180704,462.0667256458991,1478.3580633040206,1870.4338554548513,2334.896362005058,21,238.13286982006125,46.05988025665283,1478.3580633040206,352195.90625,909.1807861328124,553.6523252180704,158.78897094726562,1870.4338554548513,72550.05419921875,1809.1649169921875,462.0667256458991,265.1533203125,2334.896362005058,250411.1701660156,1046.4913574218751,,,,,,,,,,,,,,,
2dsa,cpu,raw,temporal,2dsa_arch_128_64_scaler_standard_opt_rmsprop_batch_64_act_elu_drop_0.2,server/run_2025_12_27/results/2dsa/cpu/raw/temporal/2dsa_arch_128_64_scaler_standard_opt_rmsprop_batch_64_act_elu_drop_0.2,128_64,standard_opt_rmsprop_batch_64_act_elu_drop_0,rmsprop_batch_64_act_elu_drop_0,64,elu_drop_0,0.2,64,0.2,221.9847821922091,588.3916853449401,287.0247522769285,1224.938414872977,1813.276038961377,2297.4765990952505,17,221.9847821922091,27.26406478881836,1224.938414872977,175669.8651123047,831.6540557861324,588.3916853449401,104.78252410888672,1813.276038961377,68057.732421875,2335.3253173828125,287.0247522769285,28.742267608642575,2297.4765990952505,248288.19897460935,960.9158691406255,,,,,,,,,,,,,,,
2dsa,cpu,raw,temporal,2dsa_arch_128_64_scaler_standard_opt_rmsprop_batch_64_act_elu_drop_0.3,server/run_2025_12_27/results/2dsa/cpu/raw/temporal/2dsa_arch_128_64_scaler_standard_opt_rmsprop_batch_64_act_elu_drop_0.3,128_64,standard_opt_rmsprop_batch_64_act_elu_drop_0,rmsprop_batch_64_act_elu_drop_0,64,elu_drop_0,0.3,64,0.3,216.4938911627259,559.1337455769387,282.86318805149153,1228.2344411749025,1825.7599460323256,2317.6996500688624,18,216.4938911627259,26.794631958007812,1228.2344411749025,175502.74243164062,813.7680480957031,559.1337455769387,71.2049560546875,1825.7599460323256,69670.4443359375,2260.543701171875,282.86318805149153,22.794631958007812,2317.6996500688624,248349.4833984375,988.8024169921878,,,,,,,,,,,,,,,
2dsa,cpu,raw,temporal,2dsa_arch_128_64_scaler_standard_opt_rmsprop_batch_64_act_relu_drop_0.2,server/run_2025_12_27/results/2dsa/cpu/raw/temporal/2dsa_arch_128_64_scaler_standard_opt_rmsprop_batch_64_act_relu_drop_0.2,128_64,standard_opt_rmsprop_batch_64_act_relu_drop_0,rmsprop_batch_64_act_relu_drop_0,64,relu_drop_0,0.2,64,0.2,217.20795283683665,540.465126228328,399.46978370965786,1292.9973434441847,1845.803811732362,2330.472014883426,20,217.20795283683665,45.02264595031738,1292.9973434441847,178593.234375,774.99267578125,540.465126228328,129.782958984375,1845.803811732362,71032.75048828125,1704.7277221679688,399.46978370965786,180.5923767089844,2330.472014883426,250074.01440429688,971.3751373291016,,,,,,,,,,,,,,,
2dsa,cpu,raw,temporal,2dsa_arch_128_64_scaler_standard_opt_rmsprop_batch_64_act_relu_drop_0.3,server/run_2025_12_27/results/2dsa/cpu/raw/temporal/2dsa_arch_128_64_scaler_standard_opt_rmsprop_batch_64_act_relu_drop_0.3,128_64,standard_opt_rmsprop_batch_64_act_relu_drop_0,rmsprop_batch_64_act_relu_drop_0,64,relu_drop_0,0.3,64,0.3,241.83293858940215,513.5585269247063,395.1410326420247,1456.3980423087366,1884.759603236621,2344.910712879631,17,241.83293858940215,42.10286235809326,1456.3980423087366,304336.1875,926.6063354492184,513.5585269247063,121.3926601409912,1884.759603236621,72462.91943359375,1614.7296752929688,395.1410326420247,184.40081787109375,2344.910712879631,250353.69506835935,938.8869628906252,,,,,,,,,,,,,,,
2dsa,cpu,raw,temporal,2dsa_arch_64_32_scaler_minmax_opt_adam_batch_128_act_elu_drop_0.2,server/run_2025_12_27/results/2dsa/cpu/raw/temporal/2dsa_arch_64_32_scaler_minmax_opt_adam_batch_128_act_elu_drop_0.2,64_32,minmax_opt_adam_batch_128_act_elu_drop_0,adam_batch_128_act_elu_drop_0,128,elu_drop_0,0.2,128,0.2,272.24174584518914,568.9782345991908,705.468820819706,1331.8250149052042,1974.0621101022712,2413.2513256809884,16,272.24174584518914,43.399803161621094,1331.8250149052042,173936.22045898438,1193.472259521484,568.9782345991908,157.71835327148438,1974.0621101022712,73267.97265625,2288.7393798828125,705.468820819706,387.9671020507813,2413.2513256809884,250945.568359375,2203.62548828125,,,,,,,,,,,,,,,
2dsa,cpu,raw,temporal,2dsa_arch_64_32_scaler_minmax_opt_adam_batch_128_act_elu_drop_0.3,server/run_2025_12_27/results/2dsa/cpu/raw/temporal/2dsa_arch_64_32_scaler_minmax_opt_adam_batch_128_act_elu_drop_0.3,64_32,minmax_opt_adam_batch_128_act_elu_drop_0,adam_batch_128_act_elu_drop_0,128,elu_drop_0,0.3,128,0.3,269.23460319590845,557.8272328013907,676.1387603992525,1332.098705903605,1974.234583258991,2415.788003280778,18,269.23460319590845,38.87344551086426,1332.098705903605,173947.20166015625,1224.2997955322262,557.8272328013907,136.23989868164062,1974.234583258991,73328.0537109375,2264.593505859375,676.1387603992525,326.2303771972656,2415.788003280778,250997.15786743164,2188.49873046875,,,,,,,,,,,,,,,
2dsa,cpu,raw,temporal,2dsa_arch_64_32_scaler_minmax_opt_adam_batch_128_act_relu_drop_0.2,server/run_2025_12_27/results/2dsa/cpu/raw/temporal/2dsa_arch_64_32_scaler_minmax_opt_adam_batch_128_act_relu_drop_0.2,64_32,minmax_opt_adam_batch_128_act_relu_drop_0,adam_batch_128_act_relu_drop_0,128,relu_drop_0,0.2,128,0.2,242.3842227300992,489.42747696302246,544.1985074407398,1250.4397379327595,1941.854982248071,2390.3797178039126,39,242.3842227300992,41.839996337890625,1250.4397379327595,171837.59033203125,987.7658935546854,489.42747696302246,81.0968017578125,1941.854982248071,70065.84375,2130.631591796875,544.1985074407398,162.29153442382812,2390.3797178039126,250384.26293945312,2085.5192138671873,,,,,,,,,,,,,,,
2dsa,cpu,raw,temporal,2dsa_arch_64_32_scaler_minmax_opt_adam_batch_128_act_relu_drop_0.3,server/run_2025_12_27/results/2dsa/cpu/raw/temporal/2dsa_arch_64_32_scaler_minmax_opt_adam_batch_128_act_relu_drop_0.3,64_32,minmax_opt_adam_batch_128_act_relu_drop_0,adam_batch_128_act_relu_drop_0,128,relu_drop_0,0.3,128,0.3,254.40296227280683,526.17197526188,651.3953406293298,1257.794994330825,1949.8873778216823,2402.2741097879125,39,254.40296227280683,60.21183395385742,1257.794994330825,172022.51220703125,995.7685180664058,526.17197526188,88.24113464355469,1949.8873778216823,69468.9169921875,2179.78369140625,651.3953406293298,302.5805358886719,2402.2741097879125,250493.57891845703,2259.884521484375,,,,,,,,,,,,,,,
2dsa,cpu,raw,temporal,2dsa_arch_64_32_scaler_minmax_opt_adam_batch_64_act_elu_drop_0.2,server/run_2025_12_27/results/2dsa/cpu/raw/temporal/2dsa_arch_64_32_scaler_minmax_opt_adam_batch_64_act_elu_drop_0.2,64_32,minmax_opt_adam_batch_64_act_elu_drop_0,adam_batch_64_act_elu_drop_0,64,elu_drop_0,0.2,64,0.2,229.16626451376823,432.49500666743506,308.77944204974574,1170.6230933875088,1789.7642513186,2302.475629498455,83,229.16626451376823,55.96475982666016,1170.6230933875088,170294.23046875,796.594239044188,432.49500666743506,58.96475982666016,1789.7642513186,65810.24609375,1767.9283447265625,308.77944204974574,105.49662017822266,2302.475629498455,249029.1875,874.6742919921887,,,,,,,,,,,,,,,
2dsa,cpu,raw,temporal,2dsa_arch_64_32_scaler_minmax_opt_adam_batch_64_act_elu_drop_0.3,server/run_2025_12_27/results/2dsa/cpu/raw/temporal/2dsa_arch_64_32_scaler_minmax_opt_adam_batch_64_act_elu_drop_0.3,64_32,minmax_opt_adam_batch_64_act_elu_drop_0,adam_batch_64_act_elu_drop_0,64,elu_drop_0,0.3,64,0.3,249.11349649523737,469.8245010765424,400.443143993063,1182.5880322516684,1795.271022935629,2312.9606510381486,94,249.11349649523737,90.24615478515624,1182.5880322516684,170651.25341796875,794.7041889190667,469.8245010765424,94.24615478515624,1795.271022935629,66756.0087890625,1699.664306640625,400.443143993063,199.72299194335935,2312.9606510381486,249118.61791992188,1052.1791259765632,,,,,,,,,,,,,,,
2dsa,cpu,raw,temporal,2dsa_arch_64_32_scaler_minmax_opt_adam_batch_64_act_relu_drop_0.2,server/run_2025_12_27/results/2dsa/cpu/raw/temporal/2dsa_arch_64_32_scaler_minmax_opt_adam_batch_64_act_relu_drop_0.2,64_32,minmax_opt_adam_batch_64_act_relu_drop_0,adam_batch_64_act_relu_drop_0,64,relu_drop_0,0.2,64,0.2,255.03829983205284,503.60276378595046,529.6277704102025,1270.2333451852128,1948.2497036909544,2373.5685709797267,26,255.03829983205284,35.04412078857422,1270.2333451852128,172099.36474609375,1072.263958740234,503.60276378595046,97.77249145507812,1948.2497036909544,70698.91162109375,1936.7294921875,529.6277704102025,251.07208251953125,2373.5685709797267,250601.9873046875,1740.7399291992188,,,,,,,,,,,,,,,
2dsa,cpu,raw,temporal,2dsa_arch_64_32_scaler_minmax_opt_adam_batch_64_act_relu_drop_0.3,server/run_2025_12_27/results/2dsa/cpu/raw/temporal/2dsa_arch_64_32_scaler_minmax_opt_adam_batch_64_act_relu_drop_0.3,64_32,minmax_opt_adam_batch_64_act_relu_drop_0,adam_batch_64_act_relu_drop_0,64,relu_drop_0,0.3,64,0.3,240.07337650593067,508.7343040130792,605.2980327343404,1264.0989494755838,1958.1110212785463,2395.9988450399196,32,240.07337650593067,35.223350524902344,1264.0989494755838,172146.56591796875,1021.124755859375,508.7343040130792,58.98388671875,1958.1110212785463,70079.49609375,2139.443603515625,605.2980327343404,271.3537902832031,2395.9988450399196,250597.26165771484,2127.96162109375,,,,,,,,,,,,,,,
2dsa,cpu,raw,temporal,2dsa_arch_64_32_scaler_minmax_opt_rmsprop_batch_128_act_elu_drop_0.2,server/run_2025_12_27/results/2dsa/cpu/raw/temporal/2dsa_arch_64_32_scaler_minmax_opt_rmsprop_batch_128_act_elu_drop_0.2,64_32,minmax_opt_rmsprop_batch_128_act_elu_drop_0,rmsprop_batch_128_act_elu_drop_0,128,elu_drop_0,0.2,128,0.2,230.4218938130175,509.6750196096312,710.7750238816487,1237.580225932296,1817.0839553591068,2329.6949265861213,68,230.4218938130175,55.457237243652344,1237.580225932296,171119.88671875,829.7333351135248,509.6750196096312,101.50718688964844,1817.0839553591068,67957.5634765625,1842.92333984375,710.7750238816487,664.7448120117188,2329.6949265861213,249652.4931640625,1466.8024169921875,,,,,,,,,,,,,,,
2dsa,cpu,raw,temporal,2dsa_arch_64_32_scaler_minmax_opt_rmsprop_batch_128_act_elu_drop_0.3,server/run_2025_12_27/results/2dsa/cpu/raw/temporal/2dsa_arch_64_32_scaler_minmax_opt_rmsprop_batch_128_act_elu_drop_0.3,64_32,minmax_opt_rmsprop_batch_128_act_elu_drop_0,rmsprop_batch_128_act_elu_drop_0,128,elu_drop_0,0.3,128,0.3,237.88855730898163,470.1876454387544,415.58689513599165,1236.13371644469,1815.4938356967991,2326.4579374397754,84,237.88855730898163,67.13319396972656,1236.13371644469,170914.79638671875,800.4721679687485,470.1876454387544,70.13319396972656,1815.4938356967991,70346.5693359375,1853.9853515625,415.58689513599165,203.29620361328125,2326.4579374397754,248963.94946289065,1201.5428344726572,,,,,,,,,,,,,,,
2dsa,cpu,raw,temporal,2dsa_arch_64_32_scaler_minmax_opt_rmsprop_batch_128_act_relu_drop_0.2,server/run_2025_12_27/results/2dsa/cpu/raw/temporal/2dsa_arch_64_32_scaler_minmax_opt_rmsprop_batch_128_act_relu_drop_0.2,64_32,minmax_opt_rmsprop_batch_128_act_relu_drop_0,rmsprop_batch_128_act_relu_drop_0,128,relu_drop_0,0.2,128,0.2,231.64291332768252,491.9703662264072,570.1545939719733,1249.7280632352897,1816.714481785421,2320.4941837232345,73,231.64291332768252,41.93119239807129,1249.7280632352897,171924.74365234375,855.6784118652338,491.9703662264072,101.4256591796875,1816.714481785421,63761.1455078125,1572.228515625,570.1545939719733,412.5758972167969,2320.4941837232345,250233.70849609375,1181.2981201171876,,,,,,,,,,,,,,,
2dsa,cpu,raw,temporal,2dsa_arch_64_32_scaler_minmax_opt_rmsprop_batch_128_act_relu_drop_0.3,server/run_2025_12_27/results/2dsa/cpu/raw/temporal/2dsa_arch_64_32_scaler_minmax_opt_rmsprop_batch_128_act_relu_drop_0.3,64_32,minmax_opt_rmsprop_batch_128_act_relu_drop_0,rmsprop_batch_128_act_relu_drop_0,128,relu_drop_0,0.3,128,0.3,232.02818890140165,492.7630655928009,502.7486373134264,1251.1026152554089,1821.590663678985,2321.002531593188,100,232.02818890140165,42.9693603515625,1251.1026152554089,171113.935546875,850.2678100585937,492.7630655928009,102.69599151611328,1821.590663678985,62560.7861328125,1541.268310546875,502.7486373134264,286.5645446777344,2321.002531593188,249948.9786376953,1223.2154052734377,,,,,,,,,,,,,,,
2dsa,cpu,raw,temporal,2dsa_arch_64_32_scaler_minmax_opt_rmsprop_batch_64_act_elu_drop_0.2,server/run_2025_12_27/results/2dsa/cpu/raw/temporal/2dsa_arch_64_32_scaler_minmax_opt_rmsprop_batch_64_act_elu_drop_0.2,64_32,minmax_opt_rmsprop_batch_64_act_elu_drop_0,rmsprop_batch_64_act_elu_drop_0,64,elu_drop_0,0.2,64,0.2,222.286897839011,445.6034597454415,311.9023725011058,1215.8070040113598,1777.2860386477396,2303.600051844067,100,222.286897839011,58.09709548950195,1215.8070040113598,170785.01171875,739.9385864257811,445.6034597454415,95.19830322265624,1777.2860386477396,65356.638671875,1772.9165802001953,311.9023725011058,107.90462493896484,2303.600051844067,247436.94897460935,925.5891052246096,,,,,,,,,,,,,,,
2dsa,cpu,raw,temporal,2dsa_arch_64_32_scaler_minmax_opt_rmsprop_batch_64_act_elu_drop_0.3,server/run_2025_12_27/results/2dsa/cpu/raw/temporal/2dsa_arch_64_32_scaler_minmax_opt_rmsprop_batch_64_act_elu_drop_0.3,64_32,minmax_opt_rmsprop_batch_64_act_elu_drop_0,rmsprop_batch_64_act_elu_drop_0,64,elu_drop_0,0.3,64,0.3,233.4816548077957,440.38515275611206,295.1081498054106,1244.2377262798827,1804.7808458795523,2319.240106180101,73,233.4816548077957,64.31500244140625,1244.2377262798827,171705.5947265625,816.6617317199704,440.38515275611206,79.78172302246094,1804.7808458795523,68942.685546875,1673.10107421875,295.1081498054106,72.24968719482422,2319.240106180101,249348.54028320312,813.9685546875002,,,,,,,,,,,,,,,
2dsa,cpu,raw,temporal,2dsa_arch_64_32_scaler_minmax_opt_rmsprop_batch_64_act_relu_drop_0.2,server/run_2025_12_27/results/2dsa/cpu/raw/temporal/2dsa_arch_64_32_scaler_minmax_opt_rmsprop_batch_64_act_relu_drop_0.2,64_32,minmax_opt_rmsprop_batch_64_act_relu_drop_0,rmsprop_batch_64_act_relu_drop_0,64,relu_drop_0,0.2,64,0.2,213.60665091944864,476.28966379175745,358.27329610388006,1249.9368435260076,1786.422901499452,2314.745120065795,69,213.60665091944864,33.638118743896484,1249.9368435260076,172223.55078125,767.8106811523434,476.28966379175745,82.07460021972656,1786.422901499452,61682.384765625,1614.2322998046875,358.27329610388006,181.4705810546875,2314.745120065795,249964.40966796875,870.3843994140626,,,,,,,,,,,,,,,
2dsa,cpu,raw,temporal,2dsa_arch_64_32_scaler_minmax_opt_rmsprop_batch_64_act_relu_drop_0.3,server/run_2025_12_27/results/2dsa/cpu/raw/temporal/2dsa_arch_64_32_scaler_minmax_opt_rmsprop_batch_64_act_relu_drop_0.3,64_32,minmax_opt_rmsprop_batch_64_act_relu_drop_0,rmsprop_batch_64_act_relu_drop_0,64,relu_drop_0,0.3,64,0.3,226.08232268165705,440.7757131072186,292.0741649636928,1261.7876881812035,1782.1035268804133,2311.411407407953,77,226.08232268165705,42.47130584716797,1261.7876881812035,171732.056640625,786.3764816284177,440.7757131072186,63.730255126953125,1782.1035268804133,60563.486328125,1490.35986328125,292.0741649636928,67.55558776855469,2311.411407407953,249859.88647460935,835.6931396484376,,,,,,,,,,,,,,,
2dsa,cpu,raw,temporal,2dsa_arch_64_32_scaler_standard_opt_adam_batch_128_act_elu_drop_0.2,server/run_2025_12_27/results/2dsa/cpu/raw/temporal/2dsa_arch_64_32_scaler_standard_opt_adam_batch_128_act_elu_drop_0.2,64_32,standard_opt_adam_batch_128_act_elu_drop_0,adam_batch_128_act_elu_drop_0,128,elu_drop_0,0.2,128,0.2,221.42248213222663,428.44141587910224,265.0296517008208,1119.244793294471,1777.924110502658,2232.454501582529,49,221.42248213222663,44.52970886230469,1119.244793294471,164116.5712890625,847.5630050659175,428.44141587910224,50.970726013183594,1777.924110502658,65320.9140625,1727.2542724609375,265.0296517008208,39.69792175292969,2232.454501582529,248082.59130859375,947.5465698242188,,,,,,,,,,,,,,,
2dsa,cpu,raw,temporal,2dsa_arch_64_32_scaler_standard_opt_adam_batch_128_act_elu_drop_0.3,server/run_2025_12_27/results/2dsa/cpu/raw/temporal/2dsa_arch_64_32_scaler_standard_opt_adam_batch_128_act_elu_drop_0.3,64_32,standard_opt_adam_batch_128_act_elu_drop_0,adam_batch_128_act_elu_drop_0,128,elu_drop_0,0.3,128,0.3,225.348049305287,434.3839481531142,275.5123950857844,1163.407371637909,1799.0448532377388,2239.7208258079313,31,225.348049305287,42.48017883300781,1163.407371637909,167796.42578125,891.0957763671871,434.3839481531142,64.51819610595703,1799.0448532377388,67634.57421875,1864.2994384765625,275.5123950857844,65.56838989257812,2239.7208258079313,248537.51171875,996.4366333007816,,,,,,,,,,,,,,,
2dsa,cpu,raw,temporal,2dsa_arch_64_32_scaler_standard_opt_adam_batch_128_act_relu_drop_0.2,server/run_2025_12_27/results/2dsa/cpu/raw/temporal/2dsa_arch_64_32_scaler_standard_opt_adam_batch_128_act_relu_drop_0.2,64_32,standard_opt_adam_batch_128_act_relu_drop_0,adam_batch_128_act_relu_drop_0,128,relu_drop_0,0.2,128,0.2,228.3149443061289,549.308770581478,659.6298900994731,1215.5200265367369,1850.1902245649685,2366.6608548822683,34,228.3149443061289,37.60626602172851,1215.5200265367369,170672.47607421875,915.6563720703124,549.308770581478,144.11753845214844,1850.1902245649685,70972.728515625,2036.019287109375,659.6298900994731,364.8742065429687,2366.6608548822683,250359.74084472656,2317.74072265625,,,,,,,,,,,,,,,
2dsa,cpu,raw,temporal,2dsa_arch_64_32_scaler_standard_opt_adam_batch_128_act_relu_drop_0.3,server/run_2025_12_27/results/2dsa/cpu/raw/temporal/2dsa_arch_64_32_scaler_standard_opt_adam_batch_128_act_relu_drop_0.3,64_32,standard_opt_adam_batch_128_act_relu_drop_0,adam_batch_128_act_relu_drop_0,128,relu_drop_0,0.3,128,0.3,231.53395197404103,522.7084143600631,684.3205040091558,1229.249385828597,1877.7961807125905,2356.7253398744397,37,231.53395197404103,36.92830562591553,1229.249385828597,171582.01953125,967.5183074951163,522.7084143600631,121.55148315429688,1877.7961807125905,72063.07275390625,1846.8038330078125,684.3205040091558,462.4772338867187,2356.7253398744397,250496.84051513672,2020.31064453125,,,,,,,,,,,,,,,
2dsa,cpu,raw,temporal,2dsa_arch_64_32_scaler_standard_opt_adam_batch_64_act_elu_drop_0.2,server/run_2025_12_27/results/2dsa/cpu/raw/temporal/2dsa_arch_64_32_scaler_standard_opt_adam_batch_64_act_elu_drop_0.2,64_32,standard_opt_adam_batch_64_act_elu_drop_0,adam_batch_64_act_elu_drop_0,64,elu_drop_0,0.2,64,0.2,215.80563510327383,417.01414351707734,263.2520215769801,1184.4689379713354,1777.2019467203074,2265.7479241960687,22,215.80563510327383,33.20573425292969,1184.4689379713354,170344.92041015625,854.0816589355467,417.01414351707734,47.08447265625,1777.2019467203074,67496.4287109375,1809.7288818359375,263.2520215769801,44.92583465576172,2265.7479241960687,248640.47290039065,973.297821044922,,,,,,,,,,,,,,,
2dsa,cpu,raw,temporal,2dsa_arch_64_32_scaler_standard_opt_adam_batch_64_act_elu_drop_0.3,server/run_2025_12_27/results/2dsa/cpu/raw/temporal/2dsa_arch_64_32_scaler_standard_opt_adam_batch_64_act_elu_drop_0.3,64_32,standard_opt_adam_batch_64_act_elu_drop_0,adam_batch_64_act_elu_drop_0,64,elu_drop_0,0.3,64,0.3,223.79037421028525,426.5719680166517,273.6194847562673,1174.25111507014,1782.7468577943382,2255.500082370664,22,223.79037421028525,36.679738998413086,1174.25111507014,169843.87841796875,905.0063598632807,426.5719680166517,56.260459899902344,1782.7468577943382,68040.990234375,1864.3798828125,273.6194847562673,59.138275146484375,2255.500082370664,248785.71899414065,1011.818371582032,,,,,,,,,,,,,,,
2dsa,cpu,raw,temporal,2dsa_arch_64_32_scaler_standard_opt_adam_batch_64_act_relu_drop_0.2,server/run_2025_12_27/results/2dsa/cpu/raw/temporal/2dsa_arch_64_32_scaler_standard_opt_adam_batch_64_act_relu_drop_0.2,64_32,standard_opt_adam_batch_64_act_relu_drop_0,adam_batch_64_act_relu_drop_0,64,relu_drop_0,0.2,64,0.2,255.34877334293955,531.8841169434068,607.213119580381,1245.5628609656155,1848.1967217949136,2347.040296228038,22,255.34877334293955,39.210670471191406,1245.5628609656155,171756.79248046875,1088.8893249511714,531.8841169434068,116.63835144042967,1848.1967217949136,70923.89111328125,1896.273193359375,607.213119580381,307.7309265136719,2347.040296228038,250439.9398193359,1769.0458496093756,,,,,,,,,,,,,,,
2dsa,cpu,raw,temporal,2dsa_arch_64_32_scaler_standard_opt_adam_batch_64_act_relu_drop_0.3,server/run_2025_12_27/results/2dsa/cpu/raw/temporal/2dsa_arch_64_32_scaler_standard_opt_adam_batch_64_act_relu_drop_0.3,64_32,standard_opt_adam_batch_64_act_relu_drop_0,adam_batch_64_act_relu_drop_0,64,relu_drop_0,0.3,64,0.3,243.16140178703725,611.325739654168,984.446459861032,1240.1233131248823,1903.952852418338,2384.7823526427833,46,243.16140178703725,55.23563766479492,1240.1233131248823,172126.6982421875,997.6494262695296,611.325739654168,172.85435485839844,1903.952852418338,72603.4501953125,2267.2919921875,984.446459861032,777.7195434570312,2384.7823526427833,250463.6494140625,2424.3096679687505,,,,,,,,,,,,,,,
2dsa,cpu,raw,temporal,2dsa_arch_64_32_scaler_standard_opt_rmsprop_batch_128_act_elu_drop_0.2,server/run_2025_12_27/results/2dsa/cpu/raw/temporal/2dsa_arch_64_32_scaler_standard_opt_rmsprop_batch_128_act_elu_drop_0.2,64_32,standard_opt_rmsprop_batch_128_act_elu_drop_0,rmsprop_batch_128_act_elu_drop_0,128,elu_drop_0,0.2,128,0.2,211.51819438595135,467.16050206871506,288.630684818469,1204.2011616747657,1776.2901353955788,2278.6851655351065,28,211.51819438595135,30.882347106933594,1204.2011616747657,175998.13024902344,873.7097145080561,467.16050206871506,68.62925720214844,1776.2901353955788,68315.7734375,1906.7420654296875,288.630684818469,55.092041015625,2278.6851655351065,248473.8220214844,1125.4590332031253,,,,,,,,,,,,,,,
2dsa,cpu,raw,temporal,2dsa_arch_64_32_scaler_standard_opt_rmsprop_batch_128_act_elu_drop_0.3,server/run_2025_12_27/results/2dsa/cpu/raw/temporal/2dsa_arch_64_32_scaler_standard_opt_rmsprop_batch_128_act_elu_drop_0.3,64_32,standard_opt_rmsprop_batch_128_act_elu_drop_0,rmsprop_batch_128_act_elu_drop_0,128,elu_drop_0,0.3,128,0.3,219.94847812556108,557.9004473110797,316.6652227716507,1229.492599915225,1841.02657338037,2319.552799240176,23,219.94847812556108,23.33678913116455,1229.492599915225,175453.33520507812,868.2638488769522,557.9004473110797,103.11331176757812,1841.02657338037,69604.4912109375,2118.131103515625,316.6652227716507,65.89737701416016,2319.552799240176,249151.7001953125,961.7029296875008,,,,,,,,,,,,,,,
2dsa,cpu,raw,temporal,2dsa_arch_64_32_scaler_standard_opt_rmsprop_batch_128_act_relu_drop_0.2,server/run_2025_12_27/results/2dsa/cpu/raw/temporal/2dsa_arch_64_32_scaler_standard_opt_rmsprop_batch_128_act_relu_drop_0.2,64_32,standard_opt_rmsprop_batch_128_act_relu_drop_0,rmsprop_batch_128_act_relu_drop_0,128,relu_drop_0,0.2,128,0.2,236.53345595642736,555.4653060238385,616.5651282261285,2237.97903447386,1866.0903482904691,2331.739366661166,31,236.53345595642736,39.08331680297851,2237.97903447386,827196.75,949.4418045043944,555.4653060238385,190.06930541992188,1866.0903482904691,72234.73681640625,1694.9945068359375,616.5651282261285,502.40869140625,2331.739366661166,250379.7275390625,1210.6606445312502,,,,,,,,,,,,,,,
2dsa,cpu,raw,temporal,2dsa_arch_64_32_scaler_standard_opt_rmsprop_batch_128_act_relu_drop_0.3,server/run_2025_12_27/results/2dsa/cpu/raw/temporal/2dsa_arch_64_32_scaler_standard_opt_rmsprop_batch_128_act_relu_drop_0.3,64_32,standard_opt_rmsprop_batch_128_act_relu_drop_0,rmsprop_batch_128_act_relu_drop_0,128,relu_drop_0,0.3,128,0.3,235.46415387474235,535.7937144155557,521.1085671527421,1636.219062954059,1899.681568166997,2364.769793830238,26,235.46415387474235,38.431732177734375,1636.219062954059,454369.75,937.2596931457516,535.7937144155557,121.47787475585938,1899.681568166997,73001.09326171875,1604.71533203125,521.1085671527421,177.81150817871094,2364.769793830238,250366.84802246097,1452.0826171875,,,,,,,,,,,,,,,
2dsa,cpu,raw,temporal,2dsa_arch_64_32_scaler_standard_opt_rmsprop_batch_64_act_elu_drop_0.2,server/run_2025_12_27/results/2dsa/cpu/raw/temporal/2dsa_arch_64_32_scaler_standard_opt_rmsprop_batch_64_act_elu_drop_0.2,64_32,standard_opt_rmsprop_batch_64_act_elu_drop_0,rmsprop_batch_64_act_elu_drop_0,64,elu_drop_0,0.2,64,0.2,222.54345603990592,546.9069682013742,290.237518706941,1248.271744778879,1840.2813366608768,2316.5208827432825,17,222.54345603990592,30.051098823547363,1248.271744778879,176299.34118652344,848.5623413085935,546.9069682013742,115.88879585266112,1840.2813366608768,69928.9765625,2180.780517578125,290.237518706941,32.88895130157471,2316.5208827432825,248903.48828125,996.9147422790536,,,,,,,,,,,,,,,
2dsa,cpu,raw,temporal,2dsa_arch_64_32_scaler_standard_opt_rmsprop_batch_64_act_elu_drop_0.3,server/run_2025_12_27/results/2dsa/cpu/raw/temporal/2dsa_arch_64_32_scaler_standard_opt_rmsprop_batch_64_act_elu_drop_0.3,64_32,standard_opt_rmsprop_batch_64_act_elu_drop_0,rmsprop_batch_64_act_elu_drop_0,64,elu_drop_0,0.3,64,0.3,222.94687244689115,548.6179328869754,303.93678382914993,1251.4423374245875,1853.495750506933,2332.641771496629,21,222.94687244689115,68.4995346069336,1251.4423374245875,176078.43774414062,751.4855712890625,548.6179328869754,74.4995346069336,1853.495750506933,70137.8359375,2181.00732421875,303.93678382914993,68.4995346069336,2332.641771496629,248883.0908203125,946.8905944824228,,,,,,,,,,,,,,,
2dsa,cpu,raw,temporal,2dsa_arch_64_32_scaler_standard_opt_rmsprop_batch_64_act_relu_drop_0.2,server/run_2025_12_27/results/2dsa/cpu/raw/temporal/2dsa_arch_64_32_scaler_standard_opt_rmsprop_batch_64_act_relu_drop_0.2,64_32,standard_opt_rmsprop_batch_64_act_relu_drop_0,rmsprop_batch_64_act_relu_drop_0,64,relu_drop_0,0.2,64,0.2,223.4156584835839,531.2558368931448,476.29303664724034,2058.9761396093572,1872.8830155889457,2341.943066303072,27,223.4156584835839,40.021759033203125,2058.9761396093572,730760.875,812.0283691406249,531.2558368931448,131.10113525390625,1872.8830155889457,71824.73876953125,1769.05810546875,476.29303664724034,287.35675048828125,2341.943066303072,250433.0595703125,1083.6438476562505,,,,,,,,,,,,,,,
2dsa,cpu,raw,temporal,2dsa_arch_64_32_scaler_standard_opt_rmsprop_batch_64_act_relu_drop_0.3,server/run_2025_12_27/results/2dsa/cpu/raw/temporal/2dsa_arch_64_32_scaler_standard_opt_rmsprop_batch_64_act_relu_drop_0.3,64_32,standard_opt_rmsprop_batch_64_act_relu_drop_0,rmsprop_batch_64_act_relu_drop_0,64,relu_drop_0,0.3,64,0.3,242.06195773496611,517.845920185097,446.9857932746283,1578.984294119954,1895.951444851222,2347.358007074711,24,242.06195773496611,38.798439025878906,1578.984294119954,404438.9375,952.907958984375,517.845920185097,119.61849975585938,1895.951444851222,73000.71875,1604.6224060058594,446.9857932746283,269.02294921875,2347.358007074711,250369.4100341797,993.4354370117188,,,,,,,,,,,,,,,
2dsa,memory,raw,record,2dsa_arch_128_64_scaler_minmax_opt_adam_batch_128_act_elu_drop_0.2,server/run_2025_12_27/results/2dsa/memory/raw/record/2dsa_arch_128_64_scaler_minmax_opt_adam_batch_128_act_elu_drop_0.2,128_64,minmax_opt_adam_batch_128_act_elu_drop_0,adam_batch_128_act_elu_drop_0,128,elu_drop_0,0.2,128,0.2,681.8729200801856,736.1387324135663,1098.7186201005536,1510.288342414202,1238.2330195005898,1823.4573366718976,30,,,,,,,,,,,,,,,,681.8729200801856,198.5653381347656,1510.288342414202,65759.517578125,2742.476489257812,736.1387324135663,430.8961181640625,1238.2330195005898,44924.37109375,2256.53369140625,1098.7186201005536,608.8311462402344,1823.4573366718976,39059.798828125,3471.21923828125
2dsa,memory,raw,record,2dsa_arch_128_64_scaler_minmax_opt_adam_batch_128_act_elu_drop_0.3,server/run_2025_12_27/results/2dsa/memory/raw/record/2dsa_arch_128_64_scaler_minmax_opt_adam_batch_128_act_elu_drop_0.3,128_64,minmax_opt_adam_batch_128_act_elu_drop_0,adam_batch_128_act_elu_drop_0,128,elu_drop_0,0.3,128,0.3,662.199729803832,710.3910730806168,1046.4261929663196,1465.6466290825736,1211.6971040698363,1718.461537948998,35,,,,,,,,,,,,,,,,662.199729803832,206.53271484375,1465.6466290825736,65653.775390625,2602.8842529296867,710.3910730806168,359.86181640625,1211.6971040698363,45434.546875,2275.04150390625,1046.4261929663196,587.1912384033203,1718.461537948998,40265.38671875,3354.083789062506
2dsa,memory,raw,record,2dsa_arch_128_64_scaler_minmax_opt_adam_batch_128_act_relu_drop_0.2,server/run_2025_12_27/results/2dsa/memory/raw/record/2dsa_arch_128_64_scaler_minmax_opt_adam_batch_128_act_relu_drop_0.2,128_64,minmax_opt_adam_batch_128_act_relu_drop_0,adam_batch_128_act_relu_drop_0,128,relu_drop_0,0.2,128,0.2,804.6001303467988,924.7077035089368,1191.2775212505655,1731.2542058778647,1446.7231579401694,2596.8598165346916,26,,,,,,,,,,,,,,,,804.6001303467988,200.2508544921875,1731.2542058778647,66605.66015625,3365.9508544921873,924.7077035089368,466.6984252929687,1446.7231579401694,45375.328125,2733.13720703125,1191.2775212505655,361.65234375,2596.8598165346916,35541.6875,5192.1427734375
2dsa,memory,raw,record,2dsa_arch_128_64_scaler_minmax_opt_adam_batch_128_act_relu_drop_0.3,server/run_2025_12_27/results/2dsa/memory/raw/record/2dsa_arch_128_64_scaler_minmax_opt_adam_batch_128_act_relu_drop_0.3,128_64,minmax_opt_adam_batch_128_act_relu_drop_0,adam_batch_128_act_relu_drop_0,128,relu_drop_0,0.3,128,0.3,618.8909891370319,709.2244301826671,782.7597158567186,1381.832636184282,1250.5674790394414,1671.1795816945455,93,,,,,,,,,,,,,,,,618.8909891370319,170.095703125,1381.832636184282,59205.955078125,2544.533544921874,709.2244301826671,299.91363525390625,1250.5674790394414,43049.548828125,3218.2646484375,782.7597158567186,281.83544921875,1671.1795816945455,34073.82421875,3320.5918945312515
2dsa,memory,raw,record,2dsa_arch_128_64_scaler_minmax_opt_adam_batch_64_act_elu_drop_0.2,server/run_2025_12_27/results/2dsa/memory/raw/record/2dsa_arch_128_64_scaler_minmax_opt_adam_batch_64_act_elu_drop_0.2,128_64,minmax_opt_adam_batch_64_act_elu_drop_0,adam_batch_64_act_elu_drop_0,64,elu_drop_0,0.2,64,0.2,651.3179103680781,717.7996865408895,1155.5978858188548,1471.3629652797638,1224.9002499317644,1785.7485847162409,27,,,,,,,,,,,,,,,,651.3179103680781,186.59112548828125,1471.3629652797638,65817.333984375,2628.5302001953096,717.7996865408895,407.4530029296875,1224.9002499317644,45690.716796875,2227.3068237304688,1155.5978858188548,657.6400756835938,1785.7485847162409,39932.251953125,3586.5570312500045
2dsa,memory,raw,record,2dsa_arch_128_64_scaler_minmax_opt_adam_batch_64_act_elu_drop_0.3,server/run_2025_12_27/results/2dsa/memory/raw/record/2dsa_arch_128_64_scaler_minmax_opt_adam_batch_64_act_elu_drop_0.3,128_64,minmax_opt_adam_batch_64_act_elu_drop_0,adam_batch_64_act_elu_drop_0,64,elu_drop_0,0.3,64,0.3,661.7707933290574,717.2109950391057,1062.6059296104384,1474.2856494281025,1216.677285010738,1733.5195490395506,27,,,,,,,,,,,,,,,,661.7707933290574,199.2748260498047,1474.2856494281025,65368.2421875,2699.867822265625,717.2109950391057,373.2562255859375,1216.677285010738,44967.0625,2243.1693725585938,1062.6059296104384,597.8016967773438,1733.5195490395506,39103.3671875,3466.7411621093765
2dsa,memory,raw,record,2dsa_arch_128_64_scaler_minmax_opt_adam_batch_64_act_relu_drop_0.2,server/run_2025_12_27/results/2dsa/memory/raw/record/2dsa_arch_128_64_scaler_minmax_opt_adam_batch_64_act_relu_drop_0.2,128_64,minmax_opt_adam_batch_64_act_relu_drop_0,adam_batch_64_act_relu_drop_0,64,relu_drop_0,0.2,64,0.2,693.1769961245918,796.6224028996148,861.4356724376094,1585.9717980330054,1341.565396290575,1940.478561373504,35,,,,,,,,,,,,,,,,693.1769961245918,187.6177978515625,1585.9717980330054,66411.42578125,2915.439038085937,796.6224028996148,364.78076171875,1341.565396290575,45342.017578125,3135.16845703125,861.4356724376094,269.01495361328125,1940.478561373504,36320.75390625,3305.7491210937515
2dsa,memory,raw,record,2dsa_arch_128_64_scaler_minmax_opt_adam_batch_64_act_relu_drop_0.3,server/run_2025_12_27/results/2dsa/memory/raw/record/2dsa_arch_128_64_scaler_minmax_opt_adam_batch_64_act_relu_drop_0.3,128_64,minmax_opt_adam_batch_64_act_relu_drop_0,adam_batch_64_act_relu_drop_0,64,relu_drop_0,0.3,64,0.3,606.7646414484904,683.0550900813494,771.92631695255,1343.8562066547092,1176.8828182492791,1611.9027960870912,100,,,,,,,,,,,,,,,,606.7646414484904,176.39862060546875,1343.8562066547092,58688.193359375,2493.0234130859376,683.0550900813494,280.22705078125,1176.8828182492791,41182.259765625,2807.018310546875,771.92631695255,274.20391845703125,1611.9027960870912,33339.37890625,3175.094628906251
2dsa,memory,raw,record,2dsa_arch_128_64_scaler_minmax_opt_rmsprop_batch_128_act_elu_drop_0.2,server/run_2025_12_27/results/2dsa/memory/raw/record/2dsa_arch_128_64_scaler_minmax_opt_rmsprop_batch_128_act_elu_drop_0.2,128_64,minmax_opt_rmsprop_batch_128_act_elu_drop_0,rmsprop_batch_128_act_elu_drop_0,128,elu_drop_0,0.2,128,0.2,718.6870644968945,675.6041386431951,824.6943136485343,1571.5080946702365,1181.9829439333269,1888.7967952868855,34,,,,,,,,,,,,,,,,718.6870644968945,189.6032562255859,1571.5080946702365,66950.087890625,2969.3648437499996,675.6041386431951,363.96240234375,1181.9829439333269,45684.859375,2082.9794921875,824.6943136485343,234.41552734375,1888.7967952868855,41592.38671875,3476.462402343751
2dsa,memory,raw,record,2dsa_arch_128_64_scaler_minmax_opt_rmsprop_batch_128_act_elu_drop_0.3,server/run_2025_12_27/results/2dsa/memory/raw/record/2dsa_arch_128_64_scaler_minmax_opt_rmsprop_batch_128_act_elu_drop_0.3,128_64,minmax_opt_rmsprop_batch_128_act_elu_drop_0,rmsprop_batch_128_act_elu_drop_0,128,elu_drop_0,0.3,128,0.3,594.7773223317943,632.4142752741599,767.0486352525854,1344.7036185228744,1161.7914006895492,1622.193175410299,84,,,,,,,,,,,,,,,,594.7773223317943,205.20135498046875,1344.7036185228744,61998.78515625,2363.2000244140604,632.4142752741599,295.818359375,1161.7914006895492,42296.5625,2198.861328125,767.0486352525854,291.79901123046875,1622.193175410299,39706.337890625,3023.411914062501
2dsa,memory,raw,record,2dsa_arch_128_64_scaler_minmax_opt_rmsprop_batch_128_act_relu_drop_0.2,server/run_2025_12_27/results/2dsa/memory/raw/record/2dsa_arch_128_64_scaler_minmax_opt_rmsprop_batch_128_act_relu_drop_0.2,128_64,minmax_opt_rmsprop_batch_128_act_relu_drop_0,rmsprop_batch_128_act_relu_drop_0,128,relu_drop_0,0.2,128,0.2,649.9202638999861,730.2101313979621,913.2261977850432,1521.7739667582107,1266.0750509653344,1961.957161884591,67,,,,,,,,,,,,,,,,649.9202638999861,171.84307861328125,1521.7739667582107,79750.40625,2697.726342773437,730.2101313979621,336.98052978515625,1266.0750509653344,45637.48828125,3027.287353515625,913.2261977850432,353.38641357421875,1961.957161884591,69979.6953125,3496.29052734375
2dsa,memory,raw,record,2dsa_arch_128_64_scaler_minmax_opt_rmsprop_batch_128_act_relu_drop_0.3,server/run_2025_12_27/results/2dsa/memory/raw/record/2dsa_arch_128_64_scaler_minmax_opt_rmsprop_batch_128_act_relu_drop_0.3,128_64,minmax_opt_rmsprop_batch_128_act_relu_drop_0,rmsprop_batch_128_act_relu_drop_0,128,relu_drop_0,0.3,128,0.3,593.138548070895,750.1399068359273,718.3602998621492,1400.6739662300577,1211.7872747129843,1552.1292168446616,100,,,,,,,,,,,,,,,,593.138548070895,190.7733154296875,1400.6739662300577,87027.0625,2503.9252929687473,750.1399068359273,387.5927734375,1211.7872747129843,40954.189453125,3086.18359375,718.3602998621492,210.0125732421875,1552.1292168446616,34596.8984375,3165.195117187501
2dsa,memory,raw,record,2dsa_arch_128_64_scaler_minmax_opt_rmsprop_batch_64_act_elu_drop_0.2,server/run_2025_12_27/results/2dsa/memory/raw/record/2dsa_arch_128_64_scaler_minmax_opt_rmsprop_batch_64_act_elu_drop_0.2,128_64,minmax_opt_rmsprop_batch_64_act_elu_drop_0,rmsprop_batch_64_act_elu_drop_0,64,elu_drop_0,0.2,64,0.2,718.2365891389901,684.2959405954414,837.7978698100204,1593.1697170827713,1196.3097837707533,1912.8743220170352,27,,,,,,,,,,,,,,,,718.2365891389901,193.86312866210935,1593.1697170827713,67280.033203125,2973.619750976562,684.2959405954414,371.153564453125,1196.3097837707533,45848.763671875,2085.3469848632812,837.7978698100204,249.1533203125,1912.8743220170352,42466.759765625,3429.6212890625015
2dsa,memory,raw,record,2dsa_arch_128_64_scaler_minmax_opt_rmsprop_batch_64_act_elu_drop_0.3,server/run_2025_12_27/results/2dsa/memory/raw/record/2dsa_arch_128_64_scaler_minmax_opt_rmsprop_batch_64_act_elu_drop_0.3,128_64,minmax_opt_rmsprop_batch_64_act_elu_drop_0,rmsprop_batch_64_act_elu_drop_0,64,elu_drop_0,0.3,64,0.3,671.0483333301835,669.8401598033801,818.884679410132,1550.4655217840095,1185.0062522963026,1908.6755705362852,31,,,,,,,,,,,,,,,,671.0483333301835,190.56723022460935,1550.4655217840095,68065.46875,2752.18486328125,669.8401598033801,361.848876953125,1185.0062522963026,46009.19921875,2063.65966796875,818.884679410132,276.10479736328125,1908.6755705362852,42671.546875,3407.4521484375
2dsa,memory,raw,record,2dsa_arch_128_64_scaler_minmax_opt_rmsprop_batch_64_act_relu_drop_0.2,server/run_2025_12_27/results/2dsa/memory/raw/record/2dsa_arch_128_64_scaler_minmax_opt_rmsprop_batch_64_act_relu_drop_0.2,128_64,minmax_opt_rmsprop_batch_64_act_relu_drop_0,rmsprop_batch_64_act_relu_drop_0,64,relu_drop_0,0.2,64,0.2,584.204754085938,706.2491524381315,929.0509337653888,1421.1660391126666,1230.111147787856,1879.240491725585,67,,,,,,,,,,,,,,,,584.204754085938,148.81405639648438,1421.1660391126666,62557.564453125,2449.789794921874,706.2491524381315,345.344970703125,1230.111147787856,44141.6875,2792.7587890625,929.0509337653888,458.8800048828125,1879.240491725585,100158.34375,3251.580468750001
2dsa,memory,raw,record,2dsa_arch_128_64_scaler_minmax_opt_rmsprop_batch_64_act_relu_drop_0.3,server/run_2025_12_27/results/2dsa/memory/raw/record/2dsa_arch_128_64_scaler_minmax_opt_rmsprop_batch_64_act_relu_drop_0.3,128_64,minmax_opt_rmsprop_batch_64_act_relu_drop_0,rmsprop_batch_64_act_relu_drop_0,64,relu_drop_0,0.3,64,0.3,610.3610597653699,721.2505517889467,774.8462230519154,1465.9575639520804,1178.7062651782471,1609.474041663853,61,,,,,,,,,,,,,,,,610.3610597653699,186.490234375,1465.9575639520804,83490.8515625,2539.963403320311,721.2505517889467,369.118896484375,1178.7062651782471,42943.44921875,2933.60791015625,774.8462230519154,317.6470947265625,1609.474041663853,60973.609375,3126.15400390625
2dsa,memory,raw,record,2dsa_arch_128_64_scaler_standard_opt_adam_batch_128_act_elu_drop_0.2,server/run_2025_12_27/results/2dsa/memory/raw/record/2dsa_arch_128_64_scaler_standard_opt_adam_batch_128_act_elu_drop_0.2,128_64,standard_opt_adam_batch_128_act_elu_drop_0,adam_batch_128_act_elu_drop_0,128,elu_drop_0,0.2,128,0.2,477.5407334981523,524.5179982440321,877.9041687850516,1073.745409619134,957.8394512828664,1413.796609826244,73,,,,,,,,,,,,,,,,477.5407334981523,125.60943603515624,1073.745409619134,50496.78125,2016.8085693359376,524.5179982440321,251.326416015625,957.8394512828664,31854.44921875,1819.9931640625,877.9041687850516,467.8572998046875,1413.796609826244,32540.78515625,3117.0216796875
2dsa,memory,raw,record,2dsa_arch_128_64_scaler_standard_opt_adam_batch_128_act_elu_drop_0.3,server/run_2025_12_27/results/2dsa/memory/raw/record/2dsa_arch_128_64_scaler_standard_opt_adam_batch_128_act_elu_drop_0.3,128_64,standard_opt_adam_batch_128_act_elu_drop_0,adam_batch_128_act_elu_drop_0,128,elu_drop_0,0.3,128,0.3,506.4690056703219,483.5616669722707,727.4051803426635,1122.0948997173136,989.5220522832842,1467.5916212712225,100,,,,,,,,,,,,,,,,506.4690056703219,145.41180419921875,1122.0948997173136,52018.68359375,2136.5940429687485,483.5616669722707,186.1331787109375,989.5220522832842,33846.9140625,1799.96875,727.4051803426635,275.5067138671875,1467.5916212712225,33117.943359375,2949.2437500000015
2dsa,memory,raw,record,2dsa_arch_128_64_scaler_standard_opt_adam_batch_128_act_relu_drop_0.2,server/run_2025_12_27/results/2dsa/memory/raw/record/2dsa_arch_128_64_scaler_standard_opt_adam_batch_128_act_relu_drop_0.2,128_64,standard_opt_adam_batch_128_act_relu_drop_0,adam_batch_128_act_relu_drop_0,128,relu_drop_0,0.2,128,0.2,678.4908914185124,723.9530164867542,804.3482605250377,1454.6111954010764,1255.1685287853825,1778.836422943734,36,,,,,,,,,,,,,,,,678.4908914185124,189.7359619140625,1454.6111954010764,61195.626953125,2919.6960693359374,723.9530164867542,322.2816162109375,1255.1685287853825,42927.275390625,3239.75439453125,804.3482605250377,270.26641845703125,1778.836422943734,40369.9921875,3427.9267578125
2dsa,memory,raw,record,2dsa_arch_128_64_scaler_standard_opt_adam_batch_128_act_relu_drop_0.3,server/run_2025_12_27/results/2dsa/memory/raw/record/2dsa_arch_128_64_scaler_standard_opt_adam_batch_128_act_relu_drop_0.3,128_64,standard_opt_adam_batch_128_act_relu_drop_0,adam_batch_128_act_relu_drop_0,128,relu_drop_0,0.3,128,0.3,664.5700760066136,717.086312748982,822.8784148124028,1454.1206601899876,1269.380722999193,1726.600661734899,52,,,,,,,,,,,,,,,,664.5700760066136,167.08447265625,1454.1206601899876,57263.80859375,2886.838439941405,717.086312748982,327.186767578125,1269.380722999193,43461.1953125,3286.12548828125,822.8784148124028,288.216796875,1726.600661734899,56282.125,3542.2538085937513
2dsa,memory,raw,record,2dsa_arch_128_64_scaler_standard_opt_adam_batch_64_act_elu_drop_0.2,server/run_2025_12_27/results/2dsa/memory/raw/record/2dsa_arch_128_64_scaler_standard_opt_adam_batch_64_act_elu_drop_0.2,128_64,standard_opt_adam_batch_64_act_elu_drop_0,adam_batch_64_act_elu_drop_0,64,elu_drop_0,0.2,64,0.2,464.198380027925,452.3428109134391,723.5138594562079,1053.0296314870386,933.1299230672864,1405.5112990734635,77,,,,,,,,,,,,,,,,464.198380027925,123.13043212890624,1053.0296314870386,50061.53125,1964.597778320311,452.3428109134391,187.3499755859375,933.1299230672864,30007.8828125,1713.608642578125,723.5138594562079,287.21429443359375,1405.5112990734635,31069.009765625,2931.0506347656274
2dsa,memory,raw,record,2dsa_arch_128_64_scaler_standard_opt_adam_batch_64_act_elu_drop_0.3,server/run_2025_12_27/results/2dsa/memory/raw/record/2dsa_arch_128_64_scaler_standard_opt_adam_batch_64_act_elu_drop_0.3,128_64,standard_opt_adam_batch_64_act_elu_drop_0,adam_batch_64_act_elu_drop_0,64,elu_drop_0,0.3,64,0.3,495.1789832790573,498.57449414905,707.0699070403832,1038.6528393907477,1006.5455034107912,1395.9075214701586,100,,,,,,,,,,,,,,,,495.1789832790573,196.7838134765625,1038.6528393907477,51226.17578125,2009.336096191406,498.57449414905,200.7227783203125,1006.5455034107912,31663.01953125,1756.437744140625,707.0699070403832,280.09912109375,1395.9075214701586,32173.748046875,2871.7625976562517
2dsa,memory,raw,record,2dsa_arch_128_64_scaler_standard_opt_adam_batch_64_act_relu_drop_0.2,server/run_2025_12_27/results/2dsa/memory/raw/record/2dsa_arch_128_64_scaler_standard_opt_adam_batch_64_act_relu_drop_0.2,128_64,standard_opt_adam_batch_64_act_relu_drop_0,adam_batch_64_act_relu_drop_0,64,relu_drop_0,0.2,64,0.2,774.1500136185854,827.7045272364478,1084.6120094997596,1748.7220620551584,1458.5835845113706,2478.268605032735,24,,,,,,,,,,,,,,,,774.1500136185854,171.5732421875,1748.7220620551584,66299.673828125,3621.934765625,827.7045272364478,343.5760498046875,1458.5835845113706,45663.451171875,3023.241943359375,1084.6120094997596,305.46990966796875,2478.268605032735,36829.15234375,4474.36591796875
2dsa,memory,raw,record,2dsa_arch_128_64_scaler_standard_opt_adam_batch_64_act_relu_drop_0.3,server/run_2025_12_27/results/2dsa/memory/raw/record/2dsa_arch_128_64_scaler_standard_opt_adam_batch_64_act_relu_drop_0.3,128_64,standard_opt_adam_batch_64_act_relu_drop_0,adam_batch_64_act_relu_drop_0,64,relu_drop_0,0.3,64,0.3,558.6043685938314,731.8720202579576,753.8829911553923,1300.588882729611,1291.9976052744205,1665.7217586500371,76,,,,,,,,,,,,,,,,558.6043685938314,151.53216552734375,1300.588882729611,55975.826171875,2394.2209716796874,731.8720202579576,300.1746826171875,1291.9976052744205,41296.359375,3394.634765625,753.8829911553923,259.84710693359375,1665.7217586500371,59173.921875,3302.603125000001
2dsa,memory,raw,record,2dsa_arch_128_64_scaler_standard_opt_rmsprop_batch_128_act_elu_drop_0.2,server/run_2025_12_27/results/2dsa/memory/raw/record/2dsa_arch_128_64_scaler_standard_opt_rmsprop_batch_128_act_elu_drop_0.2,128_64,standard_opt_rmsprop_batch_128_act_elu_drop_0,rmsprop_batch_128_act_elu_drop_0,128,elu_drop_0,0.2,128,0.2,567.0456983086841,562.1426184316094,1082.367591260487,23625.931626872058,1055.6516327099284,1611.138797619878,54,,,,,,,,,,,,,,,,567.0456983086841,137.97152709960938,23625.931626872058,10510158.0,2173.9814697265624,562.1426184316094,215.00094604492188,1055.6516327099284,35995.798828125,1875.7188415527344,1082.367591260487,600.9541931152344,1611.138797619878,41636.80078125,3628.208691406251
2dsa,memory,raw,record,2dsa_arch_128_64_scaler_standard_opt_rmsprop_batch_128_act_elu_drop_0.3,server/run_2025_12_27/results/2dsa/memory/raw/record/2dsa_arch_128_64_scaler_standard_opt_rmsprop_batch_128_act_elu_drop_0.3,128_64,standard_opt_rmsprop_batch_128_act_elu_drop_0,rmsprop_batch_128_act_elu_drop_0,128,elu_drop_0,0.3,128,0.3,601.9747525121949,540.1907126177751,961.898293479094,33184.89921519777,1028.5928947389807,1570.176049798452,62,,,,,,,,,,,,,,,,601.9747525121949,154.09112548828125,33184.89921519777,14771334.0,2205.0346679687495,540.1907126177751,195.09814453125,1028.5928947389807,36798.66796875,1928.959716796875,961.898293479094,468.2928466796875,1570.176049798452,34620.9921875,3535.6007324218763
2dsa,memory,raw,record,2dsa_arch_128_64_scaler_standard_opt_rmsprop_batch_128_act_relu_drop_0.2,server/run_2025_12_27/results/2dsa/memory/raw/record/2dsa_arch_128_64_scaler_standard_opt_rmsprop_batch_128_act_relu_drop_0.2,128_64,standard_opt_rmsprop_batch_128_act_relu_drop_0,rmsprop_batch_128_act_relu_drop_0,128,relu_drop_0,0.2,128,0.2,534.2034891383779,603.2971344453132,727.9530265588626,5298.531460569648,1093.72244746018,1563.1335022834885,97,,,,,,,,,,,,,,,,534.2034891383779,129.6771240234375,5298.531460569648,2293770.75,2226.5540039062485,603.2971344453132,311.0830078125,1093.72244746018,39229.255859375,2133.528076171875,727.9530265588626,299.969970703125,1563.1335022834885,34428.39453125,2959.736523437503
2dsa,memory,raw,record,2dsa_arch_128_64_scaler_standard_opt_rmsprop_batch_128_act_relu_drop_0.3,server/run_2025_12_27/results/2dsa/memory/raw/record/2dsa_arch_128_64_scaler_standard_opt_rmsprop_batch_128_act_relu_drop_0.3,128_64,standard_opt_rmsprop_batch_128_act_relu_drop_0,rmsprop_batch_128_act_relu_drop_0,128,relu_drop_0,0.3,128,0.3,674.8382806658545,767.5976834553036,911.032537742304,2289.2924855531624,1301.5079455304976,2070.588006070396,67,,,,,,,,,,,,,,,,674.8382806658545,161.9873046875,2289.2924855531624,754065.625,2915.583325195312,767.5976834553036,359.7147216796875,1301.5079455304976,46247.884765625,3314.2861328125,911.032537742304,320.8536376953125,2070.588006070396,39010.3671875,3666.3323242187503
2dsa,memory,raw,record,2dsa_arch_128_64_scaler_standard_opt_rmsprop_batch_64_act_elu_drop_0.2,server/run_2025_12_27/results/2dsa/memory/raw/record/2dsa_arch_128_64_scaler_standard_opt_rmsprop_batch_64_act_elu_drop_0.2,128_64,standard_opt_rmsprop_batch_64_act_elu_drop_0,rmsprop_batch_64_act_elu_drop_0,64,elu_drop_0,0.2,64,0.2,584.3952640278324,554.6924773401078,953.7687202568288,34324.380735906074,1053.918097122806,1496.143910939693,40,,,,,,,,,,,,,,,,584.3952640278324,126.1856689453125,34324.380735906074,15279406.0,2147.4522949218745,554.6924773401078,201.3111572265625,1053.918097122806,35509.552734375,1855.7192993164065,953.7687202568288,486.4137573242187,1496.143910939693,33585.171875,3450.225854492191
2dsa,memory,raw,record,2dsa_arch_128_64_scaler_standard_opt_rmsprop_batch_64_act_elu_drop_0.3,server/run_2025_12_27/results/2dsa/memory/raw/record/2dsa_arch_128_64_scaler_standard_opt_rmsprop_batch_64_act_elu_drop_0.3,128_64,standard_opt_rmsprop_batch_64_act_elu_drop_0,rmsprop_batch_64_act_elu_drop_0,64,elu_drop_0,0.3,64,0.3,615.952919901779,462.9664385771971,678.7690263650857,64104.34855427597,920.4301692629258,1339.4829056389592,100,,,,,,,,,,,,,,,,615.952919901779,201.4769287109375,64104.34855427597,28549042.0,1834.9078124999992,462.9664385771971,184.7918701171875,920.4301692629258,32508.44140625,1685.16259765625,678.7690263650857,235.06500244140625,1339.4829056389592,32243.990234375,2872.315234375002
2dsa,memory,raw,record,2dsa_arch_128_64_scaler_standard_opt_rmsprop_batch_64_act_relu_drop_0.2,server/run_2025_12_27/results/2dsa/memory/raw/record/2dsa_arch_128_64_scaler_standard_opt_rmsprop_batch_64_act_relu_drop_0.2,128_64,standard_opt_rmsprop_batch_64_act_relu_drop_0,rmsprop_batch_64_act_relu_drop_0,64,relu_drop_0,0.2,64,0.2,472.1826981586932,547.7052065504791,740.9784508764518,1161.1852102042872,959.7157905706314,1447.6457107042247,100,,,,,,,,,,,,,,,,472.1826981586932,135.1590576171875,1161.1852102042872,55990.669921875,2026.8439208984364,547.7052065504791,304.650146484375,959.7157905706314,36885.376953125,1655.48486328125,740.9784508764518,360.5125732421875,1447.6457107042247,34012.796875,2803.7027343750065
2dsa,memory,raw,record,2dsa_arch_128_64_scaler_standard_opt_rmsprop_batch_64_act_relu_drop_0.3,server/run_2025_12_27/results/2dsa/memory/raw/record/2dsa_arch_128_64_scaler_standard_opt_rmsprop_batch_64_act_relu_drop_0.3,128_64,standard_opt_rmsprop_batch_64_act_relu_drop_0,rmsprop_batch_64_act_relu_drop_0,64,relu_drop_0,0.3,64,0.3,547.5957268283553,644.8330270002182,823.1273141470232,2019.1443635103371,1125.370847055652,1587.3265178221318,81,,,,,,,,,,,,,,,,547.5957268283553,136.2625732421875,2019.1443635103371,680624.5,2357.6134765624993,644.8330270002182,334.4749755859375,1125.370847055652,41811.16796875,2539.185791015625,823.1273141470232,375.427490234375,1587.3265178221318,37223.1328125,3121.4693359375
2dsa,memory,raw,record,2dsa_arch_64_32_scaler_minmax_opt_adam_batch_128_act_elu_drop_0.2,server/run_2025_12_27/results/2dsa/memory/raw/record/2dsa_arch_64_32_scaler_minmax_opt_adam_batch_128_act_elu_drop_0.2,64_32,minmax_opt_adam_batch_128_act_elu_drop_0,adam_batch_128_act_elu_drop_0,128,elu_drop_0,0.2,128,0.2,648.9264262280334,686.2339679175304,974.2269876022614,1465.5806674996577,1174.284741142995,1728.279800917598,44,,,,,,,,,,,,,,,,648.9264262280334,206.35885620117188,1465.5806674996577,66415.078125,2580.3513305664046,686.2339679175304,379.849609375,1174.284741142995,45942.861328125,2234.4735107421875,974.2269876022614,519.6943664550781,1728.279800917598,40541.939453125,3289.3664062500006
2dsa,memory,raw,record,2dsa_arch_64_32_scaler_minmax_opt_adam_batch_128_act_elu_drop_0.3,server/run_2025_12_27/results/2dsa/memory/raw/record/2dsa_arch_64_32_scaler_minmax_opt_adam_batch_128_act_elu_drop_0.3,64_32,minmax_opt_adam_batch_128_act_elu_drop_0,adam_batch_128_act_elu_drop_0,128,elu_drop_0,0.3,128,0.3,630.8020797974809,620.7038078432836,851.075100866866,1404.945286301035,1147.2024606394043,1655.7419228535457,66,,,,,,,,,,,,,,,,630.8020797974809,188.481201171875,1404.945286301035,64538.4609375,2537.411450195312,620.7038078432836,288.30706787109375,1147.2024606394043,43603.7734375,2048.99169921875,851.075100866866,372.5010681152344,1655.7419228535457,38432.166015625,3290.5530761718765
2dsa,memory,raw,record,2dsa_arch_64_32_scaler_minmax_opt_adam_batch_128_act_relu_drop_0.2,server/run_2025_12_27/results/2dsa/memory/raw/record/2dsa_arch_64_32_scaler_minmax_opt_adam_batch_128_act_relu_drop_0.2,64_32,minmax_opt_adam_batch_128_act_relu_drop_0,adam_batch_128_act_relu_drop_0,128,relu_drop_0,0.2,128,0.2,834.1275924997329,999.9422640380632,1423.9071597037962,1789.372302607107,1470.1798801056989,2448.9943369668304,25,,,,,,,,,,,,,,,,834.1275924997329,210.95953369140625,1789.372302607107,68028.720703125,3549.44814453125,999.9422640380632,550.85009765625,1470.1798801056989,47666.89453125,3053.197509765625,1423.9071597037962,725.8754577636719,2448.9943369668304,38963.81640625,5137.118945312501
2dsa,memory,raw,record,2dsa_arch_64_32_scaler_minmax_opt_adam_batch_128_act_relu_drop_0.3,server/run_2025_12_27/results/2dsa/memory/raw/record/2dsa_arch_64_32_scaler_minmax_opt_adam_batch_128_act_relu_drop_0.3,64_32,minmax_opt_adam_batch_128_act_relu_drop_0,adam_batch_128_act_relu_drop_0,128,relu_drop_0,0.3,128,0.3,907.394734913162,1017.3609857252536,1385.4938539031184,1896.01787922253,1543.936928128601,2458.2983950664416,37,,,,,,,,,,,,,,,,907.394734913162,239.6551513671875,1896.01787922253,67695.923828125,4124.285961914063,1017.3609857252536,519.2359619140625,1543.936928128601,49094.947265625,3515.564208984375,1385.4938539031184,638.5685119628906,2458.2983950664416,40414.755859375,4818.957226562501
2dsa,memory,raw,record,2dsa_arch_64_32_scaler_minmax_opt_adam_batch_64_act_elu_drop_0.2,server/run_2025_12_27/results/2dsa/memory/raw/record/2dsa_arch_64_32_scaler_minmax_opt_adam_batch_64_act_elu_drop_0.2,64_32,minmax_opt_adam_batch_64_act_elu_drop_0,adam_batch_64_act_elu_drop_0,64,elu_drop_0,0.2,64,0.2,607.9797155923761,596.67711688148,878.1713039383926,1360.3471685054428,1140.225451957827,1625.7669124055635,52,,,,,,,,,,,,,,,,607.9797155923761,186.8125,1360.3471685054428,63739.25390625,2484.009375,596.67711688148,270.950439453125,1140.225451957827,42598.27734375,2057.71923828125,878.1713039383926,421.72613525390625,1625.7669124055635,38757.193359375,3295.0176757812515
2dsa,memory,raw,record,2dsa_arch_64_32_scaler_minmax_opt_adam_batch_64_act_elu_drop_0.3,server/run_2025_12_27/results/2dsa/memory/raw/record/2dsa_arch_64_32_scaler_minmax_opt_adam_batch_64_act_elu_drop_0.3,64_32,minmax_opt_adam_batch_64_act_elu_drop_0,adam_batch_64_act_elu_drop_0,64,elu_drop_0,0.3,64,0.3,748.2036814323238,606.4747619477255,958.8219315107564,1497.4301748244045,1165.4203262299166,1811.675575708636,43,,,,,,,,,,,,,,,,748.2036814323238,257.6322021484375,1497.4301748244045,67674.6875,2752.0980957031234,606.4747619477255,251.3089599609375,1165.4203262299166,45775.548828125,2266.169921875,958.8219315107564,411.7960205078125,1811.675575708636,39902.8359375,3392.1610351562513
2dsa,memory,raw,record,2dsa_arch_64_32_scaler_minmax_opt_adam_batch_64_act_relu_drop_0.2,server/run_2025_12_27/results/2dsa/memory/raw/record/2dsa_arch_64_32_scaler_minmax_opt_adam_batch_64_act_relu_drop_0.2,64_32,minmax_opt_adam_batch_64_act_relu_drop_0,adam_batch_64_act_relu_drop_0,64,relu_drop_0,0.2,64,0.2,616.3262885657448,804.322748670699,1160.813247337626,1360.553646883811,1206.1187704576694,1619.529041485697,100,,,,,,,,,,,,,,,,616.3262885657448,176.0845947265625,1360.553646883811,60634.3046875,2635.34895019531,804.322748670699,432.333251953125,1206.1187704576694,40679.490234375,2919.701416015625,1160.813247337626,734.52978515625,1619.529041485697,36305.72265625,3507.887890625002
2dsa,memory,raw,record,2dsa_arch_64_32_scaler_minmax_opt_adam_batch_64_act_relu_drop_0.3,server/run_2025_12_27/results/2dsa/memory/raw/record/2dsa_arch_64_32_scaler_minmax_opt_adam_batch_64_act_relu_drop_0.3,64_32,minmax_opt_adam_batch_64_act_relu_drop_0,adam_batch_64_act_relu_drop_0,64,relu_drop_0,0.3,64,0.3,826.6517587427118,908.8426898467156,1198.7218149287608,1771.105938355274,1492.5265577926605,2484.1694087877386,47,,,,,,,,,,,,,,,,826.6517587427118,214.34637451171875,1771.105938355274,66673.83984375,3531.502758789061,908.8426898467156,413.94677734375,1492.5265577926605,47783.060546875,3105.86083984375,1198.7218149287608,403.3640747070313,2484.1694087877386,37807.76171875,4911.496093750001
2dsa,memory,raw,record,2dsa_arch_64_32_scaler_minmax_opt_rmsprop_batch_128_act_elu_drop_0.2,server/run_2025_12_27/results/2dsa/memory/raw/record/2dsa_arch_64_32_scaler_minmax_opt_rmsprop_batch_128_act_elu_drop_0.2,64_32,minmax_opt_rmsprop_batch_128_act_elu_drop_0,rmsprop_batch_128_act_elu_drop_0,128,elu_drop_0,0.2,128,0.2,724.8920981602162,662.4117436881112,928.1666073938104,1600.0310136110684,1170.724396777028,1935.8823861557032,38,,,,,,,,,,,,,,,,724.8920981602162,206.8616943359375,1600.0310136110684,68142.6484375,2990.44755859375,662.4117436881112,348.964599609375,1170.724396777028,46383.86328125,2055.081787109375,928.1666073938104,387.23974609375,1935.8823861557032,41989.630859375,3456.938085937504
2dsa,memory,raw,record,2dsa_arch_64_32_scaler_minmax_opt_rmsprop_batch_128_act_elu_drop_0.3,server/run_2025_12_27/results/2dsa/memory/raw/record/2dsa_arch_64_32_scaler_minmax_opt_rmsprop_batch_128_act_elu_drop_0.3,64_32,minmax_opt_rmsprop_batch_128_act_elu_drop_0,rmsprop_batch_128_act_elu_drop_0,128,elu_drop_0,0.3,128,0.3,621.1397236455753,615.9812951495907,763.1762879302349,1460.570766004237,1156.6056497598145,1773.4825197769828,79,,,,,,,,,,,,,,,,621.1397236455753,180.2716064453125,1460.570766004237,64826.146484375,2497.698828124998,615.9812951495907,282.8858642578125,1156.6056497598145,45258.041015625,2061.884521484375,763.1762879302349,255.27349853515625,1773.4825197769828,40708.009765625,3073.749902343752
2dsa,memory,raw,record,2dsa_arch_64_32_scaler_minmax_opt_rmsprop_batch_128_act_relu_drop_0.2,server/run_2025_12_27/results/2dsa/memory/raw/record/2dsa_arch_64_32_scaler_minmax_opt_rmsprop_batch_128_act_relu_drop_0.2,64_32,minmax_opt_rmsprop_batch_128_act_relu_drop_0,rmsprop_batch_128_act_relu_drop_0,128,relu_drop_0,0.2,128,0.2,911.1319071736276,1057.519502498035,1394.459405418229,1891.5372119810409,1558.288886253374,2460.7521554801033,27,,,,,,,,,,,,,,,,911.1319071736276,254.521484375,1891.5372119810409,67668.150390625,4075.175952148438,1057.519502498035,561.53662109375,1558.288886253374,49042.60546875,3615.090087890625,1394.459405418229,642.2083587646484,2460.7521554801033,40388.74609375,4872.950781250002
2dsa,memory,raw,record,2dsa_arch_64_32_scaler_minmax_opt_rmsprop_batch_128_act_relu_drop_0.3,server/run_2025_12_27/results/2dsa/memory/raw/record/2dsa_arch_64_32_scaler_minmax_opt_rmsprop_batch_128_act_relu_drop_0.3,64_32,minmax_opt_rmsprop_batch_128_act_relu_drop_0,rmsprop_batch_128_act_relu_drop_0,128,relu_drop_0,0.3,128,0.3,860.6744529077583,1014.9819034229056,1288.315620448026,1836.5222144540892,1542.7059289436072,2491.326005647317,28,,,,,,,,,,,,,,,,860.6744529077583,223.17462158203125,1836.5222144540892,67748.65234375,3779.947216796873,1014.9819034229056,490.62548828125,1542.7059289436072,48425.916015625,3389.302001953125,1288.315620448026,507.0930480957031,2491.326005647317,39614.29296875,5030.433593750003
2dsa,memory,raw,record,2dsa_arch_64_32_scaler_minmax_opt_rmsprop_batch_64_act_elu_drop_0.2,server/run_2025_12_27/results/2dsa/memory/raw/record/2dsa_arch_64_32_scaler_minmax_opt_rmsprop_batch_64_act_elu_drop_0.2,64_32,minmax_opt_rmsprop_batch_64_act_elu_drop_0,rmsprop_batch_64_act_elu_drop_0,64,elu_drop_0,0.2,64,0.2,724.1497578119721,642.5141839293939,852.4506965156074,1623.6625248580058,1188.228589466786,1987.522923985032,31,,,,,,,,,,,,,,,,724.1497578119721,210.523193359375,1623.6625248580058,69089.98828125,2970.510839843748,642.5141839293939,310.216796875,1188.228589466786,46623.083984375,2196.047607421875,852.4506965156074,291.1672058105469,1987.522923985032,42043.28125,3435.155468750002
2dsa,memory,raw,record,2dsa_arch_64_32_scaler_minmax_opt_rmsprop_batch_64_act_elu_drop_0.3,server/run_2025_12_27/results/2dsa/memory/raw/record/2dsa_arch_64_32_scaler_minmax_opt_rmsprop_batch_64_act_elu_drop_0.3,64_32,minmax_opt_rmsprop_batch_64_act_elu_drop_0,rmsprop_batch_64_act_elu_drop_0,64,elu_drop_0,0.3,64,0.3,704.1651909881622,636.5038788515882,794.2743621877139,1611.9403368802016,1174.4287920029872,1945.4998771346895,37,,,,,,,,,,,,,,,,704.1651909881622,198.3829345703125,1611.9403368802016,68812.642578125,2859.2215332031246,636.5038788515882,323.5186767578125,1174.4287920029872,47392.125,2023.818359375,794.2743621877139,266.00830078125,1945.4998771346895,44684.69921875,3245.5734375
2dsa,memory,raw,record,2dsa_arch_64_32_scaler_minmax_opt_rmsprop_batch_64_act_relu_drop_0.2,server/run_2025_12_27/results/2dsa/memory/raw/record/2dsa_arch_64_32_scaler_minmax_opt_rmsprop_batch_64_act_relu_drop_0.2,64_32,minmax_opt_rmsprop_batch_64_act_relu_drop_0,rmsprop_batch_64_act_relu_drop_0,64,relu_drop_0,0.2,64,0.2,848.6402023286159,1018.742341958852,1251.2922010160862,1823.6414522769496,1533.197791483041,2521.4484379523064,21,,,,,,,,,,,,,,,,848.6402023286159,220.112060546875,1823.6414522769496,67955.47265625,3659.990283203123,1018.742341958852,507.7255859375,1533.197791483041,48027.33984375,3323.1572265625,1251.2922010160862,448.3774108886719,2521.4484379523064,39431.34375,5143.2435546875
2dsa,memory,raw,record,2dsa_arch_64_32_scaler_minmax_opt_rmsprop_batch_64_act_relu_drop_0.3,server/run_2025_12_27/results/2dsa/memory/raw/record/2dsa_arch_64_32_scaler_minmax_opt_rmsprop_batch_64_act_relu_drop_0.3,64_32,minmax_opt_rmsprop_batch_64_act_relu_drop_0,rmsprop_batch_64_act_relu_drop_0,64,relu_drop_0,0.3,64,0.3,832.0676618615622,978.3095069270216,1200.7205795429145,1823.1685551962885,1515.8250669674765,2513.7176065525946,28,,,,,,,,,,,,,,,,832.0676618615622,207.04302978515625,1823.1685551962885,68127.927734375,3722.3314697265623,978.3095069270216,475.9072265625,1515.8250669674765,48486.77734375,3201.959716796875,1200.7205795429145,388.9130859375,2513.7176065525946,39827.78125,4992.902148437502
2dsa,memory,raw,record,2dsa_arch_64_32_scaler_standard_opt_adam_batch_128_act_elu_drop_0.2,server/run_2025_12_27/results/2dsa/memory/raw/record/2dsa_arch_64_32_scaler_standard_opt_adam_batch_128_act_elu_drop_0.2,64_32,standard_opt_adam_batch_128_act_elu_drop_0,adam_batch_128_act_elu_drop_0,128,elu_drop_0,0.2,128,0.2,549.3302512529707,511.824580563954,789.7771097330879,1213.6977675698972,1009.8687224905796,1552.8975228455492,81,,,,,,,,,,,,,,,,549.3302512529707,166.4454345703125,1213.6977675698972,56052.9375,2320.6606445312495,511.824580563954,259.91033935546875,1009.8687224905796,36791.529296875,1686.94970703125,789.7771097330879,321.3934326171875,1552.8975228455492,35589.38671875,2976.569335937502
2dsa,memory,raw,record,2dsa_arch_64_32_scaler_standard_opt_adam_batch_128_act_elu_drop_0.3,server/run_2025_12_27/results/2dsa/memory/raw/record/2dsa_arch_64_32_scaler_standard_opt_adam_batch_128_act_elu_drop_0.3,64_32,standard_opt_adam_batch_128_act_elu_drop_0,adam_batch_128_act_elu_drop_0,128,elu_drop_0,0.3,128,0.3,587.8149545169885,531.7841349595891,892.8781386022272,1233.5420519260033,1035.3785817042158,1665.750550829685,87,,,,,,,,,,,,,,,,587.8149545169885,209.239501953125,1233.5420519260033,58460.71484375,2377.716845703125,531.7841349595891,240.969482421875,1035.3785817042158,37517.3359375,1978.825439453125,892.8781386022272,309.99755859375,1665.750550829685,35757.28515625,3577.5195312500005
2dsa,memory,raw,record,2dsa_arch_64_32_scaler_standard_opt_adam_batch_128_act_relu_drop_0.2,server/run_2025_12_27/results/2dsa/memory/raw/record/2dsa_arch_64_32_scaler_standard_opt_adam_batch_128_act_relu_drop_0.2,64_32,standard_opt_adam_batch_128_act_relu_drop_0,adam_batch_128_act_relu_drop_0,128,relu_drop_0,0.2,128,0.2,710.5972104899683,749.2105835647226,897.8554045857744,1521.7986188218438,1301.6402208828224,1961.1892751835849,48,,,,,,,,,,,,,,,,710.5972104899683,198.94699096679688,1521.7986188218438,60754.00390625,3033.45234375,749.2105835647226,323.894775390625,1301.6402208828224,46382.259765625,3281.4609375,897.8554045857744,319.74365234375,1961.1892751835849,46861.80859375,3798.8973144531265
2dsa,memory,raw,record,2dsa_arch_64_32_scaler_standard_opt_adam_batch_128_act_relu_drop_0.3,server/run_2025_12_27/results/2dsa/memory/raw/record/2dsa_arch_64_32_scaler_standard_opt_adam_batch_128_act_relu_drop_0.3,64_32,standard_opt_adam_batch_128_act_relu_drop_0,adam_batch_128_act_relu_drop_0,128,relu_drop_0,0.3,128,0.3,735.1715170045408,790.6560951055775,845.3180587086964,1548.0719964805894,1270.725165829114,1745.0406648211726,100,,,,,,,,,,,,,,,,735.1715170045408,209.45086669921875,1548.0719964805894,61895.814453125,3326.542138671875,790.6560951055775,393.60498046875,1270.725165829114,42106.521484375,3281.690185546875,845.3180587086964,284.9757080078125,1745.0406648211726,36894.390625,3533.5365234375013
2dsa,memory,raw,record,2dsa_arch_64_32_scaler_standard_opt_adam_batch_64_act_elu_drop_0.2,server/run_2025_12_27/results/2dsa/memory/raw/record/2dsa_arch_64_32_scaler_standard_opt_adam_batch_64_act_elu_drop_0.2,64_32,standard_opt_adam_batch_64_act_elu_drop_0,adam_batch_64_act_elu_drop_0,64,elu_drop_0,0.2,64,0.2,511.634338780089,459.850170263549,694.7225403323034,1113.5971699646173,928.798380831368,1369.0903261851267,100,,,,,,,,,,,,,,,,511.634338780089,166.9599609375,1113.5971699646173,53078.81640625,2115.542260742187,459.850170263549,224.322265625,928.798380831368,32918.328125,1623.87744140625,694.7225403323034,256.977294921875,1369.0903261851267,32591.80859375,2865.115332031251
2dsa,memory,raw,record,2dsa_arch_64_32_scaler_standard_opt_adam_batch_64_act_elu_drop_0.3,server/run_2025_12_27/results/2dsa/memory/raw/record/2dsa_arch_64_32_scaler_standard_opt_adam_batch_64_act_elu_drop_0.3,64_32,standard_opt_adam_batch_64_act_elu_drop_0,adam_batch_64_act_elu_drop_0,64,elu_drop_0,0.3,64,0.3,611.2589896003439,547.5528077712435,857.1120376865077,1190.407392823262,948.0632322474734,1521.2683143389158,82,,,,,,,,,,,,,,,,611.2589896003439,289.7095947265625,1190.407392823262,55948.7265625,2287.337060546875,547.5528077712435,311.9449462890625,948.0632322474734,36969.765625,1792.120849609375,857.1120376865077,470.505615234375,1521.2683143389158,35532.28125,3070.4758789062507
2dsa,memory,raw,record,2dsa_arch_64_32_scaler_standard_opt_adam_batch_64_act_relu_drop_0.2,server/run_2025_12_27/results/2dsa/memory/raw/record/2dsa_arch_64_32_scaler_standard_opt_adam_batch_64_act_relu_drop_0.2,64_32,standard_opt_adam_batch_64_act_relu_drop_0,adam_batch_64_act_relu_drop_0,64,relu_drop_0,0.2,64,0.2,879.2473820141156,1024.5750976413185,1267.827989443607,1859.538992097025,1547.103863517516,2464.9997997385944,24,,,,,,,,,,,,,,,,879.2473820141156,225.4532470703125,1859.538992097025,66744.7734375,4006.0851074218726,1024.5750976413185,538.8792724609375,1547.103863517516,47839.61328125,3438.541259765625,1267.827989443607,528.3270263671875,2464.9997997385944,38429.302734375,4746.497265625
2dsa,memory,raw,record,2dsa_arch_64_32_scaler_standard_opt_adam_batch_64_act_relu_drop_0.3,server/run_2025_12_27/results/2dsa/memory/raw/record/2dsa_arch_64_32_scaler_standard_opt_adam_batch_64_act_relu_drop_0.3,64_32,standard_opt_adam_batch_64_act_relu_drop_0,adam_batch_64_act_relu_drop_0,64,relu_drop_0,0.3,64,0.3,725.6352357465773,774.1381031099281,863.8007693481948,1532.796365893303,1271.1265832167164,1761.0439424121737,66,,,,,,,,,,,,,,,,725.6352357465773,204.80865478515625,1532.796365893303,60927.19921875,3117.735864257812,774.1381031099281,383.8912353515625,1271.1265832167164,44030.4453125,3167.169921875,863.8007693481948,317.6474609375,1761.0439424121737,37549.25390625,3521.2386230468765
2dsa,memory,raw,record,2dsa_arch_64_32_scaler_standard_opt_rmsprop_batch_128_act_elu_drop_0.2,server/run_2025_12_27/results/2dsa/memory/raw/record/2dsa_arch_64_32_scaler_standard_opt_rmsprop_batch_128_act_elu_drop_0.2,64_32,standard_opt_rmsprop_batch_128_act_elu_drop_0,rmsprop_batch_128_act_elu_drop_0,128,elu_drop_0,0.2,128,0.2,593.208680714422,498.42191146086407,745.2043019966526,14801.380571675334,917.4372558393889,1516.553914982614,100,,,,,,,,,,,,,,,,593.208680714422,238.7392578125,14801.380571675334,6571883.0,2198.522460937499,498.42191146086407,287.0574951171875,917.4372558393889,36996.837890625,1721.29248046875,745.2043019966526,318.6722412109375,1516.553914982614,35440.890625,3037.791992187501
2dsa,memory,raw,record,2dsa_arch_64_32_scaler_standard_opt_rmsprop_batch_128_act_elu_drop_0.3,server/run_2025_12_27/results/2dsa/memory/raw/record/2dsa_arch_64_32_scaler_standard_opt_rmsprop_batch_128_act_elu_drop_0.3,64_32,standard_opt_rmsprop_batch_128_act_elu_drop_0,rmsprop_batch_128_act_elu_drop_0,128,elu_drop_0,0.3,128,0.3,588.8211205580529,528.0233999013043,804.6713490134291,1305.6364276378647,974.8349218182605,1634.7805854736714,77,,,,,,,,,,,,,,,,588.8211205580529,187.437744140625,1305.6364276378647,61975.6171875,2444.8449340820307,528.0233999013043,293.0699462890625,974.8349218182605,39486.1796875,1797.2685546875,804.6713490134291,300.90234375,1634.7805854736714,42194.8359375,3210.1393554687515
2dsa,memory,raw,record,2dsa_arch_64_32_scaler_standard_opt_rmsprop_batch_128_act_relu_drop_0.2,server/run_2025_12_27/results/2dsa/memory/raw/record/2dsa_arch_64_32_scaler_standard_opt_rmsprop_batch_128_act_relu_drop_0.2,64_32,standard_opt_rmsprop_batch_128_act_relu_drop_0,rmsprop_batch_128_act_relu_drop_0,128,relu_drop_0,0.2,128,0.2,641.5711929047014,759.312451761681,791.4717325708529,1531.0784259456375,1293.4152836400435,1787.2202322716375,92,,,,,,,,,,,,,,,,641.5711929047014,169.6737060546875,1531.0784259456375,200655.171875,2770.221020507811,759.312451761681,371.916015625,1293.4152836400435,43871.068359375,3382.724853515625,791.4717325708529,271.119140625,1787.2202322716375,55862.78515625,3306.766796875
2dsa,memory,raw,record,2dsa_arch_64_32_scaler_standard_opt_rmsprop_batch_128_act_relu_drop_0.3,server/run_2025_12_27/results/2dsa/memory/raw/record/2dsa_arch_64_32_scaler_standard_opt_rmsprop_batch_128_act_relu_drop_0.3,64_32,standard_opt_rmsprop_batch_128_act_relu_drop_0,rmsprop_batch_128_act_relu_drop_0,128,relu_drop_0,0.3,128,0.3,891.3843448129054,1018.8025310764292,1236.4339270070068,1930.396540863626,1552.6825110626353,2527.9868633699775,36,,,,,,,,,,,,,,,,891.3843448129054,234.519775390625,1930.396540863626,112999.6484375,4047.6711181640608,1018.8025310764292,495.7117919921875,1552.6825110626353,48891.359375,3460.806396484375,1236.4339270070068,423.0771484375,2527.9868633699775,40074.861328125,4894.087109375005
2dsa,memory,raw,record,2dsa_arch_64_32_scaler_standard_opt_rmsprop_batch_64_act_elu_drop_0.2,server/run_2025_12_27/results/2dsa/memory/raw/record/2dsa_arch_64_32_scaler_standard_opt_rmsprop_batch_64_act_elu_drop_0.2,64_32,standard_opt_rmsprop_batch_64_act_elu_drop_0,rmsprop_batch_64_act_elu_drop_0,64,elu_drop_0,0.2,64,0.2,582.588100416044,462.5558363553377,721.0758575223383,38428.66992072476,920.520882510694,1515.0458355087255,100,,,,,,,,,,,,,,,,582.588100416044,143.190185546875,38428.66992072476,17108634.0,2058.5048339843747,462.5558363553377,199.02978515625,920.520882510694,34859.03125,1679.7841796875,721.0758575223383,253.84375,1515.0458355087255,37740.892578125,2862.937597656251
2dsa,memory,raw,record,2dsa_arch_64_32_scaler_standard_opt_rmsprop_batch_64_act_elu_drop_0.3,server/run_2025_12_27/results/2dsa/memory/raw/record/2dsa_arch_64_32_scaler_standard_opt_rmsprop_batch_64_act_elu_drop_0.3,64_32,standard_opt_rmsprop_batch_64_act_elu_drop_0,rmsprop_batch_64_act_elu_drop_0,64,elu_drop_0,0.3,64,0.3,650.0201552036268,458.3173661678535,707.7337438367887,32727.80910485975,948.4034082175972,1507.605602359158,100,,,,,,,,,,,,,,,,650.0201552036268,272.98236083984375,32727.80910485975,14566932.0,2194.311083984375,458.3173661678535,236.8414306640625,948.4034082175972,38834.056640625,1591.212890625,707.7337438367887,283.80908203125,1507.605602359158,34825.7421875,2805.194921875001
2dsa,memory,raw,record,2dsa_arch_64_32_scaler_standard_opt_rmsprop_batch_64_act_relu_drop_0.2,server/run_2025_12_27/results/2dsa/memory/raw/record/2dsa_arch_64_32_scaler_standard_opt_rmsprop_batch_64_act_relu_drop_0.2,64_32,standard_opt_rmsprop_batch_64_act_relu_drop_0,rmsprop_batch_64_act_relu_drop_0,64,relu_drop_0,0.2,64,0.2,903.599779368192,1073.9652026946085,1264.842869766749,1925.157145758748,1573.7231084869743,2554.021795265719,15,,,,,,,,,,,,,,,,903.599779368192,239.617431640625,1925.157145758748,103779.8046875,4053.000976562496,1073.9652026946085,544.68359375,1573.7231084869743,49180.84765625,3707.60595703125,1264.842869766749,444.6102294921875,2554.021795265719,47248.046875,4963.060937500002
2dsa,memory,raw,record,2dsa_arch_64_32_scaler_standard_opt_rmsprop_batch_64_act_relu_drop_0.3,server/run_2025_12_27/results/2dsa/memory/raw/record/2dsa_arch_64_32_scaler_standard_opt_rmsprop_batch_64_act_relu_drop_0.3,64_32,standard_opt_rmsprop_batch_64_act_relu_drop_0,rmsprop_batch_64_act_relu_drop_0,64,relu_drop_0,0.3,64,0.3,909.5620107645564,1046.2738785547756,1281.547749180415,1935.27078866442,1550.5358237331,2557.208191663008,15,,,,,,,,,,,,,,,,909.5620107645564,242.91009521484375,1935.27078866442,97906.3515625,4103.805834960936,1046.2738785547756,539.1590576171875,1550.5358237331,49719.388671875,3490.751220703125,1281.547749180415,459.2171630859375,2557.208191663008,47478.6328125,4982.03203125
2dsa,memory,raw,temporal,2dsa_arch_128_64_scaler_minmax_opt_adam_batch_128_act_elu_drop_0.2,server/run_2025_12_27/results/2dsa/memory/raw/temporal/2dsa_arch_128_64_scaler_minmax_opt_adam_batch_128_act_elu_drop_0.2,128_64,minmax_opt_adam_batch_128_act_elu_drop_0,adam_batch_128_act_elu_drop_0,128,elu_drop_0,0.2,128,0.2,1599.3984319831916,2553.809030923058,4849.886516235723,2526.746752829351,2138.5380942471106,2132.924115045147,11,,,,,,,,,,,,,,,,1599.3984319831916,1114.7295532226562,2526.746752829351,79741.7958984375,4116.7198730468735,2553.809030923058,1868.97802734375,2138.5380942471106,35969.7333984375,5948.922119140625,4849.886516235723,5707.8583984375,2132.924115045147,50831.578125,6571.33974609375
2dsa,memory,raw,temporal,2dsa_arch_128_64_scaler_minmax_opt_adam_batch_128_act_elu_drop_0.3,server/run_2025_12_27/results/2dsa/memory/raw/temporal/2dsa_arch_128_64_scaler_minmax_opt_adam_batch_128_act_elu_drop_0.3,128_64,minmax_opt_adam_batch_128_act_elu_drop_0,adam_batch_128_act_elu_drop_0,128,elu_drop_0,0.3,128,0.3,1579.2967962932094,2473.758782196229,4663.78993457824,2578.63440128968,2106.3004681172465,2064.208413935258,11,,,,,,,,,,,,,,,,1579.2967962932094,1067.2627563476562,2578.63440128968,80584.9306640625,4136.274609374999,2473.758782196229,1776.635009765625,2106.3004681172465,36437.87060546875,5735.385986328125,4663.78993457824,5446.7568359375,2064.208413935258,51073.3388671875,6284.55458984375
2dsa,memory,raw,temporal,2dsa_arch_128_64_scaler_minmax_opt_adam_batch_128_act_relu_drop_0.2,server/run_2025_12_27/results/2dsa/memory/raw/temporal/2dsa_arch_128_64_scaler_minmax_opt_adam_batch_128_act_relu_drop_0.2,128_64,minmax_opt_adam_batch_128_act_relu_drop_0,adam_batch_128_act_relu_drop_0,128,relu_drop_0,0.2,128,0.2,1671.666516172554,2351.392027672916,4177.844858574732,2770.495510075442,2028.543338458083,1903.761806039813,11,,,,,,,,,,,,,,,,1671.666516172554,1092.688232421875,2770.495510075442,82518.7958984375,4530.849877929687,2351.392027672916,2034.817626953125,2028.543338458083,36035.38916015625,5336.13427734375,4177.844858574732,4594.7685546875,1903.761806039813,50742.873046875,5932.858300781251
2dsa,memory,raw,temporal,2dsa_arch_128_64_scaler_minmax_opt_adam_batch_128_act_relu_drop_0.3,server/run_2025_12_27/results/2dsa/memory/raw/temporal/2dsa_arch_128_64_scaler_minmax_opt_adam_batch_128_act_relu_drop_0.3,128_64,minmax_opt_adam_batch_128_act_relu_drop_0,adam_batch_128_act_relu_drop_0,128,relu_drop_0,0.3,128,0.3,1680.8844814125555,2288.625455388224,3986.009652443355,2838.469188464269,2013.302413023992,1867.1486276759576,11,,,,,,,,,,,,,,,,1680.8844814125555,1069.9609375,2838.469188464269,83410.3525390625,4682.430517578124,2288.625455388224,2042.205322265625,2013.302413023992,36597.11669921875,5090.510009765625,3986.009652443355,4292.92431640625,1867.1486276759576,50932.29443359375,5853.942285156251
2dsa,memory,raw,temporal,2dsa_arch_128_64_scaler_minmax_opt_adam_batch_64_act_elu_drop_0.2,server/run_2025_12_27/results/2dsa/memory/raw/temporal/2dsa_arch_128_64_scaler_minmax_opt_adam_batch_64_act_elu_drop_0.2,128_64,minmax_opt_adam_batch_64_act_elu_drop_0,adam_batch_64_act_elu_drop_0,64,elu_drop_0,0.2,64,0.2,759.3307903973732,1094.416392725224,1365.8546673457724,1591.5267241106374,1560.9493895485714,1422.2924074222772,28,,,,,,,,,,,,,,,,759.3307903973732,253.60650634765625,1591.5267241106374,60731.14453125,3142.4576660156245,1094.416392725224,393.03704833984375,1560.9493895485714,21933.564453125,4273.5501708984375,1365.8546673457724,865.1651611328125,1422.2924074222772,49837.40380859375,4176.051367187503
2dsa,memory,raw,temporal,2dsa_arch_128_64_scaler_minmax_opt_adam_batch_64_act_elu_drop_0.3,server/run_2025_12_27/results/2dsa/memory/raw/temporal/2dsa_arch_128_64_scaler_minmax_opt_adam_batch_64_act_elu_drop_0.3,128_64,minmax_opt_adam_batch_64_act_elu_drop_0,adam_batch_64_act_elu_drop_0,64,elu_drop_0,0.3,64,0.3,739.68917152881,1213.09817451612,1657.8383244700274,1577.159608417205,1838.1067178780197,1472.55352226025,29,,,,,,,,,,,,,,,,739.68917152881,241.28451538085935,1577.159608417205,62205.703125,3068.398706054687,1213.09817451612,409.102294921875,1838.1067178780197,22516.73046875,4352.905517578125,1657.8383244700274,1329.20849609375,1472.55352226025,50296.00927734375,4204.279199218751
2dsa,memory,raw,temporal,2dsa_arch_128_64_scaler_minmax_opt_adam_batch_64_act_relu_drop_0.2,server/run_2025_12_27/results/2dsa/memory/raw/temporal/2dsa_arch_128_64_scaler_minmax_opt_adam_batch_64_act_relu_drop_0.2,128_64,minmax_opt_adam_batch_64_act_relu_drop_0,adam_batch_64_act_relu_drop_0,64,relu_drop_0,0.2,64,0.2,661.0548053185137,743.2631166730968,805.3781582277334,1418.7722815073805,1175.9139136133722,1095.73370174183,69,,,,,,,,,,,,,,,,661.0548053185137,217.7735595703125,1418.7722815073805,59081.896484375,2639.801489257811,743.2631166730968,254.9908447265625,1175.9139136133722,23171.974609375,3053.573974609375,805.3781582277334,534.8600463867188,1095.73370174183,47967.21533203125,3201.727246093752
2dsa,memory,raw,temporal,2dsa_arch_128_64_scaler_minmax_opt_adam_batch_64_act_relu_drop_0.3,server/run_2025_12_27/results/2dsa/memory/raw/temporal/2dsa_arch_128_64_scaler_minmax_opt_adam_batch_64_act_relu_drop_0.3,128_64,minmax_opt_adam_batch_64_act_relu_drop_0,adam_batch_64_act_relu_drop_0,64,relu_drop_0,0.3,64,0.3,715.2110447477789,1075.7927483896976,1331.5644641869312,1703.0969541105878,1967.661112868768,1403.1724391582222,31,,,,,,,,,,,,,,,,715.2110447477789,214.32861328125,1703.0969541105878,61498.74609375,2865.4429687499996,1075.7927483896976,324.253173828125,1967.661112868768,26098.47265625,4344.84814453125,1331.5644641869312,1032.837158203125,1403.1724391582222,49195.548828125,4032.34453125
2dsa,memory,raw,temporal,2dsa_arch_128_64_scaler_minmax_opt_rmsprop_batch_128_act_elu_drop_0.2,server/run_2025_12_27/results/2dsa/memory/raw/temporal/2dsa_arch_128_64_scaler_minmax_opt_rmsprop_batch_128_act_elu_drop_0.2,128_64,minmax_opt_rmsprop_batch_128_act_elu_drop_0,rmsprop_batch_128_act_elu_drop_0,128,elu_drop_0,0.2,128,0.2,1785.4167170010523,2417.3119187453412,4006.8674110529423,2980.6779688670126,2055.265604631633,1877.8475741577647,11,,,,,,,,,,,,,,,,1785.4167170010523,1077.3876953125,2980.6779688670126,85296.81298828125,5150.358374023436,2417.3119187453412,2134.13134765625,2055.265604631633,38718.50048828125,4827.024169921875,4006.8674110529423,4164.3544921875,1877.8475741577647,51509.10888671875,6385.791455078126
2dsa,memory,raw,temporal,2dsa_arch_128_64_scaler_minmax_opt_rmsprop_batch_128_act_elu_drop_0.3,server/run_2025_12_27/results/2dsa/memory/raw/temporal/2dsa_arch_128_64_scaler_minmax_opt_rmsprop_batch_128_act_elu_drop_0.3,128_64,minmax_opt_rmsprop_batch_128_act_elu_drop_0,rmsprop_batch_128_act_elu_drop_0,128,elu_drop_0,0.3,128,0.3,1696.139275171604,2357.674234154661,4056.118612984523,2991.766076111653,2105.1792851682185,1906.287980467696,11,,,,,,,,,,,,,,,,1696.139275171604,1004.4193115234376,2991.766076111653,85125.45068359375,5106.545483398432,2357.674234154661,2058.974609375,2105.1792851682185,38557.60400390625,4869.465576171875,4056.118612984523,4276.49169921875,1906.287980467696,51482.4912109375,6353.428808593755
2dsa,memory,raw,temporal,2dsa_arch_128_64_scaler_minmax_opt_rmsprop_batch_128_act_relu_drop_0.2,server/run_2025_12_27/results/2dsa/memory/raw/temporal/2dsa_arch_128_64_scaler_minmax_opt_rmsprop_batch_128_act_relu_drop_0.2,128_64,minmax_opt_rmsprop_batch_128_act_relu_drop_0,rmsprop_batch_128_act_relu_drop_0,128,relu_drop_0,0.2,128,0.2,697.6733035551703,939.8634226962037,997.7197838926317,1662.107263483342,1496.557414532677,1229.506788321259,55,,,,,,,,,,,,,,,,697.6733035551703,214.73358154296875,1662.107263483342,116920.765625,2795.054174804687,939.8634226962037,348.35205078125,1496.557414532677,25416.5234375,3650.426025390625,997.7197838926317,668.5022277832031,1229.506788321259,51217.50390625,3485.5605468750005
2dsa,memory,raw,temporal,2dsa_arch_128_64_scaler_minmax_opt_rmsprop_batch_128_act_relu_drop_0.3,server/run_2025_12_27/results/2dsa/memory/raw/temporal/2dsa_arch_128_64_scaler_minmax_opt_rmsprop_batch_128_act_relu_drop_0.3,128_64,minmax_opt_rmsprop_batch_128_act_relu_drop_0,rmsprop_batch_128_act_relu_drop_0,128,relu_drop_0,0.3,128,0.3,1868.1101883494196,2407.340002034228,3814.566163549364,2957.2630415241083,1968.0268477817033,1848.6190920880997,11,,,,,,,,,,,,,,,,1868.1101883494196,1101.44384765625,2957.2630415241083,85391.44677734375,5249.028613281249,2407.340002034228,2144.32861328125,1968.0268477817033,38279.21142578125,4723.171142578125,3814.566163549364,3907.92333984375,1848.6190920880997,51524.09521484375,6461.545019531252
2dsa,memory,raw,temporal,2dsa_arch_128_64_scaler_minmax_opt_rmsprop_batch_64_act_elu_drop_0.2,server/run_2025_12_27/results/2dsa/memory/raw/temporal/2dsa_arch_128_64_scaler_minmax_opt_rmsprop_batch_64_act_elu_drop_0.2,128_64,minmax_opt_rmsprop_batch_64_act_elu_drop_0,rmsprop_batch_64_act_elu_drop_0,64,elu_drop_0,0.2,64,0.2,685.4004378620385,904.4910381464572,748.161400306649,1495.604879588444,1556.3682819481162,1248.6101857038352,38,,,,,,,,,,,,,,,,685.4004378620385,228.9615478515625,1495.604879588444,61581.9453125,2759.224243164062,904.4910381464572,244.4930419921875,1556.3682819481162,21449.3046875,3909.44677734375,748.161400306649,376.0384521484375,1248.6101857038352,52259.515625,3594.3263671875006
2dsa,memory,raw,temporal,2dsa_arch_128_64_scaler_minmax_opt_rmsprop_batch_64_act_elu_drop_0.3,server/run_2025_12_27/results/2dsa/memory/raw/temporal/2dsa_arch_128_64_scaler_minmax_opt_rmsprop_batch_64_act_elu_drop_0.3,128_64,minmax_opt_rmsprop_batch_64_act_elu_drop_0,rmsprop_batch_64_act_elu_drop_0,64,elu_drop_0,0.3,64,0.3,593.5898035511191,661.2271434854556,621.3768015363441,1340.878851089335,1206.5784639108456,1255.9721247002883,74,,,,,,,,,,,,,,,,593.5898035511191,196.03570556640625,1340.878851089335,56069.3515625,2288.2353027343747,661.2271434854556,206.138916015625,1206.5784639108456,23361.83203125,3119.3890380859375,621.3768015363441,241.45361328125,1255.9721247002883,51085.34228515625,3544.4085937500013
2dsa,memory,raw,temporal,2dsa_arch_128_64_scaler_minmax_opt_rmsprop_batch_64_act_relu_drop_0.2,server/run_2025_12_27/results/2dsa/memory/raw/temporal/2dsa_arch_128_64_scaler_minmax_opt_rmsprop_batch_64_act_relu_drop_0.2,128_64,minmax_opt_rmsprop_batch_64_act_relu_drop_0,rmsprop_batch_64_act_relu_drop_0,64,relu_drop_0,0.2,64,0.2,1387.696290530966,2310.139876481935,4858.603650004493,2508.4303847019614,2262.4160763706013,2343.49230784556,11,,,,,,,,,,,,,,,,1387.696290530966,760.594482421875,2508.4303847019614,77692.3857421875,4271.021826171874,2310.139876481935,1476.301513671875,2262.4160763706013,34192.7470703125,6207.61279296875,4858.603650004493,5689.51025390625,2343.49230784556,50940.5751953125,7452.591015625
2dsa,memory,raw,temporal,2dsa_arch_128_64_scaler_minmax_opt_rmsprop_batch_64_act_relu_drop_0.3,server/run_2025_12_27/results/2dsa/memory/raw/temporal/2dsa_arch_128_64_scaler_minmax_opt_rmsprop_batch_64_act_relu_drop_0.3,128_64,minmax_opt_rmsprop_batch_64_act_relu_drop_0,rmsprop_batch_64_act_relu_drop_0,64,relu_drop_0,0.3,64,0.3,1495.3631383458348,2286.3317597922623,4583.426990283182,2625.782401639463,2157.9984616776132,2177.9217176179927,11,,,,,,,,,,,,,,,,1495.3631383458348,845.0125122070312,2625.782401639463,79966.7021484375,4366.429296874997,2286.3317597922623,1575.65283203125,2157.9984616776132,34967.8857421875,5865.11767578125,4583.426990283182,5251.24560546875,2177.9217176179927,50869.927734375,6896.317968750001
2dsa,memory,raw,temporal,2dsa_arch_128_64_scaler_standard_opt_adam_batch_128_act_elu_drop_0.2,server/run_2025_12_27/results/2dsa/memory/raw/temporal/2dsa_arch_128_64_scaler_standard_opt_adam_batch_128_act_elu_drop_0.2,128_64,standard_opt_adam_batch_128_act_elu_drop_0,adam_batch_128_act_elu_drop_0,128,elu_drop_0,0.2,128,0.2,520.7000572028765,581.6112674674459,701.8786609751861,1088.2415129937797,1014.4663449684018,1250.3295405748306,94,,,,,,,,,,,,,,,,520.7000572028765,170.79324340820312,1088.2415129937797,43087.44921875,2147.8849609374997,581.6112674674459,189.253662109375,1014.4663449684018,22541.00390625,2907.2138671875,701.8786609751861,288.6617431640625,1250.3295405748306,49705.5205078125,3402.0500976562503
2dsa,memory,raw,temporal,2dsa_arch_128_64_scaler_standard_opt_adam_batch_128_act_elu_drop_0.3,server/run_2025_12_27/results/2dsa/memory/raw/temporal/2dsa_arch_128_64_scaler_standard_opt_adam_batch_128_act_elu_drop_0.3,128_64,standard_opt_adam_batch_128_act_elu_drop_0,adam_batch_128_act_elu_drop_0,128,elu_drop_0,0.3,128,0.3,509.35174437515445,567.5791683858812,530.0987807408841,1103.3408160619258,1007.7055699792612,1218.0671202726337,100,,,,,,,,,,,,,,,,509.35174437515445,169.109619140625,1103.3408160619258,47815.16796875,2042.250170898437,567.5791683858812,167.2630615234375,1007.7055699792612,21318.28515625,2871.4300537109375,530.0987807408841,125.7586669921875,1218.0671202726337,50098.03955078125,3292.235351562502
2dsa,memory,raw,temporal,2dsa_arch_128_64_scaler_standard_opt_adam_batch_128_act_relu_drop_0.2,server/run_2025_12_27/results/2dsa/memory/raw/temporal/2dsa_arch_128_64_scaler_standard_opt_adam_batch_128_act_relu_drop_0.2,128_64,standard_opt_adam_batch_128_act_relu_drop_0,adam_batch_128_act_relu_drop_0,128,relu_drop_0,0.2,128,0.2,633.8498989406207,789.1582077728808,1433.816299538615,1402.4284808263133,1212.8024461506616,1226.8850721017952,56,,,,,,,,,,,,,,,,633.8498989406207,192.3853759765625,1402.4284808263133,54592.35546875,2623.8043212890616,789.1582077728808,303.517578125,1212.8024461506616,24474.255859375,3166.8878173828125,1433.816299538615,1375.62841796875,1226.8850721017952,47477.36083984375,3448.2577636718765
2dsa,memory,raw,temporal,2dsa_arch_128_64_scaler_standard_opt_adam_batch_128_act_relu_drop_0.3,server/run_2025_12_27/results/2dsa/memory/raw/temporal/2dsa_arch_128_64_scaler_standard_opt_adam_batch_128_act_relu_drop_0.3,128_64,standard_opt_adam_batch_128_act_relu_drop_0,adam_batch_128_act_relu_drop_0,128,relu_drop_0,0.3,128,0.3,673.2073862244266,798.3307348147565,972.5003577511804,1457.799904373873,1346.5932244140863,1318.6586744568694,40,,,,,,,,,,,,,,,,673.2073862244266,217.6162109375,1457.799904373873,56408.53515625,2781.8520019531243,798.3307348147565,259.625244140625,1346.5932244140863,23600.98046875,3828.8564453125,972.5003577511804,648.3601684570312,1318.6586744568694,46190.287109375,4006.9216796875
2dsa,memory,raw,temporal,2dsa_arch_128_64_scaler_standard_opt_adam_batch_64_act_elu_drop_0.2,server/run_2025_12_27/results/2dsa/memory/raw/temporal/2dsa_arch_128_64_scaler_standard_opt_adam_batch_64_act_elu_drop_0.2,128_64,standard_opt_adam_batch_64_act_elu_drop_0,adam_batch_64_act_elu_drop_0,64,elu_drop_0,0.2,64,0.2,509.52555119332,559.7840882051173,661.9436610339881,1061.560751440099,974.4347018091162,1137.026506197097,73,,,,,,,,,,,,,,,,509.52555119332,167.58502197265625,1061.560751440099,43121.22265625,2058.1035644531235,559.7840882051173,211.5118408203125,974.4347018091162,19875.1015625,2723.935302734375,661.9436610339881,319.7689208984375,1137.026506197097,47190.76123046875,3156.7031250000005
2dsa,memory,raw,temporal,2dsa_arch_128_64_scaler_standard_opt_adam_batch_64_act_elu_drop_0.3,server/run_2025_12_27/results/2dsa/memory/raw/temporal/2dsa_arch_128_64_scaler_standard_opt_adam_batch_64_act_elu_drop_0.3,128_64,standard_opt_adam_batch_64_act_elu_drop_0,adam_batch_64_act_elu_drop_0,64,elu_drop_0,0.3,64,0.3,514.8412611808095,603.8237842562417,659.6585095325966,1065.4212101826658,1052.5408396277044,1253.6782322480249,97,,,,,,,,,,,,,,,,514.8412611808095,196.1602783203125,1065.4212101826658,45569.25390625,1995.9244140625,603.8237842562417,196.95684814453125,1052.5408396277044,20250.76171875,2991.4345703125,659.6585095325966,274.444091796875,1253.6782322480249,49459.3271484375,3522.229882812501
2dsa,memory,raw,temporal,2dsa_arch_128_64_scaler_standard_opt_adam_batch_64_act_relu_drop_0.2,server/run_2025_12_27/results/2dsa/memory/raw/temporal/2dsa_arch_128_64_scaler_standard_opt_adam_batch_64_act_relu_drop_0.2,128_64,standard_opt_adam_batch_64_act_relu_drop_0,adam_batch_64_act_relu_drop_0,64,relu_drop_0,0.2,64,0.2,665.1534754523929,855.6541337946504,1092.0397763161518,1472.9058521642285,1372.0887994033874,1174.309409486815,45,,,,,,,,,,,,,,,,665.1534754523929,198.6021728515625,1472.9058521642285,58897.599609375,2749.8986328124993,855.6541337946504,308.254638671875,1372.0887994033874,25810.666015625,3436.831787109375,1092.0397763161518,957.118896484375,1174.309409486815,43562.2783203125,3517.66015625
2dsa,memory,raw,temporal,2dsa_arch_128_64_scaler_standard_opt_adam_batch_64_act_relu_drop_0.3,server/run_2025_12_27/results/2dsa/memory/raw/temporal/2dsa_arch_128_64_scaler_standard_opt_adam_batch_64_act_relu_drop_0.3,128_64,standard_opt_adam_batch_64_act_relu_drop_0,adam_batch_64_act_relu_drop_0,64,relu_drop_0,0.3,64,0.3,677.0029933628787,912.5830155461658,1491.4865346177314,1482.7484637531502,1317.0092119178723,1187.8732191120243,53,,,,,,,,,,,,,,,,677.0029933628787,203.4844970703125,1482.7484637531502,57883.66796875,2824.164184570312,912.5830155461658,346.759765625,1317.0092119178723,25785.724609375,3345.30517578125,1491.4865346177314,1488.073486328125,1187.8732191120243,44438.251953125,3507.45224609375
2dsa,memory,raw,temporal,2dsa_arch_128_64_scaler_standard_opt_rmsprop_batch_128_act_elu_drop_0.2,server/run_2025_12_27/results/2dsa/memory/raw/temporal/2dsa_arch_128_64_scaler_standard_opt_rmsprop_batch_128_act_elu_drop_0.2,128_64,standard_opt_rmsprop_batch_128_act_elu_drop_0,rmsprop_batch_128_act_elu_drop_0,128,elu_drop_0,0.2,128,0.2,536.5285369874124,529.972997492532,502.15345860745674,17633.27935013174,1000.8342871369658,1149.74769362735,100,,,,,,,,,,,,,,,,536.5285369874124,162.377685546875,17633.27935013174,7838952.5,1988.4398681640623,529.972997492532,177.7755126953125,1000.8342871369658,25117.9609375,2607.60498046875,502.15345860745674,162.5721435546875,1149.74769362735,47076.3935546875,3048.1547851562505
2dsa,memory,raw,temporal,2dsa_arch_128_64_scaler_standard_opt_rmsprop_batch_128_act_elu_drop_0.3,server/run_2025_12_27/results/2dsa/memory/raw/temporal/2dsa_arch_128_64_scaler_standard_opt_rmsprop_batch_128_act_elu_drop_0.3,128_64,standard_opt_rmsprop_batch_128_act_elu_drop_0,rmsprop_batch_128_act_elu_drop_0,128,elu_drop_0,0.3,128,0.3,556.7738110025263,614.9425255296113,815.4480290705311,22522.574484408437,1089.5234406235263,1185.0289507608784,100,,,,,,,,,,,,,,,,556.7738110025263,164.88282775878906,22522.574484408437,10018924.0,2006.007812499999,614.9425255296113,210.809814453125,1089.5234406235263,20386.62109375,2978.3623046875,815.4480290705311,411.778564453125,1185.0289507608784,50503.29248046875,3262.105468750002
2dsa,memory,raw,temporal,2dsa_arch_128_64_scaler_standard_opt_rmsprop_batch_128_act_relu_drop_0.2,server/run_2025_12_27/results/2dsa/memory/raw/temporal/2dsa_arch_128_64_scaler_standard_opt_rmsprop_batch_128_act_relu_drop_0.2,128_64,standard_opt_rmsprop_batch_128_act_relu_drop_0,rmsprop_batch_128_act_relu_drop_0,128,relu_drop_0,0.2,128,0.2,1111.9774203565444,2322.6217702017743,4784.444804735018,2060.703926190731,2465.5330585267484,2434.711809394398,11,,,,,,,,,,,,,,,,1111.9774203565444,503.1128616333008,2060.703926190731,68664.912109375,3944.7251953125,2322.6217702017743,949.25439453125,2465.5330585267484,31260.7255859375,6777.202392578125,4784.444804735018,5406.45361328125,2434.711809394398,47845.8671875,7533.501953125
2dsa,memory,raw,temporal,2dsa_arch_128_64_scaler_standard_opt_rmsprop_batch_128_act_relu_drop_0.3,server/run_2025_12_27/results/2dsa/memory/raw/temporal/2dsa_arch_128_64_scaler_standard_opt_rmsprop_batch_128_act_relu_drop_0.3,128_64,standard_opt_rmsprop_batch_128_act_relu_drop_0,rmsprop_batch_128_act_relu_drop_0,128,relu_drop_0,0.3,128,0.3,1119.741033745256,2283.551810404416,4717.117839524661,2080.7021314135186,2426.1901214404957,2405.639595080203,11,,,,,,,,,,,,,,,,1119.741033745256,508.1121063232422,2080.7021314135186,69055.22265625,3908.584204101562,2283.551810404416,976.44677734375,2426.1901214404957,31898.2041015625,6647.590576171875,4717.117839524661,5300.65478515625,2405.639595080203,48847.201171875,7440.6705078125
2dsa,memory,raw,temporal,2dsa_arch_128_64_scaler_standard_opt_rmsprop_batch_64_act_elu_drop_0.2,server/run_2025_12_27/results/2dsa/memory/raw/temporal/2dsa_arch_128_64_scaler_standard_opt_rmsprop_batch_64_act_elu_drop_0.2,128_64,standard_opt_rmsprop_batch_64_act_elu_drop_0,rmsprop_batch_64_act_elu_drop_0,64,elu_drop_0,0.2,64,0.2,562.1195014124328,607.4835584776496,610.3637051775144,2109.2020241683517,1086.4107979184198,1230.5954059170122,41,,,,,,,,,,,,,,,,562.1195014124328,182.739990234375,2109.2020241683517,745094.0,2277.0088134765615,607.4835584776496,226.16162109375,1086.4107979184198,20369.5078125,2931.11865234375,610.3637051775144,225.7381591796875,1230.5954059170122,48708.798828125,3429.884472656252
2dsa,memory,raw,temporal,2dsa_arch_128_64_scaler_standard_opt_rmsprop_batch_64_act_elu_drop_0.3,server/run_2025_12_27/results/2dsa/memory/raw/temporal/2dsa_arch_128_64_scaler_standard_opt_rmsprop_batch_64_act_elu_drop_0.3,128_64,standard_opt_rmsprop_batch_64_act_elu_drop_0,rmsprop_batch_64_act_elu_drop_0,64,elu_drop_0,0.3,64,0.3,549.5564915431513,588.3796677572927,615.0344819904813,15923.16584473816,1044.5620481549124,1142.3576740407325,100,,,,,,,,,,,,,,,,549.5564915431513,174.68045043945312,15923.16584473816,7074429.5,2046.584130859375,588.3796677572927,208.2840576171875,1044.5620481549124,23345.40234375,2727.18603515625,615.0344819904813,279.8631591796875,1142.3576740407325,49837.85400390625,3028.5279296875037
2dsa,memory,raw,temporal,2dsa_arch_128_64_scaler_standard_opt_rmsprop_batch_64_act_relu_drop_0.2,server/run_2025_12_27/results/2dsa/memory/raw/temporal/2dsa_arch_128_64_scaler_standard_opt_rmsprop_batch_64_act_relu_drop_0.2,128_64,standard_opt_rmsprop_batch_64_act_relu_drop_0,rmsprop_batch_64_act_relu_drop_0,64,relu_drop_0,0.2,64,0.2,602.5572833890965,746.8968217704406,877.1124816410706,2423.9236663798024,1280.5678891072132,1353.3718657801032,47,,,,,,,,,,,,,,,,602.5572833890965,189.54852294921875,2423.9236663798024,870946.6875,2459.775317382811,746.8968217704406,232.014892578125,1280.5678891072132,23568.662109375,3518.8042602539062,877.1124816410706,447.2814331054687,1353.3718657801032,44208.8330078125,3824.66201171875
2dsa,memory,raw,temporal,2dsa_arch_128_64_scaler_standard_opt_rmsprop_batch_64_act_relu_drop_0.3,server/run_2025_12_27/results/2dsa/memory/raw/temporal/2dsa_arch_128_64_scaler_standard_opt_rmsprop_batch_64_act_relu_drop_0.3,128_64,standard_opt_rmsprop_batch_64_act_relu_drop_0,rmsprop_batch_64_act_relu_drop_0,64,relu_drop_0,0.3,64,0.3,503.5453177572708,667.8879474078963,779.2740244858351,1190.9265919842353,1118.9419710625932,1307.5971049429932,100,,,,,,,,,,,,,,,,503.5453177572708,163.22943115234375,1190.9265919842353,53632.513671875,2062.5598144531223,667.8879474078963,221.6279296875,1118.9419710625932,24499.11328125,3194.24755859375,779.2740244858351,380.0310668945313,1307.5971049429932,47396.71875,3717.6708984375
2dsa,memory,raw,temporal,2dsa_arch_64_32_scaler_minmax_opt_adam_batch_128_act_elu_drop_0.2,server/run_2025_12_27/results/2dsa/memory/raw/temporal/2dsa_arch_64_32_scaler_minmax_opt_adam_batch_128_act_elu_drop_0.2,64_32,minmax_opt_adam_batch_128_act_elu_drop_0,adam_batch_128_act_elu_drop_0,128,elu_drop_0,0.2,128,0.2,1738.877083540929,2274.516955741855,3701.2258020973977,3037.7646886596835,2053.52747855449,1903.549906799978,11,,,,,,,,,,,,,,,,1738.877083540929,993.8514404296876,3037.7646886596835,85559.24951171875,5373.009362792967,2274.516955741855,1987.6494140625,2053.52747855449,39135.47607421875,4741.33984375,3701.2258020973977,3785.7646484375,1903.549906799978,51496.58642578125,6557.10810546875
2dsa,memory,raw,temporal,2dsa_arch_64_32_scaler_minmax_opt_adam_batch_128_act_elu_drop_0.3,server/run_2025_12_27/results/2dsa/memory/raw/temporal/2dsa_arch_64_32_scaler_minmax_opt_adam_batch_128_act_elu_drop_0.3,64_32,minmax_opt_adam_batch_128_act_elu_drop_0,adam_batch_128_act_elu_drop_0,128,elu_drop_0,0.3,128,0.3,1781.7486225679415,2297.353756461247,3663.6143856786616,3031.9752918400945,2029.5209120950117,1896.711921243322,11,,,,,,,,,,,,,,,,1781.7486225679415,1015.990478515625,3031.9752918400945,85703.65673828125,5412.354248046872,2297.353756461247,2005.974365234375,2029.5209120950117,39087.60302734375,4742.6575927734375,3663.6143856786616,3704.388671875,1896.711921243322,51564.51806640625,6592.195068359378
2dsa,memory,raw,temporal,2dsa_arch_64_32_scaler_minmax_opt_adam_batch_128_act_relu_drop_0.2,server/run_2025_12_27/results/2dsa/memory/raw/temporal/2dsa_arch_64_32_scaler_minmax_opt_adam_batch_128_act_relu_drop_0.2,64_32,minmax_opt_adam_batch_128_act_relu_drop_0,adam_batch_128_act_relu_drop_0,128,relu_drop_0,0.2,128,0.2,2106.656674386744,2523.2499981421397,3546.679252660583,2990.88083841249,1906.3217089941431,1872.675384874743,11,,,,,,,,,,,,,,,,2106.656674386744,1600.7183837890625,2990.88083841249,86330.9677734375,5580.9187255859315,2523.2499981421397,2209.5849609375,1906.3217089941431,39217.59033203125,4855.0728759765625,3546.679252660583,3382.197265625,1872.675384874743,51726.321533203125,6726.3671875
2dsa,memory,raw,temporal,2dsa_arch_64_32_scaler_minmax_opt_adam_batch_128_act_relu_drop_0.3,server/run_2025_12_27/results/2dsa/memory/raw/temporal/2dsa_arch_64_32_scaler_minmax_opt_adam_batch_128_act_relu_drop_0.3,64_32,minmax_opt_adam_batch_128_act_relu_drop_0,adam_batch_128_act_relu_drop_0,128,relu_drop_0,0.3,128,0.3,1564.6526415553064,2372.32445320075,4512.271401626228,2640.40259326506,2116.077553755598,2072.0371229333923,12,,,,,,,,,,,,,,,,1564.6526415553064,976.530517578125,2640.40259326506,80471.6376953125,4359.904345703123,2372.32445320075,1815.124267578125,2116.077553755598,35057.349609375,5731.32861328125,4512.271401626228,5121.6376953125,2072.0371229333923,50774.5205078125,6597.5189453125
2dsa,memory,raw,temporal,2dsa_arch_64_32_scaler_minmax_opt_adam_batch_64_act_elu_drop_0.2,server/run_2025_12_27/results/2dsa/memory/raw/temporal/2dsa_arch_64_32_scaler_minmax_opt_adam_batch_64_act_elu_drop_0.2,64_32,minmax_opt_adam_batch_64_act_elu_drop_0,adam_batch_64_act_elu_drop_0,64,elu_drop_0,0.2,64,0.2,699.201309116266,932.4008987004378,816.1777579650976,1471.8459738874217,1499.8256604982748,1206.700384379873,38,,,,,,,,,,,,,,,,699.201309116266,240.3519287109375,1471.8459738874217,59251.595703125,2798.915087890624,932.4008987004378,282.54974365234375,1499.8256604982748,19716.576171875,3811.972900390625,816.1777579650976,441.34765625,1206.700384379873,49978.11474609375,3507.5454589843757
2dsa,memory,raw,temporal,2dsa_arch_64_32_scaler_minmax_opt_adam_batch_64_act_elu_drop_0.3,server/run_2025_12_27/results/2dsa/memory/raw/temporal/2dsa_arch_64_32_scaler_minmax_opt_adam_batch_64_act_elu_drop_0.3,64_32,minmax_opt_adam_batch_64_act_elu_drop_0,adam_batch_64_act_elu_drop_0,64,elu_drop_0,0.3,64,0.3,763.8762919246966,1212.5355608624866,1721.6998912345668,1679.7278299292468,1578.457369189274,1323.2376103399272,30,,,,,,,,,,,,,,,,763.8762919246966,253.620849609375,1679.7278299292468,65016.564453125,3136.5626953124993,1212.5355608624866,528.130615234375,1578.457369189274,24751.373046875,4283.2568359375,1721.6998912345668,1617.726318359375,1323.2376103399272,50618.06982421875,3992.103906250001
2dsa,memory,raw,temporal,2dsa_arch_64_32_scaler_minmax_opt_adam_batch_64_act_relu_drop_0.2,server/run_2025_12_27/results/2dsa/memory/raw/temporal/2dsa_arch_64_32_scaler_minmax_opt_adam_batch_64_act_relu_drop_0.2,64_32,minmax_opt_adam_batch_64_act_relu_drop_0,adam_batch_64_act_relu_drop_0,64,relu_drop_0,0.2,64,0.2,1687.074195306684,2355.071117954829,4191.825434889832,2799.28331211089,2043.4086842972808,1906.1992776985765,11,,,,,,,,,,,,,,,,1687.074195306684,1079.64208984375,2799.28331211089,82930.80078125,4583.543945312498,2355.071117954829,2059.944091796875,2043.4086842972808,36347.39501953125,5325.447021484375,4191.825434889832,4583.2080078125,1906.1992776985765,50808.41259765625,5925.525781250001
2dsa,memory,raw,temporal,2dsa_arch_64_32_scaler_minmax_opt_adam_batch_64_act_relu_drop_0.3,server/run_2025_12_27/results/2dsa/memory/raw/temporal/2dsa_arch_64_32_scaler_minmax_opt_adam_batch_64_act_relu_drop_0.3,64_32,minmax_opt_adam_batch_64_act_relu_drop_0,adam_batch_64_act_relu_drop_0,64,relu_drop_0,0.3,64,0.3,1651.7253443132115,2348.599886866117,4287.294326428959,2738.981429265789,2050.9447988141706,1955.321047655404,11,,,,,,,,,,,,,,,,1651.7253443132115,1059.1996459960938,2738.981429265789,82109.9990234375,4472.16427001953,2348.599886866117,1965.0927734375,2050.9447988141706,35946.7822265625,5452.977783203125,4287.294326428959,4775.47412109375,1955.321047655404,50820.7646484375,6080.40234375
2dsa,memory,raw,temporal,2dsa_arch_64_32_scaler_minmax_opt_rmsprop_batch_128_act_elu_drop_0.2,server/run_2025_12_27/results/2dsa/memory/raw/temporal/2dsa_arch_64_32_scaler_minmax_opt_rmsprop_batch_128_act_elu_drop_0.2,64_32,minmax_opt_rmsprop_batch_128_act_elu_drop_0,rmsprop_batch_128_act_elu_drop_0,128,elu_drop_0,0.2,128,0.2,1276.1557303531088,2422.1001104856327,4814.40687825157,2180.858054541416,2224.7202544371457,2212.018360737761,14,,,,,,,,,,,,,,,,1276.1557303531088,702.907618522644,2180.858054541416,73531.419921875,3826.376391601561,2422.1001104856327,1300.262451171875,2224.7202544371457,33198.0771484375,6038.506103515625,4814.40687825157,5752.6513671875,2212.018360737761,51534.578369140625,6833.268359375
2dsa,memory,raw,temporal,2dsa_arch_64_32_scaler_minmax_opt_rmsprop_batch_128_act_elu_drop_0.3,server/run_2025_12_27/results/2dsa/memory/raw/temporal/2dsa_arch_64_32_scaler_minmax_opt_rmsprop_batch_128_act_elu_drop_0.3,64_32,minmax_opt_rmsprop_batch_128_act_elu_drop_0,rmsprop_batch_128_act_elu_drop_0,128,elu_drop_0,0.3,128,0.3,721.5142980375931,810.6745859962566,666.0244727194487,1609.1871281306312,1302.3117820524126,1266.1190428762095,44,,,,,,,,,,,,,,,,721.5142980375931,235.90951538085935,1609.1871281306312,62393.865234375,2940.422216796875,810.6745859962566,274.629638671875,1302.3117820524126,22541.7734375,3584.34619140625,666.0244727194487,261.9774169921875,1266.1190428762095,52644.246826171875,3611.430859375004
2dsa,memory,raw,temporal,2dsa_arch_64_32_scaler_minmax_opt_rmsprop_batch_128_act_relu_drop_0.2,server/run_2025_12_27/results/2dsa/memory/raw/temporal/2dsa_arch_64_32_scaler_minmax_opt_rmsprop_batch_128_act_relu_drop_0.2,64_32,minmax_opt_rmsprop_batch_128_act_relu_drop_0,rmsprop_batch_128_act_relu_drop_0,128,relu_drop_0,0.2,128,0.2,1626.716826420483,2459.277257578635,4668.40262241591,2698.9129603479446,2159.9210564619957,2088.8077148744896,12,,,,,,,,,,,,,,,,1626.716826420483,1040.14501953125,2698.9129603479446,81347.228515625,4424.027172851562,2459.277257578635,1977.771728515625,2159.9210564619957,35517.38671875,5837.118408203125,4668.40262241591,5326.62890625,2088.8077148744896,50881.0615234375,6665.88955078125
2dsa,memory,raw,temporal,2dsa_arch_64_32_scaler_minmax_opt_rmsprop_batch_128_act_relu_drop_0.3,server/run_2025_12_27/results/2dsa/memory/raw/temporal/2dsa_arch_64_32_scaler_minmax_opt_rmsprop_batch_128_act_relu_drop_0.3,64_32,minmax_opt_rmsprop_batch_128_act_relu_drop_0,rmsprop_batch_128_act_relu_drop_0,128,relu_drop_0,0.3,128,0.3,1669.9195069290208,2387.1560777335444,4334.90145143656,2817.192627657418,2087.697408129556,1946.5030238974189,12,,,,,,,,,,,,,,,,1669.9195069290208,1059.41845703125,2817.192627657418,83053.5009765625,4614.859912109372,2387.1560777335444,2044.601806640625,2087.697408129556,36534.62890625,5453.54150390625,4334.90145143656,4783.814453125,1946.5030238974189,51068.02783203125,6078.284472656251
2dsa,memory,raw,temporal,2dsa_arch_64_32_scaler_minmax_opt_rmsprop_batch_64_act_elu_drop_0.2,server/run_2025_12_27/results/2dsa/memory/raw/temporal/2dsa_arch_64_32_scaler_minmax_opt_rmsprop_batch_64_act_elu_drop_0.2,64_32,minmax_opt_rmsprop_batch_64_act_elu_drop_0,rmsprop_batch_64_act_elu_drop_0,64,elu_drop_0,0.2,64,0.2,1670.4264698382033,2455.0301600445055,4575.876333795331,2782.8926540821685,2128.875852212311,2020.2306575880937,11,,,,,,,,,,,,,,,,1670.4264698382033,1049.321533203125,2782.8926540821685,83020.869140625,4530.641674804686,2455.0301600445055,1883.106201171875,2128.875852212311,37571.22705078125,5565.9931640625,4575.876333795331,5220.38427734375,2020.2306575880937,51025.984375,6301.872460937501
2dsa,memory,raw,temporal,2dsa_arch_64_32_scaler_minmax_opt_rmsprop_batch_64_act_elu_drop_0.3,server/run_2025_12_27/results/2dsa/memory/raw/temporal/2dsa_arch_64_32_scaler_minmax_opt_rmsprop_batch_64_act_elu_drop_0.3,64_32,minmax_opt_rmsprop_batch_64_act_elu_drop_0,rmsprop_batch_64_act_elu_drop_0,64,elu_drop_0,0.3,64,0.3,1636.895187883891,2251.7493098693894,3970.847437697,3014.1609347495073,2125.430446360311,1941.4619159660224,11,,,,,,,,,,,,,,,,1636.895187883891,920.4375,3014.1609347495073,85130.7373046875,5172.29619140625,2251.7493098693894,1884.69384765625,2125.430446360311,38884.0361328125,4830.256103515625,3970.847437697,4186.11767578125,1941.4619159660224,51464.61474609375,6409.7546875000035
2dsa,memory,raw,temporal,2dsa_arch_64_32_scaler_minmax_opt_rmsprop_batch_64_act_relu_drop_0.2,server/run_2025_12_27/results/2dsa/memory/raw/temporal/2dsa_arch_64_32_scaler_minmax_opt_rmsprop_batch_64_act_relu_drop_0.2,64_32,minmax_opt_rmsprop_batch_64_act_relu_drop_0,rmsprop_batch_64_act_relu_drop_0,64,relu_drop_0,0.2,64,0.2,1813.4960108462303,2374.1210095820443,3909.465626389166,2934.1576473870564,1991.3879889725056,1846.7913926249253,11,,,,,,,,,,,,,,,,1813.4960108462303,1124.45166015625,2934.1576473870564,84989.279296875,5054.374731445311,2374.1210095820443,2156.62646484375,1991.3879889725056,37957.37646484375,4787.39697265625,3909.465626389166,4107.69921875,1846.7913926249253,51273.0390625,6262.858593750004
2dsa,memory,raw,temporal,2dsa_arch_64_32_scaler_minmax_opt_rmsprop_batch_64_act_relu_drop_0.3,server/run_2025_12_27/results/2dsa/memory/raw/temporal/2dsa_arch_64_32_scaler_minmax_opt_rmsprop_batch_64_act_relu_drop_0.3,64_32,minmax_opt_rmsprop_batch_64_act_relu_drop_0,rmsprop_batch_64_act_relu_drop_0,64,relu_drop_0,0.3,64,0.3,1886.2249549530225,2415.9991076700644,3830.9911384700063,2962.3797844854635,1969.7175356614416,1852.889187772001,11,,,,,,,,,,,,,,,,1886.2249549530225,1118.89599609375,2962.3797844854635,85513.24951171875,5267.013232421875,2415.9991076700644,2164.352783203125,1969.7175356614416,38463.10400390625,4690.662353515625,3830.9911384700063,3909.0322265625,1852.889187772001,51486.341796875,6461.461328125002
2dsa,memory,raw,temporal,2dsa_arch_64_32_scaler_standard_opt_adam_batch_128_act_elu_drop_0.2,server/run_2025_12_27/results/2dsa/memory/raw/temporal/2dsa_arch_64_32_scaler_standard_opt_adam_batch_128_act_elu_drop_0.2,64_32,standard_opt_adam_batch_128_act_elu_drop_0,adam_batch_128_act_elu_drop_0,128,elu_drop_0,0.2,128,0.2,618.1998284464102,776.6530317662898,782.676704852069,1305.8974241611566,1185.8710152330184,1283.4409754256217,47,,,,,,,,,,,,,,,,618.1998284464102,237.894775390625,1305.8974241611566,56162.203125,2407.25517578125,776.6530317662898,297.82037353515625,1185.8710152330184,22222.806640625,3289.047119140625,782.676704852069,343.2412109375,1283.4409754256217,48728.22900390625,3697.936230468752
2dsa,memory,raw,temporal,2dsa_arch_64_32_scaler_standard_opt_adam_batch_128_act_elu_drop_0.3,server/run_2025_12_27/results/2dsa/memory/raw/temporal/2dsa_arch_64_32_scaler_standard_opt_adam_batch_128_act_elu_drop_0.3,64_32,standard_opt_adam_batch_128_act_elu_drop_0,adam_batch_128_act_elu_drop_0,128,elu_drop_0,0.3,128,0.3,609.9247021636172,746.010711830008,679.056004672353,1286.1893632761694,1151.2691798927542,1393.0604871009562,72,,,,,,,,,,,,,,,,609.9247021636172,220.98681640625,1286.1893632761694,55810.466796875,2464.167431640624,746.010711830008,207.24761962890625,1151.2691798927542,20798.580078125,3252.393798828125,679.056004672353,199.97027587890625,1393.0604871009562,50863.687744140625,3867.669335937501
2dsa,memory,raw,temporal,2dsa_arch_64_32_scaler_standard_opt_adam_batch_128_act_relu_drop_0.2,server/run_2025_12_27/results/2dsa/memory/raw/temporal/2dsa_arch_64_32_scaler_standard_opt_adam_batch_128_act_relu_drop_0.2,64_32,standard_opt_adam_batch_128_act_relu_drop_0,adam_batch_128_act_relu_drop_0,128,relu_drop_0,0.2,128,0.2,1043.2073722834891,2330.640223735682,5174.673091477913,2031.580995574124,2545.2083703885523,2625.7410893928272,12,,,,,,,,,,,,,,,,1043.2073722834891,422.7681350708008,2031.580995574124,67987.8671875,3944.725830078123,2330.640223735682,831.2496871948242,2545.2083703885523,30661.80078125,6918.79541015625,5174.673091477913,6305.03271484375,2625.7410893928272,46001.0146484375,7822.881250000001
2dsa,memory,raw,temporal,2dsa_arch_64_32_scaler_standard_opt_adam_batch_128_act_relu_drop_0.3,server/run_2025_12_27/results/2dsa/memory/raw/temporal/2dsa_arch_64_32_scaler_standard_opt_adam_batch_128_act_relu_drop_0.3,64_32,standard_opt_adam_batch_128_act_relu_drop_0,adam_batch_128_act_relu_drop_0,128,relu_drop_0,0.3,128,0.3,1094.7434355717724,2322.195210833665,5107.93667448625,2026.5902305063676,2472.0647598900537,2573.0068279268858,12,,,,,,,,,,,,,,,,1094.7434355717724,511.1949768066406,2026.5902305063676,69053.25,3912.2122314453095,2322.195210833665,853.399169921875,2472.0647598900537,30842.158203125,6809.1142578125,5107.93667448625,6187.31640625,2573.0068279268858,46181.80078125,7736.535156250001
2dsa,memory,raw,temporal,2dsa_arch_64_32_scaler_standard_opt_adam_batch_64_act_elu_drop_0.2,server/run_2025_12_27/results/2dsa/memory/raw/temporal/2dsa_arch_64_32_scaler_standard_opt_adam_batch_64_act_elu_drop_0.2,64_32,standard_opt_adam_batch_64_act_elu_drop_0,adam_batch_64_act_elu_drop_0,64,elu_drop_0,0.2,64,0.2,516.8867530648159,598.1609129920395,576.8197275083274,1060.6392326810203,1058.2814133282764,1245.9221799046463,98,,,,,,,,,,,,,,,,516.8867530648159,195.82986450195312,1060.6392326810203,46566.97265625,2020.8125488281237,598.1609129920395,176.7564697265625,1058.2814133282764,18185.51953125,2934.803955078125,576.8197275083274,167.4464111328125,1245.9221799046463,49236.1142578125,3331.52001953125
2dsa,memory,raw,temporal,2dsa_arch_64_32_scaler_standard_opt_adam_batch_64_act_elu_drop_0.3,server/run_2025_12_27/results/2dsa/memory/raw/temporal/2dsa_arch_64_32_scaler_standard_opt_adam_batch_64_act_elu_drop_0.3,64_32,standard_opt_adam_batch_64_act_elu_drop_0,adam_batch_64_act_elu_drop_0,64,elu_drop_0,0.3,64,0.3,580.768792969134,728.0442856067193,743.6031850476941,1232.3751616861248,1133.6734084103066,1416.0179482710628,96,,,,,,,,,,,,,,,,580.768792969134,220.0614013671875,1232.3751616861248,54209.81640625,2276.907739257812,728.0442856067193,245.45257568359375,1133.6734084103066,20894.90234375,3204.1236572265625,743.6031850476941,314.0145263671875,1416.0179482710628,52448.528564453125,3860.7247070312505
2dsa,memory,raw,temporal,2dsa_arch_64_32_scaler_standard_opt_adam_batch_64_act_relu_drop_0.2,server/run_2025_12_27/results/2dsa/memory/raw/temporal/2dsa_arch_64_32_scaler_standard_opt_adam_batch_64_act_relu_drop_0.2,64_32,standard_opt_adam_batch_64_act_relu_drop_0,adam_batch_64_act_relu_drop_0,64,relu_drop_0,0.2,64,0.2,1084.5537326357685,2245.82713514165,4874.173021948004,2029.813449797581,2381.919785989156,2447.911399264794,11,,,,,,,,,,,,,,,,1084.5537326357685,481.9388465881348,2029.813449797581,67867.0078125,3948.263842773435,2245.82713514165,855.1708831787109,2381.919785989156,31102.875,6436.1611328125,4874.173021948004,5902.32470703125,2447.911399264794,46729.82421875,7349.2791015625
2dsa,memory,raw,temporal,2dsa_arch_64_32_scaler_standard_opt_adam_batch_64_act_relu_drop_0.3,server/run_2025_12_27/results/2dsa/memory/raw/temporal/2dsa_arch_64_32_scaler_standard_opt_adam_batch_64_act_relu_drop_0.3,64_32,standard_opt_adam_batch_64_act_relu_drop_0,adam_batch_64_act_relu_drop_0,64,relu_drop_0,0.3,64,0.3,780.8457271767367,1110.4461254437442,1789.5741455208772,1735.4607801665372,1472.211121959609,1319.1864124582316,35,,,,,,,,,,,,,,,,780.8457271767367,222.110595703125,1735.4607801665372,64933.716796875,3302.5996826171854,1110.4461254437442,501.1375732421875,1472.211121959609,27290.677734375,4014.37060546875,1789.5741455208772,1698.482421875,1319.1864124582316,48783.33837890625,4215.999218750001
2dsa,memory,raw,temporal,2dsa_arch_64_32_scaler_standard_opt_rmsprop_batch_128_act_elu_drop_0.2,server/run_2025_12_27/results/2dsa/memory/raw/temporal/2dsa_arch_64_32_scaler_standard_opt_rmsprop_batch_128_act_elu_drop_0.2,64_32,standard_opt_rmsprop_batch_128_act_elu_drop_0,rmsprop_batch_128_act_elu_drop_0,128,elu_drop_0,0.2,128,0.2,607.7717373937354,731.6645394869248,879.5686266462594,2625.5434466801985,1137.96300632306,1234.559086298943,60,,,,,,,,,,,,,,,,607.7717373937354,209.36550903320312,2625.5434466801985,1010282.875,2386.459838867187,731.6645394869248,317.916748046875,1137.96300632306,22271.138671875,3083.17236328125,879.5686266462594,543.83984375,1234.559086298943,48545.5634765625,3611.863476562501
2dsa,memory,raw,temporal,2dsa_arch_64_32_scaler_standard_opt_rmsprop_batch_128_act_elu_drop_0.3,server/run_2025_12_27/results/2dsa/memory/raw/temporal/2dsa_arch_64_32_scaler_standard_opt_rmsprop_batch_128_act_elu_drop_0.3,64_32,standard_opt_rmsprop_batch_128_act_elu_drop_0,rmsprop_batch_128_act_elu_drop_0,128,elu_drop_0,0.3,128,0.3,637.8857829307004,688.1714874667434,712.7643901101816,3619.6416171817023,1073.5626381764,1256.1743637862771,89,,,,,,,,,,,,,,,,637.8857829307004,220.6324462890625,3619.6416171817023,1493675.625,2467.368688964844,688.1714874667434,235.0283203125,1073.5626381764,22965.3203125,3062.5458984375,712.7643901101816,306.86767578125,1256.1743637862771,48691.72021484375,3562.28310546875
2dsa,memory,raw,temporal,2dsa_arch_64_32_scaler_standard_opt_rmsprop_batch_128_act_relu_drop_0.2,server/run_2025_12_27/results/2dsa/memory/raw/temporal/2dsa_arch_64_32_scaler_standard_opt_rmsprop_batch_128_act_relu_drop_0.2,64_32,standard_opt_rmsprop_batch_128_act_relu_drop_0,rmsprop_batch_128_act_relu_drop_0,128,relu_drop_0,0.2,128,0.2,1230.866964066935,2207.1996008571996,4377.721237437271,2216.511247249704,2300.5287476554954,2289.629024621487,11,,,,,,,,,,,,,,,,1230.866964066935,585.586742401123,2216.511247249704,72099.1181640625,4014.0340332031233,2207.1996008571996,1158.84765625,2300.5287476554954,33411.7958984375,6290.795654296875,4377.721237437271,4764.96923828125,2289.629024621487,53453.698486328125,7024.32685546875
2dsa,memory,raw,temporal,2dsa_arch_64_32_scaler_standard_opt_rmsprop_batch_128_act_relu_drop_0.3,server/run_2025_12_27/results/2dsa/memory/raw/temporal/2dsa_arch_64_32_scaler_standard_opt_rmsprop_batch_128_act_relu_drop_0.3,64_32,standard_opt_rmsprop_batch_128_act_relu_drop_0,rmsprop_batch_128_act_relu_drop_0,128,relu_drop_0,0.3,128,0.3,1254.0063514567566,2148.115407308182,4140.96532633554,2281.791014512897,2193.3134837290936,2160.246710420624,11,,,,,,,,,,,,,,,,1254.0063514567566,619.2668704986572,2281.791014512897,73244.1640625,3969.308642578125,2148.115407308182,1183.692626953125,2193.3134837290936,34332.0498046875,5934.18310546875,4140.96532633554,4396.95947265625,2160.246710420624,53593.533935546875,6670.672265625
2dsa,memory,raw,temporal,2dsa_arch_64_32_scaler_standard_opt_rmsprop_batch_64_act_elu_drop_0.2,server/run_2025_12_27/results/2dsa/memory/raw/temporal/2dsa_arch_64_32_scaler_standard_opt_rmsprop_batch_64_act_elu_drop_0.2,64_32,standard_opt_rmsprop_batch_64_act_elu_drop_0,rmsprop_batch_64_act_elu_drop_0,64,elu_drop_0,0.2,64,0.2,613.0973715348467,689.275475015138,1060.3492243331168,3406.404293918461,1134.5028058749551,1323.4362059579803,42,,,,,,,,,,,,,,,,613.0973715348467,216.42550659179688,3406.404293918461,1390105.5,2420.3050537109366,689.275475015138,230.181396484375,1134.5028058749551,23068.595703125,3106.2060546875,1060.3492243331168,339.71514892578125,1323.4362059579803,53857.21600341797,3446.083789062502
2dsa,memory,raw,temporal,2dsa_arch_64_32_scaler_standard_opt_rmsprop_batch_64_act_elu_drop_0.3,server/run_2025_12_27/results/2dsa/memory/raw/temporal/2dsa_arch_64_32_scaler_standard_opt_rmsprop_batch_64_act_elu_drop_0.3,64_32,standard_opt_rmsprop_batch_64_act_elu_drop_0,rmsprop_batch_64_act_elu_drop_0,64,elu_drop_0,0.3,64,0.3,657.2804277927945,692.5447961205538,629.662923205797,5506.038166331004,1086.9724113619334,1221.9446601625634,86,,,,,,,,,,,,,,,,657.2804277927945,315.1886901855469,5506.038166331004,2379516.5,2375.55009765625,692.5447961205538,288.06512451171875,1086.9724113619334,22634.75,3102.751708984375,629.662923205797,209.68695068359375,1221.9446601625634,52913.615478515625,3322.41806640625
2dsa,memory,raw,temporal,2dsa_arch_64_32_scaler_standard_opt_rmsprop_batch_64_act_relu_drop_0.2,server/run_2025_12_27/results/2dsa/memory/raw/temporal/2dsa_arch_64_32_scaler_standard_opt_rmsprop_batch_64_act_relu_drop_0.2,64_32,standard_opt_rmsprop_batch_64_act_relu_drop_0,rmsprop_batch_64_act_relu_drop_0,64,relu_drop_0,0.2,64,0.2,988.357836274516,2259.229904762385,5028.9250573901745,2117.042212907853,2540.792753662532,2586.3704688036005,12,,,,,,,,,,,,,,,,988.357836274516,358.4822998046875,2117.042212907853,142318.234375,3938.40656738281,2259.229904762385,792.19091796875,2540.792753662532,30614.8837890625,6924.14208984375,5028.9250573901745,5831.44677734375,2586.3704688036005,47419.7841796875,7847.829296875
2dsa,memory,raw,temporal,2dsa_arch_64_32_scaler_standard_opt_rmsprop_batch_64_act_relu_drop_0.3,server/run_2025_12_27/results/2dsa/memory/raw/temporal/2dsa_arch_64_32_scaler_standard_opt_rmsprop_batch_64_act_relu_drop_0.3,64_32,standard_opt_rmsprop_batch_64_act_relu_drop_0,rmsprop_batch_64_act_relu_drop_0,64,relu_drop_0,0.3,64,0.3,1120.8677451550427,2286.8178008063533,4432.0363137748545,2107.0142331075544,2407.1059440799227,2374.0006316460954,11,,,,,,,,,,,,,,,,1120.8677451550427,489.7938537597656,2107.0142331075544,69369.603515625,3914.750170898437,2286.8178008063533,1018.37744140625,2407.1059440799227,31944.0859375,6603.116455078125,4432.0363137748545,4669.96533203125,2374.0006316460954,49181.22607421875,7410.477734375
ga,cpu,raw,record,ga_arch_128_64_scaler_minmax_opt_adam_batch_128_act_elu_drop_0.2,server/run_2025_12_27/results/ga/cpu/raw/record/ga_arch_128_64_scaler_minmax_opt_adam_batch_128_act_elu_drop_0.2,128_64,minmax_opt_adam_batch_128_act_elu_drop_0,adam_batch_128_act_elu_drop_0,128,elu_drop_0,0.2,128,0.2,10409.584950680037,14166.910753025782,19486.371994031608,15873.988342685492,33051.784711488755,46470.289018376694,35,10409.584950680037,7415.05712890625,15873.988342685492,407972.9873046875,28905.5810546875,14166.910753025782,8216.9580078125,33051.784711488755,467636.365234375,44674.42382812493,19486.371994031608,8033.8701171875,46470.289018376694,698878.978515625,83929.74853515632,,,,,,,,,,,,,,,
ga,cpu,raw,record,ga_arch_128_64_scaler_minmax_opt_adam_batch_128_act_elu_drop_0.3,server/run_2025_12_27/results/ga/cpu/raw/record/ga_arch_128_64_scaler_minmax_opt_adam_batch_128_act_elu_drop_0.3,128_64,minmax_opt_adam_batch_128_act_elu_drop_0,adam_batch_128_act_elu_drop_0,128,elu_drop_0,0.3,128,0.3,10486.13322517777,14191.173947967318,19646.814430569662,15908.610067014177,33078.81027348677,46584.23824221957,34,10486.13322517777,7641.96533203125,15908.610067014177,407678.44140625,28976.290283203125,14191.173947967318,8450.29296875,33078.81027348677,467789.564453125,44770.280859374914,19646.814430569662,8401.87158203125,46584.23824221957,699635.041015625,84575.76103515632,,,,,,,,,,,,,,,
ga,cpu,raw,record,ga_arch_128_64_scaler_minmax_opt_adam_batch_128_act_relu_drop_0.2,server/run_2025_12_27/results/ga/cpu/raw/record/ga_arch_128_64_scaler_minmax_opt_adam_batch_128_act_relu_drop_0.2,128_64,minmax_opt_adam_batch_128_act_relu_drop_0,adam_batch_128_act_relu_drop_0,128,relu_drop_0,0.2,128,0.2,10623.336745481633,14346.29407639403,19716.973337713524,15750.957010646536,33107.383986534245,46355.37166548784,39,10623.336745481633,8000.818359375,15750.957010646536,406912.572265625,28526.62451171875,14346.29407639403,8830.240234375,33107.383986534245,468439.23046875,44667.80878906236,19716.973337713524,8840.74462890625,46355.37166548784,697918.802734375,84076.11416015631,,,,,,,,,,,,,,,
ga,cpu,raw,record,ga_arch_128_64_scaler_minmax_opt_adam_batch_128_act_relu_drop_0.3,server/run_2025_12_27/results/ga/cpu/raw/record/ga_arch_128_64_scaler_minmax_opt_adam_batch_128_act_relu_drop_0.3,128_64,minmax_opt_adam_batch_128_act_relu_drop_0,adam_batch_128_act_relu_drop_0,128,relu_drop_0,0.3,128,0.3,10612.856542186431,14329.277459524154,19671.928661023376,15744.892597332208,33121.59790796058,46357.10705543066,41,10612.856542186431,7985.859375,15744.892597332208,406875.0380859375,28506.072021484375,14329.277459524154,8793.552734375,33121.59790796058,468512.0390625,44737.36406249991,19671.928661023376,8781.2373046875,46357.10705543066,697931.396484375,83996.34941406256,,,,,,,,,,,,,,,
ga,cpu,raw,record,ga_arch_128_64_scaler_minmax_opt_adam_batch_64_act_elu_drop_0.2,server/run_2025_12_27/results/ga/cpu/raw/record/ga_arch_128_64_scaler_minmax_opt_adam_batch_64_act_elu_drop_0.2,128_64,minmax_opt_adam_batch_64_act_elu_drop_0,adam_batch_64_act_elu_drop_0,64,elu_drop_0,0.2,64,0.2,10287.53202253146,13924.475212583597,19467.955183800925,16051.13081850436,33122.1089621896,46749.63901251559,22,10287.53202253146,7187.60400390625,16051.13081850436,408437.2822265625,29478.176513671875,13924.475212583597,7926.951171875,33122.1089621896,467599.490234375,45275.57558593746,19467.955183800925,7853.0576171875,46749.63901251559,700341.8359375,84970.18281250006,,,,,,,,,,,,,,,
ga,cpu,raw,record,ga_arch_128_64_scaler_minmax_opt_adam_batch_64_act_elu_drop_0.3,server/run_2025_12_27/results/ga/cpu/raw/record/ga_arch_128_64_scaler_minmax_opt_adam_batch_64_act_elu_drop_0.3,128_64,minmax_opt_adam_batch_64_act_elu_drop_0,adam_batch_64_act_elu_drop_0,64,elu_drop_0,0.3,64,0.3,10441.0241065571,14185.474467233862,19654.534252365804,16011.8926258615,33096.35828186859,46792.40732336592,24,10441.0241065571,7479.994873046875,16011.8926258615,408092.1748046875,29408.255859375,14185.474467233862,8237.4140625,33096.35828186859,467321.87109375,45285.608984374994,19654.534252365804,8191.234375,46792.40732336592,701086.244140625,85218.52666015629,,,,,,,,,,,,,,,
ga,cpu,raw,record,ga_arch_128_64_scaler_minmax_opt_adam_batch_64_act_relu_drop_0.2,server/run_2025_12_27/results/ga/cpu/raw/record/ga_arch_128_64_scaler_minmax_opt_adam_batch_64_act_relu_drop_0.2,128_64,minmax_opt_adam_batch_64_act_relu_drop_0,adam_batch_64_act_relu_drop_0,64,relu_drop_0,0.2,64,0.2,10641.780708616248,14387.203992960338,19665.99683551772,15697.118138447697,33094.64646802716,46276.0302248453,29,10641.780708616248,8039.911376953125,15697.118138447697,406774.494140625,28290.250244140625,14387.203992960338,8868.7998046875,33094.64646802716,468493.626953125,44641.82734374988,19665.99683551772,8851.84130859375,46276.0302248453,697507.68359375,83655.90283203131,,,,,,,,,,,,,,,
ga,cpu,raw,record,ga_arch_128_64_scaler_minmax_opt_adam_batch_64_act_relu_drop_0.3,server/run_2025_12_27/results/ga/cpu/raw/record/ga_arch_128_64_scaler_minmax_opt_adam_batch_64_act_relu_drop_0.3,128_64,minmax_opt_adam_batch_64_act_relu_drop_0,adam_batch_64_act_relu_drop_0,64,relu_drop_0,0.3,64,0.3,10622.83822548291,14320.60597911634,19706.62927261757,15773.666943159302,33114.33689455954,46417.78128759611,28,10622.83822548291,7999.95654296875,15773.666943159302,406894.40625,28607.154296875,14320.60597911634,8813.109375,33114.33689455954,468411.54296875,44758.00390624991,19706.62927261757,8836.47314453125,46417.78128759611,698389.66796875,84219.13808593756,,,,,,,,,,,,,,,
ga,cpu,raw,record,ga_arch_128_64_scaler_minmax_opt_rmsprop_batch_128_act_elu_drop_0.2,server/run_2025_12_27/results/ga/cpu/raw/record/ga_arch_128_64_scaler_minmax_opt_rmsprop_batch_128_act_elu_drop_0.2,128_64,minmax_opt_rmsprop_batch_128_act_elu_drop_0,rmsprop_batch_128_act_elu_drop_0,128,elu_drop_0,0.2,128,0.2,10391.20324395035,14234.32266850404,19344.83640573206,15831.426379706418,32755.040812722586,46263.65192661386,43,10391.20324395035,6930.8798828125,15831.426379706418,408844.07421875,28645.486572265625,14234.32266850404,7931.2236328125,32755.040812722586,465203.01171875,43987.6484375,19344.83640573206,7638.23974609375,46263.65192661386,697694.744140625,82892.97519531258,,,,,,,,,,,,,,,
ga,cpu,raw,record,ga_arch_128_64_scaler_minmax_opt_rmsprop_batch_128_act_elu_drop_0.3,server/run_2025_12_27/results/ga/cpu/raw/record/ga_arch_128_64_scaler_minmax_opt_rmsprop_batch_128_act_elu_drop_0.3,128_64,minmax_opt_rmsprop_batch_128_act_elu_drop_0,rmsprop_batch_128_act_elu_drop_0,128,elu_drop_0,0.3,128,0.3,10271.86945177152,13997.393583781708,19251.61785318262,15918.456187048418,32797.72768534576,46354.527617168955,45,10271.86945177152,6638.51806640625,15918.456187048418,409339.4580078125,28949.31384277344,13997.393583781708,7678.44091796875,32797.72768534576,465375.216796875,43316.474218749994,19251.61785318262,7413.695556640625,46354.527617168955,698053.8125,83150.07031250009,,,,,,,,,,,,,,,
ga,cpu,raw,record,ga_arch_128_64_scaler_minmax_opt_rmsprop_batch_128_act_relu_drop_0.2,server/run_2025_12_27/results/ga/cpu/raw/record/ga_arch_128_64_scaler_minmax_opt_rmsprop_batch_128_act_relu_drop_0.2,128_64,minmax_opt_rmsprop_batch_128_act_relu_drop_0,rmsprop_batch_128_act_relu_drop_0,128,relu_drop_0,0.2,128,0.2,10622.465962921351,14345.253690864063,19762.28551431595,15785.137695913136,33098.389648346136,46390.097577379776,46,10622.465962921351,7984.14208984375,15785.137695913136,407216.3349609375,28609.348876953125,14345.253690864063,8816.0751953125,33098.389648346136,468303.80078125,44507.1576171875,19762.28551431595,8856.8349609375,46390.097577379776,698242.9453125,84237.23828125007,,,,,,,,,,,,,,,
ga,cpu,raw,record,ga_arch_128_64_scaler_minmax_opt_rmsprop_batch_128_act_relu_drop_0.3,server/run_2025_12_27/results/ga/cpu/raw/record/ga_arch_128_64_scaler_minmax_opt_rmsprop_batch_128_act_relu_drop_0.3,128_64,minmax_opt_rmsprop_batch_128_act_relu_drop_0,rmsprop_batch_128_act_relu_drop_0,128,relu_drop_0,0.3,128,0.3,10568.681965116097,14296.966378386223,19679.779226494,15797.106923582573,33136.96198340523,46403.7481283839,49,10568.681965116097,7910.6923828125,15797.106923582573,407329.7158203125,28672.723876953125,14296.966378386223,8711.2861328125,33136.96198340523,468536.7890625,44598.01484375,19679.779226494,8737.07568359375,46403.7481283839,698179.2578125,84205.16064453131,,,,,,,,,,,,,,,
ga,cpu,raw,record,ga_arch_128_64_scaler_minmax_opt_rmsprop_batch_64_act_elu_drop_0.2,server/run_2025_12_27/results/ga/cpu/raw/record/ga_arch_128_64_scaler_minmax_opt_rmsprop_batch_64_act_elu_drop_0.2,128_64,minmax_opt_rmsprop_batch_64_act_elu_drop_0,rmsprop_batch_64_act_elu_drop_0,64,elu_drop_0,0.2,64,0.2,10126.492983163793,13755.74123053822,19095.42581996477,16020.779490402212,32851.46452009347,46457.16293880394,32,10126.492983163793,6354.34375,16020.779490402212,409715.2001953125,29229.87420654297,13755.74123053822,7328.31640625,32851.46452009347,465359.408203125,43383.99843749999,19095.42581996477,7111.154296875,46457.16293880394,698422.203125,83337.72363281257,,,,,,,,,,,,,,,
ga,cpu,raw,record,ga_arch_128_64_scaler_minmax_opt_rmsprop_batch_64_act_elu_drop_0.3,server/run_2025_12_27/results/ga/cpu/raw/record/ga_arch_128_64_scaler_minmax_opt_rmsprop_batch_64_act_elu_drop_0.3,128_64,minmax_opt_rmsprop_batch_64_act_elu_drop_0,rmsprop_batch_64_act_elu_drop_0,64,elu_drop_0,0.3,64,0.3,10197.81126572752,13957.880388419038,19099.20581033803,15891.01416124527,32860.7578188851,46267.21595467857,32,10197.81126572752,6514.13720703125,15891.01416124527,409471.7109375,28706.62353515625,13957.880388419038,7604.94091796875,32860.7578188851,465938.166015625,43714.21171874998,19099.20581033803,7316.142822265625,46267.21595467857,697354.783203125,82694.46162109384,,,,,,,,,,,,,,,
ga,cpu,raw,record,ga_arch_128_64_scaler_minmax_opt_rmsprop_batch_64_act_relu_drop_0.2,server/run_2025_12_27/results/ga/cpu/raw/record/ga_arch_128_64_scaler_minmax_opt_rmsprop_batch_64_act_relu_drop_0.2,128_64,minmax_opt_rmsprop_batch_64_act_relu_drop_0,rmsprop_batch_64_act_relu_drop_0,64,relu_drop_0,0.2,64,0.2,10632.093374723472,14321.540289823755,19825.307280110537,15851.876657154577,33134.49267605407,46546.54998270604,33,10632.093374723472,8052.23876953125,15851.876657154577,407152.408203125,28914.57421875,14321.540289823755,8870.7958984375,33134.49267605407,468427.76953125,44615.32265624995,19825.307280110537,8927.65673828125,46546.54998270604,699278.83203125,84841.20253906255,,,,,,,,,,,,,,,
ga,cpu,raw,record,ga_arch_128_64_scaler_minmax_opt_rmsprop_batch_64_act_relu_drop_0.3,server/run_2025_12_27/results/ga/cpu/raw/record/ga_arch_128_64_scaler_minmax_opt_rmsprop_batch_64_act_relu_drop_0.3,128_64,minmax_opt_rmsprop_batch_64_act_relu_drop_0,rmsprop_batch_64_act_relu_drop_0,64,relu_drop_0,0.3,64,0.3,10542.005102766996,14292.776666986469,19612.67227230284,15752.128918713111,33161.28204009081,46290.385327569835,35,10542.005102766996,7873.24462890625,15752.128918713111,407447.5302734375,28572.127685546875,14292.776666986469,8625.29296875,33161.28204009081,468821.419921875,44548.9140625,19612.67227230284,8709.72119140625,46290.385327569835,697431.626953125,83733.37294921881,,,,,,,,,,,,,,,
ga,cpu,raw,record,ga_arch_128_64_scaler_standard_opt_adam_batch_128_act_elu_drop_0.2,server/run_2025_12_27/results/ga/cpu/raw/record/ga_arch_128_64_scaler_standard_opt_adam_batch_128_act_elu_drop_0.2,128_64,standard_opt_adam_batch_128_act_elu_drop_0,adam_batch_128_act_elu_drop_0,128,elu_drop_0,0.2,128,0.2,10018.849742101394,13870.184106748227,19283.37643614307,15916.374279570447,35588.47538602542,45261.764802748185,19,10018.849742101394,6696.021484375,15916.374279570447,405566.349609375,31291.83804321289,13870.184106748227,7056.3115234375,35588.47538602542,485494.05490112305,50464.25390625,19283.37643614307,8480.15234375,45261.764802748185,687240.8359375,78333.30615234384,,,,,,,,,,,,,,,
ga,cpu,raw,record,ga_arch_128_64_scaler_standard_opt_adam_batch_128_act_elu_drop_0.3,server/run_2025_12_27/results/ga/cpu/raw/record/ga_arch_128_64_scaler_standard_opt_adam_batch_128_act_elu_drop_0.3,128_64,standard_opt_adam_batch_128_act_elu_drop_0,adam_batch_128_act_elu_drop_0,128,elu_drop_0,0.3,128,0.3,10074.728160184228,14086.154421575771,19213.199334023855,15651.567124679965,35421.1153915136,44729.91332074089,20,10074.728160184228,6740.52734375,15651.567124679965,404495.06640625,30516.193910598755,14086.154421575771,7097.9833984375,35421.1153915136,485548.667098999,48852.22031249999,19213.199334023855,8275.07275390625,44729.91332074089,683740.13671875,76456.84746093757,,,,,,,,,,,,,,,
ga,cpu,raw,record,ga_arch_128_64_scaler_standard_opt_adam_batch_128_act_relu_drop_0.2,server/run_2025_12_27/results/ga/cpu/raw/record/ga_arch_128_64_scaler_standard_opt_adam_batch_128_act_relu_drop_0.2,128_64,standard_opt_adam_batch_128_act_relu_drop_0,adam_batch_128_act_relu_drop_0,128,relu_drop_0,0.2,128,0.2,9689.57720494056,13475.77755729388,19034.285203572315,16118.296785515957,34965.553734285495,45560.28565028963,17,9689.57720494056,6187.59130859375,16118.296785515957,406228.32421875,31519.887084960938,13475.77755729388,6750.36962890625,34965.553734285495,480523.173828125,48465.47460937488,19034.285203572315,7971.17724609375,45560.28565028963,688119.40625,79239.30185546876,,,,,,,,,,,,,,,
ga,cpu,raw,record,ga_arch_128_64_scaler_standard_opt_adam_batch_128_act_relu_drop_0.3,server/run_2025_12_27/results/ga/cpu/raw/record/ga_arch_128_64_scaler_standard_opt_adam_batch_128_act_relu_drop_0.3,128_64,standard_opt_adam_batch_128_act_relu_drop_0,adam_batch_128_act_relu_drop_0,128,relu_drop_0,0.3,128,0.3,9699.846154050829,13496.706488492197,19010.305440684075,16125.31607334369,35028.66431584944,45659.46922622782,17,9699.846154050829,6236.5701904296875,16125.31607334369,405859.115234375,31674.82373046875,13496.706488492197,6688.2216796875,35028.66431584944,480782.056640625,48738.65039062488,19010.305440684075,7855.78759765625,45659.46922622782,688743.46875,79736.88984375,,,,,,,,,,,,,,,
ga,cpu,raw,record,ga_arch_128_64_scaler_standard_opt_adam_batch_64_act_elu_drop_0.2,server/run_2025_12_27/results/ga/cpu/raw/record/ga_arch_128_64_scaler_standard_opt_adam_batch_64_act_elu_drop_0.2,128_64,standard_opt_adam_batch_64_act_elu_drop_0,adam_batch_64_act_elu_drop_0,64,elu_drop_0,0.2,64,0.2,9997.531089954316,13794.319798604718,19171.10261086504,16076.83069485136,35565.358545426,45735.20268273685,15,9997.531089954316,6653.69921875,16076.83069485136,406620.9541015625,31702.878784179688,13794.319798604718,6949.646484375,35565.358545426,485486.2665939331,50242.09709939956,19171.10261086504,8180.3505859375,45735.20268273685,690440.69921875,80415.24082031251,,,,,,,,,,,,,,,
ga,cpu,raw,record,ga_arch_128_64_scaler_standard_opt_adam_batch_64_act_elu_drop_0.3,server/run_2025_12_27/results/ga/cpu/raw/record/ga_arch_128_64_scaler_standard_opt_adam_batch_64_act_elu_drop_0.3,128_64,standard_opt_adam_batch_64_act_elu_drop_0,adam_batch_64_act_elu_drop_0,64,elu_drop_0,0.3,64,0.3,9900.88997218175,13837.715971999767,18931.153694832803,16035.672188294337,35458.54255065016,45683.00503754785,15,9900.88997218175,6405.6337890625,16035.672188294337,405790.205078125,30906.087646484375,13837.715971999767,6933.0478515625,35458.54255065016,485535.23456573486,48665.83320312499,18931.153694832803,7656.4052734375,45683.00503754785,690032.68359375,80685.7875,,,,,,,,,,,,,,,
ga,cpu,raw,record,ga_arch_128_64_scaler_standard_opt_adam_batch_64_act_relu_drop_0.2,server/run_2025_12_27/results/ga/cpu/raw/record/ga_arch_128_64_scaler_standard_opt_adam_batch_64_act_relu_drop_0.2,128_64,standard_opt_adam_batch_64_act_relu_drop_0,adam_batch_64_act_relu_drop_0,64,relu_drop_0,0.2,64,0.2,9429.956763497148,13205.57866285599,17811.68475805255,14491.911772591207,30382.547076448165,39151.34953288579,100,9429.956763497148,5469.970947265625,14491.911772591207,404466.8544921875,30860.479736328125,13205.57866285599,6318.3759765625,30382.547076448165,439055.8515625,42093.46015624997,17811.68475805255,7568.6285400390625,39151.34953288579,645046.3203125,57421.04628906268,,,,,,,,,,,,,,,
ga,cpu,raw,record,ga_arch_128_64_scaler_standard_opt_adam_batch_64_act_relu_drop_0.3,server/run_2025_12_27/results/ga/cpu/raw/record/ga_arch_128_64_scaler_standard_opt_adam_batch_64_act_relu_drop_0.3,128_64,standard_opt_adam_batch_64_act_relu_drop_0,adam_batch_64_act_relu_drop_0,64,relu_drop_0,0.3,64,0.3,9400.417708315936,12924.717526190598,17723.120995406516,14541.636894199766,31056.28065928524,39639.91680407251,100,9400.417708315936,5362.093505859375,14541.636894199766,403670.5126953125,30852.43017578125,12924.717526190598,6127.4521484375,31056.28065928524,450697.1875,40006.67968749995,17723.120995406516,7471.893798828125,39639.91680407251,648981.0546875,57079.66269531253,,,,,,,,,,,,,,,
ga,cpu,raw,record,ga_arch_128_64_scaler_standard_opt_rmsprop_batch_128_act_elu_drop_0.2,server/run_2025_12_27/results/ga/cpu/raw/record/ga_arch_128_64_scaler_standard_opt_rmsprop_batch_128_act_elu_drop_0.2,128_64,standard_opt_rmsprop_batch_128_act_elu_drop_0,rmsprop_batch_128_act_elu_drop_0,128,elu_drop_0,0.2,128,0.2,10113.260865118797,14012.2589951141,19460.354600006132,15990.32517370373,35543.51619961682,45526.75975142587,23,10113.260865118797,6887.047119140625,15990.32517370373,406415.583984375,31501.1455078125,14012.2589951141,7348.632802963257,35543.51619961682,485467.633477211,50286.5078125,19460.354600006132,8740.66162109375,45526.75975142587,689263.35546875,79649.5014648438,,,,,,,,,,,,,,,
ga,cpu,raw,record,ga_arch_128_64_scaler_standard_opt_rmsprop_batch_128_act_elu_drop_0.3,server/run_2025_12_27/results/ga/cpu/raw/record/ga_arch_128_64_scaler_standard_opt_rmsprop_batch_128_act_elu_drop_0.3,128_64,standard_opt_rmsprop_batch_128_act_elu_drop_0,rmsprop_batch_128_act_elu_drop_0,128,elu_drop_0,0.3,128,0.3,10145.968945927518,14078.389245685752,19425.60331976679,15867.679301426326,35502.31205382545,45338.653527877235,26,10145.968945927518,6982.1552734375,15867.679301426326,405639.1103515625,31158.28515625,14078.389245685752,7362.8623046875,35502.31205382545,485442.22745227814,50200.253619956966,19425.60331976679,8595.0478515625,45338.653527877235,688233.62109375,78803.94121093756,,,,,,,,,,,,,,,
ga,cpu,raw,record,ga_arch_128_64_scaler_standard_opt_rmsprop_batch_128_act_relu_drop_0.2,server/run_2025_12_27/results/ga/cpu/raw/record/ga_arch_128_64_scaler_standard_opt_rmsprop_batch_128_act_relu_drop_0.2,128_64,standard_opt_rmsprop_batch_128_act_relu_drop_0,rmsprop_batch_128_act_relu_drop_0,128,relu_drop_0,0.2,128,0.2,9644.052033247914,13420.019313968956,18916.97227038799,16474.1701099016,35413.42926888202,46312.29032551966,21,9644.052033247914,5914.1324462890625,16474.1701099016,408039.7666015625,32671.392578125,13420.019313968956,6387.15234375,35413.42926888202,482886.4833984375,50699.88359374997,18916.97227038799,7529.97705078125,46312.29032551966,692779.658203125,82479.06425781253,,,,,,,,,,,,,,,
ga,cpu,raw,record,ga_arch_128_64_scaler_standard_opt_rmsprop_batch_128_act_relu_drop_0.3,server/run_2025_12_27/results/ga/cpu/raw/record/ga_arch_128_64_scaler_standard_opt_rmsprop_batch_128_act_relu_drop_0.3,128_64,standard_opt_rmsprop_batch_128_act_relu_drop_0,rmsprop_batch_128_act_relu_drop_0,128,relu_drop_0,0.3,128,0.3,9790.54591401424,13698.579286732836,19175.856008053233,16191.059458273914,35220.70382507343,45854.9342624422,21,9790.54591401424,6365.9794921875,16191.059458273914,406743.796875,31728.981689453125,13698.579286732836,6881.95166015625,35220.70382507343,482349.36474609375,49601.41523437498,19175.856008053233,8128.38525390625,45854.9342624422,690637.890625,80719.99990234376,,,,,,,,,,,,,,,
ga,cpu,raw,record,ga_arch_128_64_scaler_standard_opt_rmsprop_batch_64_act_elu_drop_0.2,server/run_2025_12_27/results/ga/cpu/raw/record/ga_arch_128_64_scaler_standard_opt_rmsprop_batch_64_act_elu_drop_0.2,128_64,standard_opt_rmsprop_batch_64_act_elu_drop_0,rmsprop_batch_64_act_elu_drop_0,64,elu_drop_0,0.2,64,0.2,9808.027246168347,13671.67021385956,18933.23761895725,16353.347729271623,35557.090284700025,46345.56648721658,17,9808.027246168347,6271.0546875,16353.347729271623,407353.626953125,31946.20206654072,13671.67021385956,6703.4033203125,35557.090284700025,485461.3582544327,50235.395267677304,18933.23761895725,7444.471435546875,46345.56648721658,693728.1328125,82962.59863281253,,,,,,,,,,,,,,,
ga,cpu,raw,record,ga_arch_128_64_scaler_standard_opt_rmsprop_batch_64_act_elu_drop_0.3,server/run_2025_12_27/results/ga/cpu/raw/record/ga_arch_128_64_scaler_standard_opt_rmsprop_batch_64_act_elu_drop_0.3,128_64,standard_opt_rmsprop_batch_64_act_elu_drop_0,rmsprop_batch_64_act_elu_drop_0,64,elu_drop_0,0.3,64,0.3,10203.53289678948,14151.494573219548,19447.126261297304,15926.128786632766,35471.40802828404,45586.00686267984,18,10203.53289678948,7077.184546947479,15926.128786632766,406282.0703125,31080.114339470863,14151.494573219548,7497.7890625,35471.40802828404,485459.684548378,49773.46190853109,19447.126261297304,8576.85498046875,45586.00686267984,690247.92578125,80070.2228515625,,,,,,,,,,,,,,,
ga,cpu,raw,record,ga_arch_128_64_scaler_standard_opt_rmsprop_batch_64_act_relu_drop_0.2,server/run_2025_12_27/results/ga/cpu/raw/record/ga_arch_128_64_scaler_standard_opt_rmsprop_batch_64_act_relu_drop_0.2,128_64,standard_opt_rmsprop_batch_64_act_relu_drop_0,rmsprop_batch_64_act_relu_drop_0,64,relu_drop_0,0.2,64,0.2,9680.048201880149,13561.659308776723,19024.754865311883,16419.819490996473,35422.067119633815,46338.367593003626,16,9680.048201880149,6126.4970703125,16419.819490996473,407618.044921875,32249.2080078125,13561.659308776723,6610.30615234375,35422.067119633815,483100.6491699219,50278.79335937489,19024.754865311883,7685.74365234375,46338.367593003626,693486.4296875,82995.6025390625,,,,,,,,,,,,,,,
ga,cpu,raw,record,ga_arch_128_64_scaler_standard_opt_rmsprop_batch_64_act_relu_drop_0.3,server/run_2025_12_27/results/ga/cpu/raw/record/ga_arch_128_64_scaler_standard_opt_rmsprop_batch_64_act_relu_drop_0.3,128_64,standard_opt_rmsprop_batch_64_act_relu_drop_0,rmsprop_batch_64_act_relu_drop_0,64,relu_drop_0,0.3,64,0.3,9724.102366510584,13665.453772533843,19051.225456324268,16375.267088735234,35403.089462028736,46275.31685890831,16,9724.102366510584,6213.670166015625,16375.267088735234,407595.30078125,32109.176879882812,13665.453772533843,6772.01953125,35403.089462028736,483474.6922607422,49828.83540039058,19051.225456324268,7648.88671875,46275.31685890831,693015.416015625,82668.56367187502,,,,,,,,,,,,,,,
ga,cpu,raw,record,ga_arch_64_32_scaler_minmax_opt_adam_batch_128_act_elu_drop_0.2,server/run_2025_12_27/results/ga/cpu/raw/record/ga_arch_64_32_scaler_minmax_opt_adam_batch_128_act_elu_drop_0.2,64_32,minmax_opt_adam_batch_128_act_elu_drop_0,adam_batch_128_act_elu_drop_0,128,elu_drop_0,0.2,128,0.2,10446.600524664143,14058.148380155486,19946.033225367068,16341.96386125254,33359.96748787473,47479.34654843031,39,10446.600524664143,7487.11767578125,16341.96386125254,408044.3818359375,30435.036376953125,14058.148380155486,8215.083984375,33359.96748787473,468058.486328125,46256.46972656247,19946.033225367068,8196.88916015625,47479.34654843031,704857.2734375,88048.63852539065,,,,,,,,,,,,,,,
ga,cpu,raw,record,ga_arch_64_32_scaler_minmax_opt_adam_batch_128_act_elu_drop_0.3,server/run_2025_12_27/results/ga/cpu/raw/record/ga_arch_64_32_scaler_minmax_opt_adam_batch_128_act_elu_drop_0.3,64_32,minmax_opt_adam_batch_128_act_elu_drop_0,adam_batch_128_act_elu_drop_0,128,elu_drop_0,0.3,128,0.3,10405.166317124029,14087.758105949504,19737.688463196377,16144.704249637132,33202.97907836792,47056.54132017102,41,10405.166317124029,7451.3408203125,16144.704249637132,408128.65625,29746.685546875,14087.758105949504,8182.322265625,33202.97907836792,467821.208984375,45789.87578124998,19737.688463196377,8166.10791015625,47056.54132017102,702521.42578125,86299.01455078128,,,,,,,,,,,,,,,
ga,cpu,raw,record,ga_arch_64_32_scaler_minmax_opt_adam_batch_128_act_relu_drop_0.2,server/run_2025_12_27/results/ga/cpu/raw/record/ga_arch_64_32_scaler_minmax_opt_adam_batch_128_act_relu_drop_0.2,64_32,minmax_opt_adam_batch_128_act_relu_drop_0,adam_batch_128_act_relu_drop_0,128,relu_drop_0,0.2,128,0.2,10570.79631898435,14280.656700867185,19696.737875984916,15817.69474670788,33164.80211688341,46470.43536507456,53,10570.79631898435,7910.59130859375,15817.69474670788,407051.947265625,28769.4833984375,14280.656700867185,8719.9052734375,33164.80211688341,468674.732421875,44768.41562499996,19696.737875984916,8744.05224609375,46470.43536507456,698501.943359375,84492.24404296881,,,,,,,,,,,,,,,
ga,cpu,raw,record,ga_arch_64_32_scaler_minmax_opt_adam_batch_128_act_relu_drop_0.3,server/run_2025_12_27/results/ga/cpu/raw/record/ga_arch_64_32_scaler_minmax_opt_adam_batch_128_act_relu_drop_0.3,64_32,minmax_opt_adam_batch_128_act_relu_drop_0,adam_batch_128_act_relu_drop_0,128,relu_drop_0,0.3,128,0.3,10511.42036467055,14199.394027217004,19630.924500399313,15859.559416297929,33202.15443046075,46543.95034714018,58,10511.42036467055,7789.529296875,15859.559416297929,407218.451171875,28927.107421875,14199.394027217004,8592.4453125,33202.15443046075,468777.53515625,44876.894140624994,19630.924500399313,8616.9345703125,46543.95034714018,698845.181640625,84664.33691406256,,,,,,,,,,,,,,,
ga,cpu,raw,record,ga_arch_64_32_scaler_minmax_opt_adam_batch_64_act_elu_drop_0.2,server/run_2025_12_27/results/ga/cpu/raw/record/ga_arch_64_32_scaler_minmax_opt_adam_batch_64_act_elu_drop_0.2,64_32,minmax_opt_adam_batch_64_act_elu_drop_0,adam_batch_64_act_elu_drop_0,64,elu_drop_0,0.2,64,0.2,10486.278465686535,14140.159998334266,19893.55903545866,16200.148875257968,33227.07916039521,47215.39246689473,28,10486.278465686535,7585.068359375,16200.148875257968,407905.3994140625,29935.605712890625,14140.159998334266,8352.806640625,33227.07916039521,467674.74609375,45803.36874999999,19893.55903545866,8324.755859375,47215.39246689473,703625.42578125,86990.42363281253,,,,,,,,,,,,,,,
ga,cpu,raw,record,ga_arch_64_32_scaler_minmax_opt_adam_batch_64_act_elu_drop_0.3,server/run_2025_12_27/results/ga/cpu/raw/record/ga_arch_64_32_scaler_minmax_opt_adam_batch_64_act_elu_drop_0.3,64_32,minmax_opt_adam_batch_64_act_elu_drop_0,adam_batch_64_act_elu_drop_0,64,elu_drop_0,0.3,64,0.3,10385.113880906054,14000.060632106224,19619.38351589232,16046.671447845803,33153.08875400488,46826.24459310659,30,10385.113880906054,7457.16259765625,16046.671447845803,407999.5556640625,29459.419677734375,14000.060632106224,8182.583984375,33153.08875400488,467856.1328125,45258.56074218744,19619.38351589232,8164.00927734375,46826.24459310659,701089.126953125,85359.94550781256,,,,,,,,,,,,,,,
ga,cpu,raw,record,ga_arch_64_32_scaler_minmax_opt_adam_batch_64_act_relu_drop_0.2,server/run_2025_12_27/results/ga/cpu/raw/record/ga_arch_64_32_scaler_minmax_opt_adam_batch_64_act_relu_drop_0.2,64_32,minmax_opt_adam_batch_64_act_relu_drop_0,adam_batch_64_act_relu_drop_0,64,relu_drop_0,0.2,64,0.2,10624.259328972112,14313.1792480581,19701.949832077615,15769.204730167869,33102.61916995913,46404.37647495742,38,10624.259328972112,7993.68701171875,15769.204730167869,406917.0283203125,28570.6953125,14313.1792480581,8825.921875,33102.61916995913,468314.310546875,44794.08515624989,19701.949832077615,8826.83447265625,46404.37647495742,698306.283203125,84151.28310546881,,,,,,,,,,,,,,,
ga,cpu,raw,record,ga_arch_64_32_scaler_minmax_opt_adam_batch_64_act_relu_drop_0.3,server/run_2025_12_27/results/ga/cpu/raw/record/ga_arch_64_32_scaler_minmax_opt_adam_batch_64_act_relu_drop_0.3,64_32,minmax_opt_adam_batch_64_act_relu_drop_0,adam_batch_64_act_relu_drop_0,64,relu_drop_0,0.3,64,0.3,10549.33347296212,14232.75596568459,19684.853538075913,15875.499903426426,33184.31913675694,46609.12518052919,40,10549.33347296212,7858.1162109375,15875.499903426426,407107.66796875,29012.48876953125,14232.75596568459,8663.439453125,33184.31913675694,468661.787109375,44948.22460937498,19684.853538075913,8669.14208984375,46609.12518052919,699577.611328125,84823.79628906255,,,,,,,,,,,,,,,
ga,cpu,raw,record,ga_arch_64_32_scaler_minmax_opt_rmsprop_batch_128_act_elu_drop_0.2,server/run_2025_12_27/results/ga/cpu/raw/record/ga_arch_64_32_scaler_minmax_opt_rmsprop_batch_128_act_elu_drop_0.2,64_32,minmax_opt_rmsprop_batch_128_act_elu_drop_0,rmsprop_batch_128_act_elu_drop_0,128,elu_drop_0,0.2,128,0.2,10225.167793002847,13862.744719949706,19147.09293935236,15944.8095469879,32767.73970875581,46347.23993004929,65,10225.167793002847,6515.074462890625,15944.8095469879,409643.4443359375,28949.024169921875,13862.744719949706,7462.3564453125,32767.73970875581,464860.73828125,42994.43671874998,19147.09293935236,7239.748291015625,46347.23993004929,697963.595703125,82904.74511718757,,,,,,,,,,,,,,,
ga,cpu,raw,record,ga_arch_64_32_scaler_minmax_opt_rmsprop_batch_128_act_elu_drop_0.3,server/run_2025_12_27/results/ga/cpu/raw/record/ga_arch_64_32_scaler_minmax_opt_rmsprop_batch_128_act_elu_drop_0.3,64_32,minmax_opt_rmsprop_batch_128_act_elu_drop_0,rmsprop_batch_128_act_elu_drop_0,128,elu_drop_0,0.3,128,0.3,10133.450620143629,13724.906120170115,19083.68166523412,16008.0167475357,32863.05680291775,46456.18392590928,71,10133.450620143629,6402.233642578125,16008.0167475357,409832.4287109375,29160.289794921875,13724.906120170115,7307.1591796875,32863.05680291775,465335.408203125,43381.31328124999,19083.68166523412,7120.491943359375,46456.18392590928,698433.814453125,83296.23681640632,,,,,,,,,,,,,,,
ga,cpu,raw,record,ga_arch_64_32_scaler_minmax_opt_rmsprop_batch_128_act_relu_drop_0.2,server/run_2025_12_27/results/ga/cpu/raw/record/ga_arch_64_32_scaler_minmax_opt_rmsprop_batch_128_act_relu_drop_0.2,64_32,minmax_opt_rmsprop_batch_128_act_relu_drop_0,rmsprop_batch_128_act_relu_drop_0,128,relu_drop_0,0.2,128,0.2,10577.007346918052,14287.61023286045,19706.31349755149,15808.124124861492,33124.83455267759,46418.94000133371,62,10577.007346918052,7908.35205078125,15808.124124861492,407266.1015625,28665.32421875,14287.61023286045,8715.6953125,33124.83455267759,468416.904296875,44740.02031249992,19706.31349755149,8749.9375,46418.94000133371,698299.623046875,84288.95654296882,,,,,,,,,,,,,,,
ga,cpu,raw,record,ga_arch_64_32_scaler_minmax_opt_rmsprop_batch_128_act_relu_drop_0.3,server/run_2025_12_27/results/ga/cpu/raw/record/ga_arch_64_32_scaler_minmax_opt_rmsprop_batch_128_act_relu_drop_0.3,64_32,minmax_opt_rmsprop_batch_128_act_relu_drop_0,rmsprop_batch_128_act_relu_drop_0,128,relu_drop_0,0.3,128,0.3,10508.916211897356,14209.692044389469,19648.147679181257,15857.904291175468,33175.68926335574,46491.312161434595,71,10508.916211897356,7801.15087890625,15857.904291175468,407500.7392578125,28898.618896484375,14209.692044389469,8563.5400390625,33175.68926335574,468633.9375,44762.44257812499,19648.147679181257,8618.56103515625,46491.312161434595,698555.484375,84521.28759765631,,,,,,,,,,,,,,,
ga,cpu,raw,record,ga_arch_64_32_scaler_minmax_opt_rmsprop_batch_64_act_elu_drop_0.2,server/run_2025_12_27/results/ga/cpu/raw/record/ga_arch_64_32_scaler_minmax_opt_rmsprop_batch_64_act_elu_drop_0.2,64_32,minmax_opt_rmsprop_batch_64_act_elu_drop_0,rmsprop_batch_64_act_elu_drop_0,64,elu_drop_0,0.2,64,0.2,10214.2875857466,13831.012121757994,19200.989218653933,15989.726501313024,32837.35018384126,46472.67629897397,45,10214.2875857466,6662.03125,15989.726501313024,409546.3935546875,29199.486206054688,13831.012121757994,7548.9853515625,32837.35018384126,465326.154296875,43471.640624999985,19200.989218653933,7338.577392578125,46472.67629897397,698707.041015625,83481.35117187507,,,,,,,,,,,,,,,
ga,cpu,raw,record,ga_arch_64_32_scaler_minmax_opt_rmsprop_batch_64_act_elu_drop_0.3,server/run_2025_12_27/results/ga/cpu/raw/record/ga_arch_64_32_scaler_minmax_opt_rmsprop_batch_64_act_elu_drop_0.3,64_32,minmax_opt_rmsprop_batch_64_act_elu_drop_0,rmsprop_batch_64_act_elu_drop_0,64,elu_drop_0,0.3,64,0.3,10093.606619696911,13668.320515397168,19089.30686852787,16058.0629510174,32930.20672644861,46562.88581206823,47,10093.606619696911,6431.917236328125,16058.0629510174,409900.421875,29510.0107421875,13668.320515397168,7322.3828125,32930.20672644861,465750.638671875,43744.07304687497,19089.30686852787,7119.489501953125,46562.88581206823,699022.9375,83739.90195312507,,,,,,,,,,,,,,,
ga,cpu,raw,record,ga_arch_64_32_scaler_minmax_opt_rmsprop_batch_64_act_relu_drop_0.2,server/run_2025_12_27/results/ga/cpu/raw/record/ga_arch_64_32_scaler_minmax_opt_rmsprop_batch_64_act_relu_drop_0.2,64_32,minmax_opt_rmsprop_batch_64_act_relu_drop_0,rmsprop_batch_64_act_relu_drop_0,64,relu_drop_0,0.2,64,0.2,10549.973765029396,14272.633647859737,19643.445828035616,15774.986873487627,33143.96167192692,46337.71601099157,50,10549.973765029396,7898.484375,15774.986873487627,407397.9609375,28621.345947265625,14272.633647859737,8644.20703125,33143.96167192692,468604.455078125,44501.34296875,19643.445828035616,8712.44580078125,46337.71601099157,697723.533203125,83950.31093750006,,,,,,,,,,,,,,,
ga,cpu,raw,record,ga_arch_64_32_scaler_minmax_opt_rmsprop_batch_64_act_relu_drop_0.3,server/run_2025_12_27/results/ga/cpu/raw/record/ga_arch_64_32_scaler_minmax_opt_rmsprop_batch_64_act_relu_drop_0.3,64_32,minmax_opt_rmsprop_batch_64_act_relu_drop_0,rmsprop_batch_64_act_relu_drop_0,64,relu_drop_0,0.3,64,0.3,10491.842823100356,14213.50065573944,19668.336446456975,15904.9326779069,33237.29439506623,46590.94359231525,46,10491.842823100356,7810.3486328125,15904.9326779069,407689.9267578125,29140.86376953125,14213.50065573944,8555.0908203125,33237.29439506623,469036.4765625,44771.73789062492,19668.336446456975,8645.7578125,46590.94359231525,699274.82421875,84850.39746093756,,,,,,,,,,,,,,,
ga,cpu,raw,record,ga_arch_64_32_scaler_standard_opt_adam_batch_128_act_elu_drop_0.2,server/run_2025_12_27/results/ga/cpu/raw/record/ga_arch_64_32_scaler_standard_opt_adam_batch_128_act_elu_drop_0.2,64_32,standard_opt_adam_batch_128_act_elu_drop_0,adam_batch_128_act_elu_drop_0,128,elu_drop_0,0.2,128,0.2,9970.187977742607,13952.345930059497,19016.263248521307,15655.387811251308,35437.71429954618,44641.17398437758,25,9970.187977742607,6458.352294921875,15655.387811251308,404398.875,30552.75390625,13952.345930059497,6748.2177734375,35437.71429954618,485503.2299346924,49005.59960937491,19016.263248521307,8020.9169921875,44641.17398437758,682609.37890625,75878.08437500006,,,,,,,,,,,,,,,
ga,cpu,raw,record,ga_arch_64_32_scaler_standard_opt_adam_batch_128_act_elu_drop_0.3,server/run_2025_12_27/results/ga/cpu/raw/record/ga_arch_64_32_scaler_standard_opt_adam_batch_128_act_elu_drop_0.3,64_32,standard_opt_adam_batch_128_act_elu_drop_0,adam_batch_128_act_elu_drop_0,128,elu_drop_0,0.3,128,0.3,9742.125831498624,13584.855611525696,18660.47188686121,16053.019654846,35534.921941392655,45470.53783436813,25,9742.125831498624,6049.596294879913,16053.019654846,405789.2822265625,31384.82534790039,13584.855611525696,6486.0537109375,35534.921941392655,485541.2918395996,49052.66152343741,18660.47188686121,7220.4033203125,45470.53783436813,687503.9765625,79200.10654296876,,,,,,,,,,,,,,,
ga,cpu,raw,record,ga_arch_64_32_scaler_standard_opt_adam_batch_128_act_relu_drop_0.2,server/run_2025_12_27/results/ga/cpu/raw/record/ga_arch_64_32_scaler_standard_opt_adam_batch_128_act_relu_drop_0.2,64_32,standard_opt_adam_batch_128_act_relu_drop_0,adam_batch_128_act_relu_drop_0,128,relu_drop_0,0.2,128,0.2,9489.834927555226,13186.825192008717,18127.623835088045,14671.87095381187,33251.79792267127,41021.56005031268,100,9489.834927555226,5482.27783203125,14671.87095381187,403277.1728515625,30801.9775390625,13186.825192008717,6195.89599609375,33251.79792267127,469573.140625,39604.60186767576,18127.623835088045,7620.10498046875,41021.56005031268,659130.44921875,60942.71230468757,,,,,,,,,,,,,,,
ga,cpu,raw,record,ga_arch_64_32_scaler_standard_opt_adam_batch_128_act_relu_drop_0.3,server/run_2025_12_27/results/ga/cpu/raw/record/ga_arch_64_32_scaler_standard_opt_adam_batch_128_act_relu_drop_0.3,64_32,standard_opt_adam_batch_128_act_relu_drop_0,adam_batch_128_act_relu_drop_0,128,relu_drop_0,0.3,128,0.3,9667.118676091692,13356.05827036259,18897.46570681628,16287.549183096768,35052.991809758205,45909.8323317802,21,9667.118676091692,6021.064208984375,16287.549183096768,407622.3681640625,32081.742302894592,13356.05827036259,6520.0849609375,35052.991809758205,480790.9853515625,49464.307031249926,18897.46570681628,7723.98388671875,45909.8323317802,690566.50390625,80880.25810546876,,,,,,,,,,,,,,,
ga,cpu,raw,record,ga_arch_64_32_scaler_standard_opt_adam_batch_64_act_elu_drop_0.2,server/run_2025_12_27/results/ga/cpu/raw/record/ga_arch_64_32_scaler_standard_opt_adam_batch_64_act_elu_drop_0.2,64_32,standard_opt_adam_batch_64_act_elu_drop_0,adam_batch_64_act_elu_drop_0,64,elu_drop_0,0.2,64,0.2,9893.244256668258,13741.369785199471,18846.246365215964,16010.799369992754,35416.64023653229,45510.55411275571,17,9893.244256668258,6385.38525390625,16010.799369992754,406086.427734375,31042.125,13741.369785199471,6799.28173828125,35416.64023653229,485524.0791320801,48637.3125,18846.246365215964,7581.10302734375,45510.55411275571,688634.234375,80039.184765625,,,,,,,,,,,,,,,
ga,cpu,raw,record,ga_arch_64_32_scaler_standard_opt_adam_batch_64_act_elu_drop_0.3,server/run_2025_12_27/results/ga/cpu/raw/record/ga_arch_64_32_scaler_standard_opt_adam_batch_64_act_elu_drop_0.3,64_32,standard_opt_adam_batch_64_act_elu_drop_0,adam_batch_64_act_elu_drop_0,64,elu_drop_0,0.3,64,0.3,9872.3710493517,13686.030038022822,18860.152745999058,16134.975445178074,35457.1573067301,45813.87576111512,17,9872.3710493517,6375.906005859375,16134.975445178074,406589.9072265625,31320.980224609375,13686.030038022822,6804.447998046875,35457.1573067301,485505.7427101135,48857.06757812497,18860.152745999058,7592.582275390625,45813.87576111512,690586.2109375,81169.09174804689,,,,,,,,,,,,,,,
ga,cpu,raw,record,ga_arch_64_32_scaler_standard_opt_adam_batch_64_act_relu_drop_0.2,server/run_2025_12_27/results/ga/cpu/raw/record/ga_arch_64_32_scaler_standard_opt_adam_batch_64_act_relu_drop_0.2,64_32,standard_opt_adam_batch_64_act_relu_drop_0,adam_batch_64_act_relu_drop_0,64,relu_drop_0,0.2,64,0.2,9770.907332227796,13548.210883219324,19039.775146270633,16127.77265965327,35215.283525358565,45719.12653809634,17,9770.907332227796,6368.00537109375,16127.77265965327,406012.54296875,31567.91131591797,13548.210883219324,6835.4931640625,35215.283525358565,482522.6281738281,49404.147656249945,19039.775146270633,7980.39453125,45719.12653809634,689818.62890625,80503.52138671876,,,,,,,,,,,,,,,
ga,cpu,raw,record,ga_arch_64_32_scaler_standard_opt_adam_batch_64_act_relu_drop_0.3,server/run_2025_12_27/results/ga/cpu/raw/record/ga_arch_64_32_scaler_standard_opt_adam_batch_64_act_relu_drop_0.3,64_32,standard_opt_adam_batch_64_act_relu_drop_0,adam_batch_64_act_relu_drop_0,64,relu_drop_0,0.3,64,0.3,9424.12239685772,12889.164335454076,17935.452747703923,14666.935114597456,32181.65256336147,40499.25427900585,100,9424.12239685772,5389.534423828125,14666.935114597456,403756.275390625,30897.056762695312,12889.164335454076,6133.9150390625,32181.65256336147,462228.52734375,35828.49999999998,17935.452747703923,7492.96044921875,40499.25427900585,655265.87890625,58478.50625000003,,,,,,,,,,,,,,,
ga,cpu,raw,record,ga_arch_64_32_scaler_standard_opt_rmsprop_batch_128_act_elu_drop_0.2,server/run_2025_12_27/results/ga/cpu/raw/record/ga_arch_64_32_scaler_standard_opt_rmsprop_batch_128_act_elu_drop_0.2,64_32,standard_opt_rmsprop_batch_128_act_elu_drop_0,rmsprop_batch_128_act_elu_drop_0,128,elu_drop_0,0.2,128,0.2,9853.767516622342,13600.77290469732,19025.996326657216,16279.451000653242,35653.69274325497,45996.9146524448,32,9853.767516622342,6335.3251953125,16279.451000653242,406990.7705078125,32099.923950195312,13600.77290469732,6593.345703125,35653.69274325497,485454.6264657974,50653.871289062496,19025.996326657216,7888.80859375,45996.9146524448,691270.484375,81321.23496093752,,,,,,,,,,,,,,,
ga,cpu,raw,record,ga_arch_64_32_scaler_standard_opt_rmsprop_batch_128_act_elu_drop_0.3,server/run_2025_12_27/results/ga/cpu/raw/record/ga_arch_64_32_scaler_standard_opt_rmsprop_batch_128_act_elu_drop_0.3,64_32,standard_opt_rmsprop_batch_128_act_elu_drop_0,rmsprop_batch_128_act_elu_drop_0,128,elu_drop_0,0.3,128,0.3,10070.191242937482,14197.287971526575,19144.436349939137,15483.914057051588,35449.44686605789,44272.54099403186,41,10070.191242937482,6519.79638671875,15483.914057051588,403695.0322265625,30443.304812431335,14197.287971526575,7031.50390625,35449.44686605789,485569.0998764038,48674.7666015625,19144.436349939137,8280.36962890625,44272.54099403186,679995.0859375,74382.74042968758,,,,,,,,,,,,,,,
ga,cpu,raw,record,ga_arch_64_32_scaler_standard_opt_rmsprop_batch_128_act_relu_drop_0.2,server/run_2025_12_27/results/ga/cpu/raw/record/ga_arch_64_32_scaler_standard_opt_rmsprop_batch_128_act_relu_drop_0.2,64_32,standard_opt_rmsprop_batch_128_act_relu_drop_0,rmsprop_batch_128_act_relu_drop_0,128,relu_drop_0,0.2,128,0.2,9537.038543908242,13228.940581330286,18789.518781123556,16692.313656261445,35444.16367691934,46672.3955748748,27,9537.038543908242,5630.59716796875,16692.313656261445,408648.0654296875,33090.1943359375,13228.940581330286,6083.613739013672,35444.16367691934,482955.7817382813,50735.914257812365,18789.518781123556,7080.5107421875,46672.3955748748,694586.033203125,84198.30200195312,,,,,,,,,,,,,,,
ga,cpu,raw,record,ga_arch_64_32_scaler_standard_opt_rmsprop_batch_128_act_relu_drop_0.3,server/run_2025_12_27/results/ga/cpu/raw/record/ga_arch_64_32_scaler_standard_opt_rmsprop_batch_128_act_relu_drop_0.3,64_32,standard_opt_rmsprop_batch_128_act_relu_drop_0,rmsprop_batch_128_act_relu_drop_0,128,relu_drop_0,0.3,128,0.3,9543.719844465888,13276.479330710075,18750.791280000816,16554.343400226844,35530.92159249303,46392.2543737312,28,9543.719844465888,5724.116455078125,16554.343400226844,407493.6376953125,32757.943618774418,13276.479330710075,6149.286834716797,35530.92159249303,483800.9481201172,50618.40351562497,18750.791280000816,7160.73095703125,46392.2543737312,692773.06640625,82817.98789062501,,,,,,,,,,,,,,,
ga,cpu,raw,record,ga_arch_64_32_scaler_standard_opt_rmsprop_batch_64_act_elu_drop_0.2,server/run_2025_12_27/results/ga/cpu/raw/record/ga_arch_64_32_scaler_standard_opt_rmsprop_batch_64_act_elu_drop_0.2,64_32,standard_opt_rmsprop_batch_64_act_elu_drop_0,rmsprop_batch_64_act_elu_drop_0,64,elu_drop_0,0.2,64,0.2,9716.908988848096,13562.279488758391,18946.329946489594,16408.48730998735,35702.40977864742,46378.30722915566,22,9716.908988848096,6233.9405517578125,16408.48730998735,406848.2890625,32176.31396484375,13562.279488758391,6524.365234375,35702.40977864742,485449.6707906723,50830.13203124992,18946.329946489594,7544.435302734375,46378.30722915566,693502.939453125,83147.62500000001,,,,,,,,,,,,,,,
ga,cpu,raw,record,ga_arch_64_32_scaler_standard_opt_rmsprop_batch_64_act_elu_drop_0.3,server/run_2025_12_27/results/ga/cpu/raw/record/ga_arch_64_32_scaler_standard_opt_rmsprop_batch_64_act_elu_drop_0.3,64_32,standard_opt_rmsprop_batch_64_act_elu_drop_0,rmsprop_batch_64_act_elu_drop_0,64,elu_drop_0,0.3,64,0.3,9618.10537202549,13307.536994983717,18805.345618019357,16768.80888066245,35719.14949984668,47023.66428026067,22,9618.10537202549,5847.608642578125,16768.80888066245,408800.916015625,33009.993408203125,13307.536994983717,6189.162109375,35719.14949984668,485449.9071025848,50725.96318140019,18805.345618019357,6915.52587890625,47023.66428026067,697300.037109375,85400.00053710942,,,,,,,,,,,,,,,
ga,cpu,raw,record,ga_arch_64_32_scaler_standard_opt_rmsprop_batch_64_act_relu_drop_0.2,server/run_2025_12_27/results/ga/cpu/raw/record/ga_arch_64_32_scaler_standard_opt_rmsprop_batch_64_act_relu_drop_0.2,64_32,standard_opt_rmsprop_batch_64_act_relu_drop_0,rmsprop_batch_64_act_relu_drop_0,64,relu_drop_0,0.2,64,0.2,9528.223948987805,13239.524313053822,18724.164505796212,16718.33604844763,35486.98999019316,46834.43425755996,19,9528.223948987805,5630.27587890625,16718.33604844763,409115.056640625,33097.063720703125,13239.524313053822,6099.876953125,35486.98999019316,483053.43603515625,50719.99726562489,18724.164505796212,6838.790771484375,46834.43425755996,695904.748046875,84562.70283203131,,,,,,,,,,,,,,,
ga,cpu,raw,record,ga_arch_64_32_scaler_standard_opt_rmsprop_batch_64_act_relu_drop_0.3,server/run_2025_12_27/results/ga/cpu/raw/record/ga_arch_64_32_scaler_standard_opt_rmsprop_batch_64_act_relu_drop_0.3,64_32,standard_opt_rmsprop_batch_64_act_relu_drop_0,rmsprop_batch_64_act_relu_drop_0,64,relu_drop_0,0.3,64,0.3,9546.900921670664,13301.138777179904,18827.42110395962,16735.89213066548,35661.91331722856,46894.78476470336,20,9546.900921670664,5714.336669921875,16735.89213066548,408411.1220703125,33256.30358886719,13301.138777179904,6152.97314453125,35661.91331722856,483968.8688964844,51959.18281249999,18827.42110395962,6956.55078125,46894.78476470336,696068.369140625,84736.52368164067,,,,,,,,,,,,,,,
ga,cpu,raw,temporal,ga_arch_128_64_scaler_minmax_opt_adam_batch_128_act_elu_drop_0.2,server/run_2025_12_27/results/ga/cpu/raw/temporal/ga_arch_128_64_scaler_minmax_opt_adam_batch_128_act_elu_drop_0.2,128_64,minmax_opt_adam_batch_128_act_elu_drop_0,adam_batch_128_act_elu_drop_0,128,elu_drop_0,0.2,128,0.2,8092.559617169686,21745.49887295202,17049.65793012859,9505.665918536968,48329.37640299123,40340.64917419138,100,8092.559617169686,5580.764022827148,9505.665918536968,118872.3662109375,23365.114990234375,21745.49887295202,6940.89453125,48329.37640299123,691784.728515625,102178.41210937464,17049.65793012859,6429.57421875,40340.64917419138,485932.1271057129,64814.53655853274,,,,,,,,,,,,,,,
ga,cpu,raw,temporal,ga_arch_128_64_scaler_minmax_opt_adam_batch_128_act_elu_drop_0.3,server/run_2025_12_27/results/ga/cpu/raw/temporal/ga_arch_128_64_scaler_minmax_opt_adam_batch_128_act_elu_drop_0.3,128_64,minmax_opt_adam_batch_128_act_elu_drop_0,adam_batch_128_act_elu_drop_0,128,elu_drop_0,0.3,128,0.3,8018.086421017819,21835.55081191204,16848.30401545085,9600.39141908368,48655.207164546315,40390.87622337177,100,8018.086421017819,5453.7607421875,9600.39141908368,118849.9560546875,23485.302978515625,21835.55081191204,6839.578125,48655.207164546315,693597.16796875,103678.03984374982,16848.30401545085,6276.4140625,40390.87622337177,485748.34283447266,65166.71133575439,,,,,,,,,,,,,,,
ga,cpu,raw,temporal,ga_arch_128_64_scaler_minmax_opt_adam_batch_128_act_relu_drop_0.2,server/run_2025_12_27/results/ga/cpu/raw/temporal/ga_arch_128_64_scaler_minmax_opt_adam_batch_128_act_relu_drop_0.2,128_64,minmax_opt_adam_batch_128_act_relu_drop_0,adam_batch_128_act_relu_drop_0,128,relu_drop_0,0.2,128,0.2,7974.804503763354,21473.623982402165,16924.180396974138,9545.250960663743,48168.685234071134,40223.04266083167,100,7974.804503763354,5394.601318359375,9545.250960663743,118806.8212890625,23486.333740234375,21473.623982402165,6728.68896484375,48168.685234071134,689370.74609375,101087.58945312446,16924.180396974138,6164.4111328125,40223.04266083167,485434.9496002197,64378.36639003759,,,,,,,,,,,,,,,
ga,cpu,raw,temporal,ga_arch_128_64_scaler_minmax_opt_adam_batch_128_act_relu_drop_0.3,server/run_2025_12_27/results/ga/cpu/raw/temporal/ga_arch_128_64_scaler_minmax_opt_adam_batch_128_act_relu_drop_0.3,128_64,minmax_opt_adam_batch_128_act_relu_drop_0,adam_batch_128_act_relu_drop_0,128,relu_drop_0,0.3,128,0.3,7998.288379194101,21498.893958353314,16955.047639958568,9517.430774521355,48155.46921824326,40207.18757060666,100,7998.288379194101,5455.28955078125,9517.430774521355,118568.556640625,23456.871826171875,21498.893958353314,6789.32421875,48155.46921824326,689576.62890625,101106.49882812447,16955.047639958568,6243.19140625,40207.18757060666,485419.19870758057,64362.98525543218,,,,,,,,,,,,,,,
ga,cpu,raw,temporal,ga_arch_128_64_scaler_minmax_opt_adam_batch_64_act_elu_drop_0.2,server/run_2025_12_27/results/ga/cpu/raw/temporal/ga_arch_128_64_scaler_minmax_opt_adam_batch_64_act_elu_drop_0.2,128_64,minmax_opt_adam_batch_64_act_elu_drop_0,adam_batch_64_act_elu_drop_0,64,elu_drop_0,0.2,64,0.2,8185.062310310169,21834.545868106004,17180.191761234666,9429.646803449536,48273.78451783022,40253.43481645484,81,8185.062310310169,5778.2392578125,9429.646803449536,118551.1318359375,23182.5107421875,21834.545868106004,7023.47900390625,48273.78451783022,691965.076171875,102150.68710937464,17180.191761234666,6641.7626953125,40253.43481645484,485583.63481140137,64604.53964843753,,,,,,,,,,,,,,,
ga,cpu,raw,temporal,ga_arch_128_64_scaler_minmax_opt_adam_batch_64_act_elu_drop_0.3,server/run_2025_12_27/results/ga/cpu/raw/temporal/ga_arch_128_64_scaler_minmax_opt_adam_batch_64_act_elu_drop_0.3,128_64,minmax_opt_adam_batch_64_act_elu_drop_0,adam_batch_64_act_elu_drop_0,64,elu_drop_0,0.3,64,0.3,8127.827815580954,21901.124867877952,17020.113870106772,9507.216327104,48501.77239025886,40339.81490388092,74,8127.827815580954,5657.957763671875,9507.216327104,118635.4423828125,23230.437133789062,21901.124867877952,6964.2177734375,48501.77239025886,692862.53125,103193.50312499978,17020.113870106772,6441.80859375,40339.81490388092,485977.42486572266,65196.33362579348,,,,,,,,,,,,,,,
ga,cpu,raw,temporal,ga_arch_128_64_scaler_minmax_opt_adam_batch_64_act_relu_drop_0.2,server/run_2025_12_27/results/ga/cpu/raw/temporal/ga_arch_128_64_scaler_minmax_opt_adam_batch_64_act_relu_drop_0.2,128_64,minmax_opt_adam_batch_64_act_relu_drop_0,adam_batch_64_act_relu_drop_0,64,relu_drop_0,0.2,64,0.2,8002.779794499565,21340.02972148329,17059.960665452367,9462.986440990962,47922.83903345826,40123.62462512982,100,8002.779794499565,5456.57177734375,9462.986440990962,118646.8349609375,23588.56103515625,21340.02972148329,6762.27734375,47922.83903345826,688893.56640625,100518.03671874967,17059.960665452367,6278.186279296875,40123.62462512982,484604.9748535156,64022.34706726075,,,,,,,,,,,,,,,
ga,cpu,raw,temporal,ga_arch_128_64_scaler_minmax_opt_adam_batch_64_act_relu_drop_0.3,server/run_2025_12_27/results/ga/cpu/raw/temporal/ga_arch_128_64_scaler_minmax_opt_adam_batch_64_act_relu_drop_0.3,128_64,minmax_opt_adam_batch_64_act_relu_drop_0,adam_batch_64_act_relu_drop_0,64,relu_drop_0,0.3,64,0.3,8000.845074458973,21301.213343021653,17075.9658746907,9424.343229445323,47859.63827164095,40083.93193192446,100,8000.845074458973,5474.7490234375,9424.343229445323,118067.837890625,23515.27978515625,21301.213343021653,6761.412109375,47859.63827164095,688642.2890625,100375.00703124974,17075.9658746907,6304.490966796875,40083.93193192446,484502.8196411133,63908.52479248048,,,,,,,,,,,,,,,
ga,cpu,raw,temporal,ga_arch_128_64_scaler_minmax_opt_rmsprop_batch_128_act_elu_drop_0.2,server/run_2025_12_27/results/ga/cpu/raw/temporal/ga_arch_128_64_scaler_minmax_opt_rmsprop_batch_128_act_elu_drop_0.2,128_64,minmax_opt_rmsprop_batch_128_act_elu_drop_0,rmsprop_batch_128_act_elu_drop_0,128,elu_drop_0,0.2,128,0.2,8058.966765182774,21770.257535502704,16946.997831398447,9553.12001532999,48426.337636717486,40377.91279067278,100,8058.966765182774,5529.093017578125,9553.12001532999,118876.9365234375,23457.90380859375,21770.257535502704,6895.267578125,48426.337636717486,691970.322265625,102623.8949218747,16946.997831398447,6320.963134765625,40377.91279067278,486197.2857666016,65050.828564453135,,,,,,,,,,,,,,,
ga,cpu,raw,temporal,ga_arch_128_64_scaler_minmax_opt_rmsprop_batch_128_act_elu_drop_0.3,server/run_2025_12_27/results/ga/cpu/raw/temporal/ga_arch_128_64_scaler_minmax_opt_rmsprop_batch_128_act_elu_drop_0.3,128_64,minmax_opt_rmsprop_batch_128_act_elu_drop_0,rmsprop_batch_128_act_elu_drop_0,128,elu_drop_0,0.3,128,0.3,8090.490253854668,21879.449517117435,16928.667210375785,9546.489053758763,48558.45390316734,40357.767264322894,100,8090.490253854668,5584.918212890625,9546.489053758763,118673.369140625,23334.388793945312,21879.449517117435,6936.0498046875,48558.45390316734,692951.431640625,103390.0953124998,16928.667210375785,6417.8095703125,40357.767264322894,486035.78271484375,65126.52920227054,,,,,,,,,,,,,,,
ga,cpu,raw,temporal,ga_arch_128_64_scaler_minmax_opt_rmsprop_batch_128_act_relu_drop_0.2,server/run_2025_12_27/results/ga/cpu/raw/temporal/ga_arch_128_64_scaler_minmax_opt_rmsprop_batch_128_act_relu_drop_0.2,128_64,minmax_opt_rmsprop_batch_128_act_relu_drop_0,rmsprop_batch_128_act_relu_drop_0,128,relu_drop_0,0.2,128,0.2,8088.837093872388,21663.04247612682,17094.412275214803,9487.534277334928,48165.04847712883,40281.398535263776,100,8088.837093872388,5594.720947265625,9487.534277334928,118534.8056640625,23339.2021484375,21663.04247612682,6958.458984375,48165.04847712883,689483.8359375,101365.73398437451,17094.412275214803,6397.75634765625,40281.398535263776,486311.6946411133,65241.65832519536,,,,,,,,,,,,,,,
ga,cpu,raw,temporal,ga_arch_128_64_scaler_minmax_opt_rmsprop_batch_128_act_relu_drop_0.3,server/run_2025_12_27/results/ga/cpu/raw/temporal/ga_arch_128_64_scaler_minmax_opt_rmsprop_batch_128_act_relu_drop_0.3,128_64,minmax_opt_rmsprop_batch_128_act_relu_drop_0,rmsprop_batch_128_act_relu_drop_0,128,relu_drop_0,0.3,128,0.3,8059.990221542108,21637.248138346935,16946.68787545236,9513.467926795762,48246.41162177904,40198.425957879306,100,8059.990221542108,5541.404541015625,9513.467926795762,118490.291015625,23358.39697265625,21637.248138346935,6834.21875,48246.41162177904,689700.109375,101705.13671874956,16946.68787545236,6282.495361328125,40198.425957879306,485640.2385253906,64576.59656600957,,,,,,,,,,,,,,,
ga,cpu,raw,temporal,ga_arch_128_64_scaler_minmax_opt_rmsprop_batch_64_act_elu_drop_0.2,server/run_2025_12_27/results/ga/cpu/raw/temporal/ga_arch_128_64_scaler_minmax_opt_rmsprop_batch_64_act_elu_drop_0.2,128_64,minmax_opt_rmsprop_batch_64_act_elu_drop_0,rmsprop_batch_64_act_elu_drop_0,64,elu_drop_0,0.2,64,0.2,8167.56912007172,21793.08202848161,17139.523214566187,9446.275251080064,48246.91734813976,40239.86310889353,90,8167.56912007172,5741.923095703125,9446.275251080064,118621.642578125,23256.55126953125,21793.08202848161,7030.1455078125,48246.91734813976,691591.85546875,101974.0070312496,17139.523214566187,6612.106689453125,40239.86310889353,485560.58026123047,64472.41626777652,,,,,,,,,,,,,,,
ga,cpu,raw,temporal,ga_arch_128_64_scaler_minmax_opt_rmsprop_batch_64_act_elu_drop_0.3,server/run_2025_12_27/results/ga/cpu/raw/temporal/ga_arch_128_64_scaler_minmax_opt_rmsprop_batch_64_act_elu_drop_0.3,128_64,minmax_opt_rmsprop_batch_64_act_elu_drop_0,rmsprop_batch_64_act_elu_drop_0,64,elu_drop_0,0.3,64,0.3,8126.323028306666,21856.535125025635,17005.111160788198,9502.260234851958,48482.68799604384,40278.19707825022,94,8126.323028306666,5669.659912109375,9502.260234851958,118692.52734375,23195.005126953125,21856.535125025635,6917.8779296875,48482.68799604384,693037.95703125,103064.10390624971,17005.111160788198,6506.768798828125,40278.19707825022,485437.7580509186,64821.308530998234,,,,,,,,,,,,,,,
ga,cpu,raw,temporal,ga_arch_128_64_scaler_minmax_opt_rmsprop_batch_64_act_relu_drop_0.2,server/run_2025_12_27/results/ga/cpu/raw/temporal/ga_arch_128_64_scaler_minmax_opt_rmsprop_batch_64_act_relu_drop_0.2,128_64,minmax_opt_rmsprop_batch_64_act_relu_drop_0,rmsprop_batch_64_act_relu_drop_0,64,relu_drop_0,0.2,64,0.2,8030.316840428028,21347.9340361749,17175.776905679824,9426.961557321569,47816.046041714144,40174.25197762276,100,8030.316840428028,5524.843017578125,9426.961557321569,118231.0439453125,23611.6953125,21347.9340361749,6767.576171875,47816.046041714144,688398.41796875,100210.89140624972,17175.776905679824,6318.858154296875,40174.25197762276,485355.8338394165,64301.83902091985,,,,,,,,,,,,,,,
ga,cpu,raw,temporal,ga_arch_128_64_scaler_minmax_opt_rmsprop_batch_64_act_relu_drop_0.3,server/run_2025_12_27/results/ga/cpu/raw/temporal/ga_arch_128_64_scaler_minmax_opt_rmsprop_batch_64_act_relu_drop_0.3,128_64,minmax_opt_rmsprop_batch_64_act_relu_drop_0,rmsprop_batch_64_act_relu_drop_0,64,relu_drop_0,0.3,64,0.3,8073.036459857732,21474.345173827183,17205.862415954944,9410.99968110082,47899.85588887039,40192.7452035348,100,8073.036459857732,5589.84912109375,9410.99968110082,118208.333984375,23513.172607421875,21474.345173827183,6863.061462402344,47899.85588887039,688866.47265625,100493.7710937496,17205.862415954944,6454.7890625,40192.7452035348,485666.8150177002,64605.74850692754,,,,,,,,,,,,,,,
ga,cpu,raw,temporal,ga_arch_128_64_scaler_standard_opt_adam_batch_128_act_elu_drop_0.2,server/run_2025_12_27/results/ga/cpu/raw/temporal/ga_arch_128_64_scaler_standard_opt_adam_batch_128_act_elu_drop_0.2,128_64,standard_opt_adam_batch_128_act_elu_drop_0,adam_batch_128_act_elu_drop_0,128,elu_drop_0,0.2,128,0.2,7755.480588947045,21098.465546415155,17179.569703222645,9360.362490787367,47110.03806913972,40524.692174175936,93,7755.480588947045,5131.50390625,9360.362490787367,114394.26171875,22907.3037109375,21098.465546415155,7731.810546875,47110.03806913972,688133.6328125,98013.94023437484,17179.569703222645,6699.2255859375,40524.692174175936,486130.8903808594,66190.46769409181,,,,,,,,,,,,,,,
ga,cpu,raw,temporal,ga_arch_128_64_scaler_standard_opt_adam_batch_128_act_elu_drop_0.3,server/run_2025_12_27/results/ga/cpu/raw/temporal/ga_arch_128_64_scaler_standard_opt_adam_batch_128_act_elu_drop_0.3,128_64,standard_opt_adam_batch_128_act_elu_drop_0,adam_batch_128_act_elu_drop_0,128,elu_drop_0,0.3,128,0.3,7756.235618507941,21209.65770823536,17063.193315444183,9392.377048120032,47276.9703665625,40463.243998305814,87,7756.235618507941,5110.969299316406,9392.377048120032,114254.96875,22958.009521484375,21209.65770823536,7816.029296875,47276.9703665625,689012.45703125,97801.46171874963,17063.193315444183,6603.9521484375,40463.243998305814,485447.7624225617,64999.06734046938,,,,,,,,,,,,,,,
ga,cpu,raw,temporal,ga_arch_128_64_scaler_standard_opt_adam_batch_128_act_relu_drop_0.2,server/run_2025_12_27/results/ga/cpu/raw/temporal/ga_arch_128_64_scaler_standard_opt_adam_batch_128_act_relu_drop_0.2,128_64,standard_opt_adam_batch_128_act_relu_drop_0,adam_batch_128_act_relu_drop_0,128,relu_drop_0,0.2,128,0.2,7898.16093650075,21035.15861775664,17196.84813448055,9381.36761079174,47420.540135397,39818.97557924357,89,7898.16093650075,5219.0478515625,9381.36761079174,117637.7998046875,23501.2919921875,21035.15861775664,6786.640625,47420.540135397,686294.53125,99312.06640624984,17196.84813448055,6295.317626953125,39818.97557924357,483362.4887695313,63445.21004638683,,,,,,,,,,,,,,,
ga,cpu,raw,temporal,ga_arch_128_64_scaler_standard_opt_adam_batch_128_act_relu_drop_0.3,server/run_2025_12_27/results/ga/cpu/raw/temporal/ga_arch_128_64_scaler_standard_opt_adam_batch_128_act_relu_drop_0.3,128_64,standard_opt_adam_batch_128_act_relu_drop_0,adam_batch_128_act_relu_drop_0,128,relu_drop_0,0.3,128,0.3,7909.50031549708,21116.9273745627,17177.622170232116,9418.023914160229,47545.21140863194,39882.57084294754,70,7909.50031549708,5269.977783203125,9418.023914160229,117760.83984375,23523.45837402344,21116.9273745627,6805.67333984375,47545.21140863194,687381.8359375,100585.24023437493,17177.622170232116,6226.505859375,39882.57084294754,483866.28479003906,63126.22528076183,,,,,,,,,,,,,,,
ga,cpu,raw,temporal,ga_arch_128_64_scaler_standard_opt_adam_batch_64_act_elu_drop_0.2,server/run_2025_12_27/results/ga/cpu/raw/temporal/ga_arch_128_64_scaler_standard_opt_adam_batch_64_act_elu_drop_0.2,128_64,standard_opt_adam_batch_64_act_elu_drop_0,adam_batch_64_act_elu_drop_0,64,elu_drop_0,0.2,64,0.2,7748.903790932324,21177.172086703456,17108.99093994817,9312.832408267064,47116.2879272192,40455.63970051778,82,7748.903790932324,5146.0771484375,9312.832408267064,114290.4248046875,22902.9072265625,21177.172086703456,7782.912109375,47116.2879272192,687547.44921875,99027.05546874982,17108.99093994817,6676.2314453125,40455.63970051778,485421.0006980896,65244.02536716474,,,,,,,,,,,,,,,
ga,cpu,raw,temporal,ga_arch_128_64_scaler_standard_opt_adam_batch_64_act_elu_drop_0.3,server/run_2025_12_27/results/ga/cpu/raw/temporal/ga_arch_128_64_scaler_standard_opt_adam_batch_64_act_elu_drop_0.3,128_64,standard_opt_adam_batch_64_act_elu_drop_0,adam_batch_64_act_elu_drop_0,64,elu_drop_0,0.3,64,0.3,7698.018573440763,21076.11774860022,16979.8379796671,9367.326535380287,47181.1492082614,40439.543575602744,92,7698.018573440763,5071.31494140625,9367.326535380287,114996.9814453125,23038.521240234375,21076.11774860022,7618.423828125,47181.1492082614,687862.01171875,99478.89140624992,16979.8379796671,6695.8154296875,40439.543575602744,485430.1486721039,65152.48235893264,,,,,,,,,,,,,,,
ga,cpu,raw,temporal,ga_arch_128_64_scaler_standard_opt_adam_batch_64_act_relu_drop_0.2,server/run_2025_12_27/results/ga/cpu/raw/temporal/ga_arch_128_64_scaler_standard_opt_adam_batch_64_act_relu_drop_0.2,128_64,standard_opt_adam_batch_64_act_relu_drop_0,adam_batch_64_act_relu_drop_0,64,relu_drop_0,0.2,64,0.2,7920.064922404119,21089.00489630187,17154.301939899848,9407.856364728128,47479.88606148647,39871.52512265802,48,7920.064922404119,5254.76513671875,9407.856364728128,117743.958984375,23532.910400390625,21089.00489630187,6844.9140625,47479.88606148647,686913.5546875,100127.68984374987,17154.301939899848,6200.257568359375,39871.52512265802,483676.5114746094,63190.0535522462,,,,,,,,,,,,,,,
ga,cpu,raw,temporal,ga_arch_128_64_scaler_standard_opt_adam_batch_64_act_relu_drop_0.3,server/run_2025_12_27/results/ga/cpu/raw/temporal/ga_arch_128_64_scaler_standard_opt_adam_batch_64_act_relu_drop_0.3,128_64,standard_opt_adam_batch_64_act_relu_drop_0,adam_batch_64_act_relu_drop_0,64,relu_drop_0,0.3,64,0.3,7899.762634802013,21091.968377429603,17086.88995852768,9446.474028268178,47521.18951765767,39901.17477054083,50,7899.762634802013,5279.697509765625,9446.474028268178,118078.1787109375,23492.68603515625,21091.968377429603,6801.7080078125,47521.18951765767,687169.34765625,100568.81718749992,17086.88995852768,6144.09912109375,39901.17477054083,483664.5841064453,63434.02426757821,,,,,,,,,,,,,,,
ga,cpu,raw,temporal,ga_arch_128_64_scaler_standard_opt_rmsprop_batch_128_act_elu_drop_0.2,server/run_2025_12_27/results/ga/cpu/raw/temporal/ga_arch_128_64_scaler_standard_opt_rmsprop_batch_128_act_elu_drop_0.2,128_64,standard_opt_rmsprop_batch_128_act_elu_drop_0,rmsprop_batch_128_act_elu_drop_0,128,elu_drop_0,0.2,128,0.2,7764.672144303317,21278.33190190287,17180.14817340115,9366.608695523666,47237.358733158624,40506.206686784935,100,7764.672144303317,5122.8857421875,9366.608695523666,113999.345703125,22979.22216796875,21278.33190190287,7866.3681640625,47237.358733158624,688867.94921875,98650.03906249993,17180.14817340115,6645.665283203125,40506.206686784935,485444.8794746399,66034.9892578125,,,,,,,,,,,,,,,
ga,cpu,raw,temporal,ga_arch_128_64_scaler_standard_opt_rmsprop_batch_128_act_elu_drop_0.3,server/run_2025_12_27/results/ga/cpu/raw/temporal/ga_arch_128_64_scaler_standard_opt_rmsprop_batch_128_act_elu_drop_0.3,128_64,standard_opt_rmsprop_batch_128_act_elu_drop_0,rmsprop_batch_128_act_elu_drop_0,128,elu_drop_0,0.3,128,0.3,7736.775793718457,21307.321235347008,17060.147213363056,9423.940847549622,47426.92208611344,40529.942782692306,100,7736.775793718457,5072.654561042786,9423.940847549622,114272.1396484375,23034.925354003903,21307.321235347008,7853.8597412109375,47426.92208611344,689970.14453125,98356.7574218747,17060.147213363056,6648.13134765625,40529.942782692306,485427.57845687866,65356.057519531256,,,,,,,,,,,,,,,
ga,cpu,raw,temporal,ga_arch_128_64_scaler_standard_opt_rmsprop_batch_128_act_relu_drop_0.2,server/run_2025_12_27/results/ga/cpu/raw/temporal/ga_arch_128_64_scaler_standard_opt_rmsprop_batch_128_act_relu_drop_0.2,128_64,standard_opt_rmsprop_batch_128_act_relu_drop_0,rmsprop_batch_128_act_relu_drop_0,128,relu_drop_0,0.2,128,0.2,7946.084160550634,21183.89309805991,17180.081842933178,9441.104204745365,47585.65680762101,39918.20360140251,64,7946.084160550634,5355.23583984375,9441.104204745365,117787.716796875,23538.41357421875,21183.89309805991,6819.767578125,47585.65680762101,687499.75,101146.54765624992,17180.081842933178,6304.731201171875,39918.20360140251,484334.9020996094,63032.459545898535,,,,,,,,,,,,,,,
ga,cpu,raw,temporal,ga_arch_128_64_scaler_standard_opt_rmsprop_batch_128_act_relu_drop_0.3,server/run_2025_12_27/results/ga/cpu/raw/temporal/ga_arch_128_64_scaler_standard_opt_rmsprop_batch_128_act_relu_drop_0.3,128_64,standard_opt_rmsprop_batch_128_act_relu_drop_0,rmsprop_batch_128_act_relu_drop_0,128,relu_drop_0,0.3,128,0.3,7913.159573391121,21117.344078863793,17269.381604582148,9428.12770600388,47538.28454360734,39938.77074448048,95,7913.159573391121,5250.031982421875,9428.12770600388,117755.0615234375,23688.030029296875,21117.344078863793,6790.591796875,47538.28454360734,687386.86328125,100378.36406249994,17269.381604582148,6324.535400390625,39938.77074448048,484299.87463378906,63618.672027588,,,,,,,,,,,,,,,
ga,cpu,raw,temporal,ga_arch_128_64_scaler_standard_opt_rmsprop_batch_64_act_elu_drop_0.2,server/run_2025_12_27/results/ga/cpu/raw/temporal/ga_arch_128_64_scaler_standard_opt_rmsprop_batch_64_act_elu_drop_0.2,128_64,standard_opt_rmsprop_batch_64_act_elu_drop_0,rmsprop_batch_64_act_elu_drop_0,64,elu_drop_0,0.2,64,0.2,7808.572352740473,21354.659185532782,17121.734510553506,9378.190609414552,47315.07363678195,40491.73419586455,61,7808.572352740473,5189.302978515625,9378.190609414552,113964.2939453125,22876.6845703125,21354.659185532782,7958.661163330078,47315.07363678195,689932.48046875,98157.68007812471,17121.734510553506,6673.353515625,40491.73419586455,485422.12802124023,64932.01875448229,,,,,,,,,,,,,,,
ga,cpu,raw,temporal,ga_arch_128_64_scaler_standard_opt_rmsprop_batch_64_act_elu_drop_0.3,server/run_2025_12_27/results/ga/cpu/raw/temporal/ga_arch_128_64_scaler_standard_opt_rmsprop_batch_64_act_elu_drop_0.3,128_64,standard_opt_rmsprop_batch_64_act_elu_drop_0,rmsprop_batch_64_act_elu_drop_0,64,elu_drop_0,0.3,64,0.3,7708.586729381384,21333.434314610768,16955.53634285621,9479.562013684015,47592.03894738368,40561.7790111033,63,7708.586729381384,5001.25048828125,9479.562013684015,114568.2900390625,22971.22412109375,21333.434314610768,7690.1552734375,47592.03894738368,690494.1796875,99243.56874999985,16955.53634285621,6509.88916015625,40561.7790111033,485422.07706451416,65461.04033203133,,,,,,,,,,,,,,,
ga,cpu,raw,temporal,ga_arch_128_64_scaler_standard_opt_rmsprop_batch_64_act_relu_drop_0.2,server/run_2025_12_27/results/ga/cpu/raw/temporal/ga_arch_128_64_scaler_standard_opt_rmsprop_batch_64_act_relu_drop_0.2,128_64,standard_opt_rmsprop_batch_64_act_relu_drop_0,rmsprop_batch_64_act_relu_drop_0,64,relu_drop_0,0.2,64,0.2,7963.830987876781,21153.340537962875,17254.334577731745,9418.919047182677,47502.77319877588,39941.639401896005,57,7963.830987876781,5363.83349609375,9418.919047182677,117806.7060546875,23469.488159179688,21153.340537962875,6956.10986328125,47502.77319877588,687477.54296875,100404.81171874992,17254.334577731745,6275.2587890625,39941.639401896005,484128.56604003906,64156.193725585945,,,,,,,,,,,,,,,
ga,cpu,raw,temporal,ga_arch_128_64_scaler_standard_opt_rmsprop_batch_64_act_relu_drop_0.3,server/run_2025_12_27/results/ga/cpu/raw/temporal/ga_arch_128_64_scaler_standard_opt_rmsprop_batch_64_act_relu_drop_0.3,128_64,standard_opt_rmsprop_batch_64_act_relu_drop_0,rmsprop_batch_64_act_relu_drop_0,64,relu_drop_0,0.3,64,0.3,7937.720564028112,21231.88135721503,17122.09099852641,9468.623023035068,47664.809773583,39944.722478714546,50,7937.720564028112,5359.19677734375,9468.623023035068,117991.537109375,23576.39892578125,21231.88135721503,6820.4892578125,47664.809773583,688025.75390625,101811.11992187492,17122.09099852641,6233.6298828125,39944.722478714546,484319.5076904297,63518.097119140635,,,,,,,,,,,,,,,
ga,cpu,raw,temporal,ga_arch_64_32_scaler_minmax_opt_adam_batch_128_act_elu_drop_0.2,server/run_2025_12_27/results/ga/cpu/raw/temporal/ga_arch_64_32_scaler_minmax_opt_adam_batch_128_act_elu_drop_0.2,64_32,minmax_opt_adam_batch_128_act_elu_drop_0,adam_batch_128_act_elu_drop_0,128,elu_drop_0,0.2,128,0.2,8101.281259610547,22170.90125071926,16846.262306311277,9621.790823963353,48929.54436546946,40437.12031661677,100,8101.281259610547,5545.09521484375,9621.790823963353,118721.7529296875,23476.385498046875,22170.90125071926,6980.693359375,48929.54436546946,695015.576171875,105383.96249999992,16846.262306311277,6427.455078125,40437.12031661677,487418.6590576172,65083.50451660165,,,,,,,,,,,,,,,
ga,cpu,raw,temporal,ga_arch_64_32_scaler_minmax_opt_adam_batch_128_act_elu_drop_0.3,server/run_2025_12_27/results/ga/cpu/raw/temporal/ga_arch_64_32_scaler_minmax_opt_adam_batch_128_act_elu_drop_0.3,64_32,minmax_opt_adam_batch_128_act_elu_drop_0,adam_batch_128_act_elu_drop_0,128,elu_drop_0,0.3,128,0.3,8033.494911233548,22202.15154970534,16648.392823636175,9704.351241784285,49210.90878849672,40355.842084360826,100,8033.494911233548,5446.8759765625,9704.351241784285,118767.544921875,23732.485107421875,22202.15154970534,6784.31640625,49210.90878849672,696232.419921875,106498.61640624994,16648.392823636175,6371.635009765625,40355.842084360826,486271.5495605469,64060.03159179707,,,,,,,,,,,,,,,
ga,cpu,raw,temporal,ga_arch_64_32_scaler_minmax_opt_adam_batch_128_act_relu_drop_0.2,server/run_2025_12_27/results/ga/cpu/raw/temporal/ga_arch_64_32_scaler_minmax_opt_adam_batch_128_act_relu_drop_0.2,64_32,minmax_opt_adam_batch_128_act_relu_drop_0,adam_batch_128_act_relu_drop_0,128,relu_drop_0,0.2,128,0.2,8052.120147960417,21880.53693544717,16535.167857157867,9650.188137658011,48789.829943560115,39810.46941072266,100,8052.120147960417,5454.775390625,9650.188137658011,118624.083984375,23678.22521972656,21880.53693544717,6763.255859375,48789.829943560115,691758.337890625,104268.54140624985,16535.167857157867,6378.0693359375,39810.46941072266,482615.7404785156,62075.79925537118,,,,,,,,,,,,,,,
ga,cpu,raw,temporal,ga_arch_64_32_scaler_minmax_opt_adam_batch_128_act_relu_drop_0.3,server/run_2025_12_27/results/ga/cpu/raw/temporal/ga_arch_64_32_scaler_minmax_opt_adam_batch_128_act_relu_drop_0.3,64_32,minmax_opt_adam_batch_128_act_relu_drop_0,adam_batch_128_act_relu_drop_0,128,relu_drop_0,0.3,128,0.3,8060.65614101276,22070.65824060436,16507.521558711018,9688.389145876174,49081.776249527786,39809.34572578661,100,8060.65614101276,5515.164306640625,9688.389145876174,118614.447265625,23644.485595703125,22070.65824060436,6739.00244140625,49081.776249527786,694102.05078125,105722.415625,16507.521558711018,6483.268798828125,39809.34572578661,482095.8615722656,62449.25059661869,,,,,,,,,,,,,,,
ga,cpu,raw,temporal,ga_arch_64_32_scaler_minmax_opt_adam_batch_64_act_elu_drop_0.2,server/run_2025_12_27/results/ga/cpu/raw/temporal/ga_arch_64_32_scaler_minmax_opt_adam_batch_64_act_elu_drop_0.2,64_32,minmax_opt_adam_batch_64_act_elu_drop_0,adam_batch_64_act_elu_drop_0,64,elu_drop_0,0.2,64,0.2,8033.114339753551,21898.087747415928,16839.71173115058,9591.697560209554,48757.54541474464,40379.46405719937,100,8033.114339753551,5511.845947265625,9591.697560209554,118789.080078125,23357.6884765625,21898.087747415928,6833.4404296875,48757.54541474464,694616.92578125,104529.55937499995,16839.71173115058,6347.9017333984375,40379.46405719937,485465.5253171921,64888.72378101349,,,,,,,,,,,,,,,
ga,cpu,raw,temporal,ga_arch_64_32_scaler_minmax_opt_adam_batch_64_act_elu_drop_0.3,server/run_2025_12_27/results/ga/cpu/raw/temporal/ga_arch_64_32_scaler_minmax_opt_adam_batch_64_act_elu_drop_0.3,64_32,minmax_opt_adam_batch_64_act_elu_drop_0,adam_batch_64_act_elu_drop_0,64,elu_drop_0,0.3,64,0.3,8002.979616581311,22021.43835994817,16779.87342748487,9643.042875508962,49005.0792514562,40414.225452494225,100,8002.979616581311,5440.33837890625,9643.042875508962,118409.7138671875,23431.817993164062,22021.43835994817,6830.34326171875,49005.0792514562,695842.681640625,105537.1351562499,16779.87342748487,6493.33642578125,40414.225452494225,485472.7949352264,64896.31121444702,,,,,,,,,,,,,,,
ga,cpu,raw,temporal,ga_arch_64_32_scaler_minmax_opt_adam_batch_64_act_relu_drop_0.2,server/run_2025_12_27/results/ga/cpu/raw/temporal/ga_arch_64_32_scaler_minmax_opt_adam_batch_64_act_relu_drop_0.2,64_32,minmax_opt_adam_batch_64_act_relu_drop_0,adam_batch_64_act_relu_drop_0,64,relu_drop_0,0.2,64,0.2,8040.116165468851,21669.420184646755,16968.852656949373,9526.932379113958,48320.79160458206,40258.84257942447,100,8040.116165468851,5536.378662109375,9526.932379113958,118697.384765625,23422.202758789062,21669.420184646755,6884.7890625,48320.79160458206,690898.00390625,102042.11601562462,16968.852656949373,6330.898193359375,40258.84257942447,485672.609375,64609.99772720342,,,,,,,,,,,,,,,
ga,cpu,raw,temporal,ga_arch_64_32_scaler_minmax_opt_adam_batch_64_act_relu_drop_0.3,server/run_2025_12_27/results/ga/cpu/raw/temporal/ga_arch_64_32_scaler_minmax_opt_adam_batch_64_act_relu_drop_0.3,64_32,minmax_opt_adam_batch_64_act_relu_drop_0,adam_batch_64_act_relu_drop_0,64,relu_drop_0,0.3,64,0.3,7967.523951095855,21801.277820897296,16697.203165724914,9649.14673332949,48733.72307354063,40247.68282404706,100,7967.523951095855,5362.454833984375,9649.14673332949,118765.001953125,23676.554443359375,21801.277820897296,6674.546875,48733.72307354063,692125.931640625,103861.48554687476,16697.203165724914,6179.18896484375,40247.68282404706,485387.9745864868,64515.30633125308,,,,,,,,,,,,,,,
ga,cpu,raw,temporal,ga_arch_64_32_scaler_minmax_opt_rmsprop_batch_128_act_elu_drop_0.2,server/run_2025_12_27/results/ga/cpu/raw/temporal/ga_arch_64_32_scaler_minmax_opt_rmsprop_batch_128_act_elu_drop_0.2,64_32,minmax_opt_rmsprop_batch_128_act_elu_drop_0,rmsprop_batch_128_act_elu_drop_0,128,elu_drop_0,0.2,128,0.2,8107.12063580864,22323.983466888218,15962.126597065922,9845.71776701515,49649.72566681734,39195.151254927725,100,8107.12063580864,5573.926513671875,9845.71776701515,119019.146484375,23950.912109375,22323.983466888218,6602.0,49649.72566681734,697792.666015625,108190.81015624997,15962.126597065922,6403.198974609375,39195.151254927725,475420.8037109375,58731.81079101566,,,,,,,,,,,,,,,
ga,cpu,raw,temporal,ga_arch_64_32_scaler_minmax_opt_rmsprop_batch_128_act_elu_drop_0.3,server/run_2025_12_27/results/ga/cpu/raw/temporal/ga_arch_64_32_scaler_minmax_opt_rmsprop_batch_128_act_elu_drop_0.3,64_32,minmax_opt_rmsprop_batch_128_act_elu_drop_0,rmsprop_batch_128_act_elu_drop_0,128,elu_drop_0,0.3,128,0.3,8040.786450592526,22240.27564841751,16195.260868752584,9806.772545486108,49485.67466403351,39616.38451560412,100,8040.786450592526,5483.63427734375,9806.772545486108,118915.8349609375,23850.0263671875,22240.27564841751,6682.64453125,49485.67466403351,696860.203125,107545.134375,16195.260868752584,6396.395263671875,39616.38451560412,479380.13037109375,60322.30900878909,,,,,,,,,,,,,,,
ga,cpu,raw,temporal,ga_arch_64_32_scaler_minmax_opt_rmsprop_batch_128_act_relu_drop_0.2,server/run_2025_12_27/results/ga/cpu/raw/temporal/ga_arch_64_32_scaler_minmax_opt_rmsprop_batch_128_act_relu_drop_0.2,64_32,minmax_opt_rmsprop_batch_128_act_relu_drop_0,rmsprop_batch_128_act_relu_drop_0,128,relu_drop_0,0.2,128,0.2,8110.436956417532,22132.70892732267,16291.992165168194,9744.29529094034,49248.55488424437,39414.25065530331,100,8110.436956417532,5600.1396484375,9744.29529094034,118643.345703125,23725.480224609375,22132.70892732267,6780.16845703125,49248.55488424437,694206.587890625,106296.5078125,16291.992165168194,6559.47705078125,39414.25065530331,478514.0908203125,59585.79472656253,,,,,,,,,,,,,,,
ga,cpu,raw,temporal,ga_arch_64_32_scaler_minmax_opt_rmsprop_batch_128_act_relu_drop_0.3,server/run_2025_12_27/results/ga/cpu/raw/temporal/ga_arch_64_32_scaler_minmax_opt_rmsprop_batch_128_act_relu_drop_0.3,64_32,minmax_opt_rmsprop_batch_128_act_relu_drop_0,rmsprop_batch_128_act_relu_drop_0,128,relu_drop_0,0.3,128,0.3,8147.29767706817,22257.49388420944,16286.62553781684,9751.161096166605,49399.36025216408,39380.7471300757,100,8147.29767706817,5688.56689453125,9751.161096166605,118692.5673828125,23767.3212890625,22257.49388420944,6842.9873046875,49399.36025216408,695361.921875,106845.32226562494,16286.62553781684,6595.470703125,39380.7471300757,478008.02099609375,59395.86325683595,,,,,,,,,,,,,,,
ga,cpu,raw,temporal,ga_arch_64_32_scaler_minmax_opt_rmsprop_batch_64_act_elu_drop_0.2,server/run_2025_12_27/results/ga/cpu/raw/temporal/ga_arch_64_32_scaler_minmax_opt_rmsprop_batch_64_act_elu_drop_0.2,64_32,minmax_opt_rmsprop_batch_64_act_elu_drop_0,rmsprop_batch_64_act_elu_drop_0,64,elu_drop_0,0.2,64,0.2,8093.593070306472,21980.380031203735,16827.323059611488,9570.485666660228,48772.42395415399,40333.27046346427,100,8093.593070306472,5604.416259765625,9570.485666660228,118521.3212890625,23229.02880859375,21980.380031203735,6850.60546875,48772.42395415399,694626.958984375,104517.54414062494,16827.323059611488,6428.952392578125,40333.27046346427,485458.88385009766,64882.08385009766,,,,,,,,,,,,,,,
ga,cpu,raw,temporal,ga_arch_64_32_scaler_minmax_opt_rmsprop_batch_64_act_elu_drop_0.3,server/run_2025_12_27/results/ga/cpu/raw/temporal/ga_arch_64_32_scaler_minmax_opt_rmsprop_batch_64_act_elu_drop_0.3,64_32,minmax_opt_rmsprop_batch_64_act_elu_drop_0,rmsprop_batch_64_act_elu_drop_0,64,elu_drop_0,0.3,64,0.3,7967.431769768207,22014.18658018133,16572.719997162898,9718.936576815606,49114.98019869357,40387.772492024,100,7967.431769768207,5362.261474609375,9718.936576815606,118937.107421875,23702.760498046875,22014.18658018133,6657.59765625,49114.98019869357,695623.568359375,105730.31210937498,16572.719997162898,6184.64794921875,40387.772492024,485421.0231628418,64763.49709320069,,,,,,,,,,,,,,,
ga,cpu,raw,temporal,ga_arch_64_32_scaler_minmax_opt_rmsprop_batch_64_act_relu_drop_0.2,server/run_2025_12_27/results/ga/cpu/raw/temporal/ga_arch_64_32_scaler_minmax_opt_rmsprop_batch_64_act_relu_drop_0.2,64_32,minmax_opt_rmsprop_batch_64_act_relu_drop_0,rmsprop_batch_64_act_relu_drop_0,64,relu_drop_0,0.2,64,0.2,8012.345159929127,21619.87285094696,16899.654707787075,9560.797898353116,48319.54379228572,40228.69846038795,100,8012.345159929127,5481.7109375,9560.797898353116,118733.271484375,23531.522216796875,21619.87285094696,6809.85546875,48319.54379228572,690155.171875,101874.40429687456,16899.654707787075,6263.56494140625,40228.69846038795,485416.01594924927,64363.977409744315,,,,,,,,,,,,,,,
ga,cpu,raw,temporal,ga_arch_64_32_scaler_minmax_opt_rmsprop_batch_64_act_relu_drop_0.3,server/run_2025_12_27/results/ga/cpu/raw/temporal/ga_arch_64_32_scaler_minmax_opt_rmsprop_batch_64_act_relu_drop_0.3,64_32,minmax_opt_rmsprop_batch_64_act_relu_drop_0,rmsprop_batch_64_act_relu_drop_0,64,relu_drop_0,0.3,64,0.3,7954.874865282704,21846.799231542704,16616.8189753759,9690.113615765,48827.71638420493,40280.7102744016,100,7954.874865282704,5335.908447265625,9690.113615765,118931.8466796875,23789.26123046875,21846.799231542704,6642.1484375,48827.71638420493,692326.734375,104245.10156249978,16616.8189753759,6158.120361328125,40280.7102744016,485635.7389526367,64568.31829147344,,,,,,,,,,,,,,,
ga,cpu,raw,temporal,ga_arch_64_32_scaler_standard_opt_adam_batch_128_act_elu_drop_0.2,server/run_2025_12_27/results/ga/cpu/raw/temporal/ga_arch_64_32_scaler_standard_opt_adam_batch_128_act_elu_drop_0.2,64_32,standard_opt_adam_batch_128_act_elu_drop_0,adam_batch_128_act_elu_drop_0,128,elu_drop_0,0.2,128,0.2,7714.184825228482,21112.673860663373,16907.167733484705,9431.933769806805,47335.87675495742,40461.12800493824,100,7714.184825228482,5053.8922119140625,9431.933769806805,114870.72265625,22916.94677734375,21112.673860663373,7504.279296875,47335.87675495742,689606.77734375,98506.99257812476,16907.167733484705,6469.60107421875,40461.12800493824,485594.4373779297,65050.00905303957,,,,,,,,,,,,,,,
ga,cpu,raw,temporal,ga_arch_64_32_scaler_standard_opt_adam_batch_128_act_elu_drop_0.3,server/run_2025_12_27/results/ga/cpu/raw/temporal/ga_arch_64_32_scaler_standard_opt_adam_batch_128_act_elu_drop_0.3,64_32,standard_opt_adam_batch_128_act_elu_drop_0,adam_batch_128_act_elu_drop_0,128,elu_drop_0,0.3,128,0.3,7678.224972774868,21130.516341834584,16810.506068529176,9504.949021145983,47611.225659177544,40481.67141193838,100,7678.224972774868,4973.976318359375,9504.949021145983,115491.873046875,23048.673461914062,21130.516341834584,7394.546875,47611.225659177544,690511.7265625,99927.8972656248,16810.506068529176,6294.74560546875,40481.67141193838,485447.4266901016,64949.22921500209,,,,,,,,,,,,,,,
ga,cpu,raw,temporal,ga_arch_64_32_scaler_standard_opt_adam_batch_128_act_relu_drop_0.2,server/run_2025_12_27/results/ga/cpu/raw/temporal/ga_arch_64_32_scaler_standard_opt_adam_batch_128_act_relu_drop_0.2,64_32,standard_opt_adam_batch_128_act_relu_drop_0,adam_batch_128_act_relu_drop_0,128,relu_drop_0,0.2,128,0.2,7904.551817989297,21140.70736335229,17142.070150403102,9439.183929144052,47586.10586014724,39961.489967782974,98,7904.551817989297,5258.8251953125,9439.183929144052,117805.505859375,23563.620727539062,21140.70736335229,6836.58056640625,47586.10586014724,687635.53515625,100714.16054687492,17142.070150403102,6185.4228515625,39961.489967782974,484211.4606933594,63040.842297363386,,,,,,,,,,,,,,,
ga,cpu,raw,temporal,ga_arch_64_32_scaler_standard_opt_adam_batch_128_act_relu_drop_0.3,server/run_2025_12_27/results/ga/cpu/raw/temporal/ga_arch_64_32_scaler_standard_opt_adam_batch_128_act_relu_drop_0.3,64_32,standard_opt_adam_batch_128_act_relu_drop_0,adam_batch_128_act_relu_drop_0,128,relu_drop_0,0.3,128,0.3,7844.335311271237,21105.876622511376,16975.744736461787,9493.931897958537,47693.463949519435,39980.861813694464,100,7844.335311271237,5181.68212890625,9493.931897958537,118221.0712890625,23515.345703125,21105.876622511376,6581.806640625,47693.463949519435,687806.02734375,101356.67031249987,16975.744736461787,6028.678466796875,39980.861813694464,484050.6389160156,63158.45764160167,,,,,,,,,,,,,,,
ga,cpu,raw,temporal,ga_arch_64_32_scaler_standard_opt_adam_batch_64_act_elu_drop_0.2,server/run_2025_12_27/results/ga/cpu/raw/temporal/ga_arch_64_32_scaler_standard_opt_adam_batch_64_act_elu_drop_0.2,64_32,standard_opt_adam_batch_64_act_elu_drop_0,adam_batch_64_act_elu_drop_0,64,elu_drop_0,0.2,64,0.2,7788.275508226046,21268.298809220967,17046.446345244745,9387.837506921876,47295.88318033397,40424.64579155652,70,7788.275508226046,5156.426025390625,9387.837506921876,114592.2822265625,22801.833251953125,21268.298809220967,7818.966796875,47295.88318033397,689649.703125,98389.87382812472,17046.446345244745,6587.830810546875,40424.64579155652,485465.57667827606,64848.05695056916,,,,,,,,,,,,,,,
ga,cpu,raw,temporal,ga_arch_64_32_scaler_standard_opt_adam_batch_64_act_elu_drop_0.3,server/run_2025_12_27/results/ga/cpu/raw/temporal/ga_arch_64_32_scaler_standard_opt_adam_batch_64_act_elu_drop_0.3,64_32,standard_opt_adam_batch_64_act_elu_drop_0,adam_batch_64_act_elu_drop_0,64,elu_drop_0,0.3,64,0.3,7705.962327310323,21314.341468156275,16857.989430314563,9458.545640765826,47609.42730576288,40527.60743920963,71,7705.962327310323,5071.499755859375,9458.545640765826,115358.81640625,22879.184814453125,21314.341468156275,7607.8017578125,47609.42730576288,689690.94921875,100253.64687499996,16857.989430314563,6517.2822265625,40527.60743920963,485474.677942276,66047.273735714,,,,,,,,,,,,,,,
ga,cpu,raw,temporal,ga_arch_64_32_scaler_standard_opt_adam_batch_64_act_relu_drop_0.2,server/run_2025_12_27/results/ga/cpu/raw/temporal/ga_arch_64_32_scaler_standard_opt_adam_batch_64_act_relu_drop_0.2,64_32,standard_opt_adam_batch_64_act_relu_drop_0,adam_batch_64_act_relu_drop_0,64,relu_drop_0,0.2,64,0.2,7877.514119516048,21075.847189123426,17121.192346336295,9434.230135257738,47544.85893731331,39908.960619574435,85,7877.514119516048,5202.008544921875,9434.230135257738,117890.009765625,23670.649169921875,21075.847189123426,6772.4462890625,47544.85893731331,687417.5234375,100372.42031249996,17121.192346336295,6130.94580078125,39908.960619574435,483776.6629638672,63262.76386718761,,,,,,,,,,,,,,,
ga,cpu,raw,temporal,ga_arch_64_32_scaler_standard_opt_adam_batch_64_act_relu_drop_0.3,server/run_2025_12_27/results/ga/cpu/raw/temporal/ga_arch_64_32_scaler_standard_opt_adam_batch_64_act_relu_drop_0.3,64_32,standard_opt_adam_batch_64_act_relu_drop_0,adam_batch_64_act_relu_drop_0,64,relu_drop_0,0.3,64,0.3,7871.881573549568,21193.800013557273,17058.442635878015,9481.423713697044,47717.076821114664,39973.09642494002,67,7871.881573549568,5244.060546875,9481.423713697044,117896.5927734375,23527.999633789062,21193.800013557273,6699.8720703125,47717.076821114664,688165.671875,101726.69374999992,17058.442635878015,6139.388427734375,39973.09642494002,484205.0106201172,63450.69761962901,,,,,,,,,,,,,,,
ga,cpu,raw,temporal,ga_arch_64_32_scaler_standard_opt_rmsprop_batch_128_act_elu_drop_0.2,server/run_2025_12_27/results/ga/cpu/raw/temporal/ga_arch_64_32_scaler_standard_opt_rmsprop_batch_128_act_elu_drop_0.2,64_32,standard_opt_rmsprop_batch_128_act_elu_drop_0,rmsprop_batch_128_act_elu_drop_0,128,elu_drop_0,0.2,128,0.2,7772.042072905721,21300.82661329685,16861.63764296912,9468.32361170247,47602.738606776824,40494.16937208899,89,7772.042072905721,5157.883056640625,9468.32361170247,114938.1123046875,22976.62744140625,21300.82661329685,7483.0166015625,47602.738606776824,690157.5703125,100187.77421874994,16861.63764296912,6292.07275390625,40494.16937208899,485443.03514766693,64879.36709928513,,,,,,,,,,,,,,,
ga,cpu,raw,temporal,ga_arch_64_32_scaler_standard_opt_rmsprop_batch_128_act_elu_drop_0.3,server/run_2025_12_27/results/ga/cpu/raw/temporal/ga_arch_64_32_scaler_standard_opt_rmsprop_batch_128_act_elu_drop_0.3,64_32,standard_opt_rmsprop_batch_128_act_elu_drop_0,rmsprop_batch_128_act_elu_drop_0,128,elu_drop_0,0.3,128,0.3,7701.449958981821,21270.364708208865,16793.354157624028,9501.814339419663,47696.3658044004,40535.32339501277,100,7701.449958981821,5037.57666015625,9501.814339419663,114870.0107421875,22915.26025390625,21270.364708208865,7452.2685546875,47696.3658044004,690912.38671875,100456.36953125,16793.354157624028,6308.9892578125,40535.32339501277,485437.742023468,64861.169448471075,,,,,,,,,,,,,,,
ga,cpu,raw,temporal,ga_arch_64_32_scaler_standard_opt_rmsprop_batch_128_act_relu_drop_0.2,server/run_2025_12_27/results/ga/cpu/raw/temporal/ga_arch_64_32_scaler_standard_opt_rmsprop_batch_128_act_relu_drop_0.2,64_32,standard_opt_rmsprop_batch_128_act_relu_drop_0,rmsprop_batch_128_act_relu_drop_0,128,relu_drop_0,0.2,128,0.2,7906.78292627088,21135.63652611187,17122.509231567383,9475.610880885351,47604.9966866429,39924.10830981898,100,7906.78292627088,5283.53759765625,9475.610880885351,117957.4111328125,23633.998901367188,21135.63652611187,6814.3984375,47604.9966866429,687515.96484375,101324.29843749992,17122.509231567383,6157.91650390625,39924.10830981898,484057.4760742187,63636.362707519576,,,,,,,,,,,,,,,
ga,cpu,raw,temporal,ga_arch_64_32_scaler_standard_opt_rmsprop_batch_128_act_relu_drop_0.3,server/run_2025_12_27/results/ga/cpu/raw/temporal/ga_arch_64_32_scaler_standard_opt_rmsprop_batch_128_act_relu_drop_0.3,64_32,standard_opt_rmsprop_batch_128_act_relu_drop_0,rmsprop_batch_128_act_relu_drop_0,128,relu_drop_0,0.3,128,0.3,7848.439130400072,21130.6542013525,16953.942648346758,9540.879786538071,47727.11092126279,40009.651501165914,100,7848.439130400072,5212.7265625,9540.879786538071,118345.6123046875,23659.500244140625,21130.6542013525,6651.333984375,47727.11092126279,688140.3984375,101853.70468749992,16953.942648346758,6022.9525146484375,40009.651501165914,484193.4063720703,63814.28507080083,,,,,,,,,,,,,,,
ga,cpu,raw,temporal,ga_arch_64_32_scaler_standard_opt_rmsprop_batch_64_act_elu_drop_0.2,server/run_2025_12_27/results/ga/cpu/raw/temporal/ga_arch_64_32_scaler_standard_opt_rmsprop_batch_64_act_elu_drop_0.2,64_32,standard_opt_rmsprop_batch_64_act_elu_drop_0,rmsprop_batch_64_act_elu_drop_0,64,elu_drop_0,0.2,64,0.2,7755.854675298434,21285.160554239472,16827.596664747893,9450.611450505718,47495.26680913078,40470.391827546104,77,7755.854675298434,5107.634521484375,9450.611450505718,115971.5751953125,22817.90234375,21285.160554239472,7310.5458984375,47495.26680913078,687969.87109375,99833.3480468749,16827.596664747893,6231.58642578125,40470.391827546104,485426.8120288849,65727.05270290382,,,,,,,,,,,,,,,
ga,cpu,raw,temporal,ga_arch_64_32_scaler_standard_opt_rmsprop_batch_64_act_elu_drop_0.3,server/run_2025_12_27/results/ga/cpu/raw/temporal/ga_arch_64_32_scaler_standard_opt_rmsprop_batch_64_act_elu_drop_0.3,64_32,standard_opt_rmsprop_batch_64_act_elu_drop_0,rmsprop_batch_64_act_elu_drop_0,64,elu_drop_0,0.3,64,0.3,7738.560267844288,21304.432583135986,16715.434587546144,9511.966647962356,47715.66947207371,40510.49765500115,68,7738.560267844288,5106.22705078125,9511.966647962356,116086.9775390625,23114.6181640625,21304.432583135986,7262.09375,47715.66947207371,689219.99609375,100318.658203125,16715.434587546144,6190.143798828125,40510.49765500115,485436.4877586365,65201.8595825196,,,,,,,,,,,,,,,
ga,cpu,raw,temporal,ga_arch_64_32_scaler_standard_opt_rmsprop_batch_64_act_relu_drop_0.2,server/run_2025_12_27/results/ga/cpu/raw/temporal/ga_arch_64_32_scaler_standard_opt_rmsprop_batch_64_act_relu_drop_0.2,64_32,standard_opt_rmsprop_batch_64_act_relu_drop_0,rmsprop_batch_64_act_relu_drop_0,64,relu_drop_0,0.2,64,0.2,7877.805218643253,21153.89407127945,17050.9403124859,9510.315909387757,47687.19766556988,39999.81883929605,85,7877.805218643253,5257.35888671875,9510.315909387757,118099.2958984375,23610.67626953125,21153.89407127945,6684.43896484375,47687.19766556988,688073.9921875,101381.82343749992,17050.9403124859,6070.26953125,39999.81883929605,484179.81872558594,63419.347058105566,,,,,,,,,,,,,,,
ga,cpu,raw,temporal,ga_arch_64_32_scaler_standard_opt_rmsprop_batch_64_act_relu_drop_0.3,server/run_2025_12_27/results/ga/cpu/raw/temporal/ga_arch_64_32_scaler_standard_opt_rmsprop_batch_64_act_relu_drop_0.3,64_32,standard_opt_rmsprop_batch_64_act_relu_drop_0,rmsprop_batch_64_act_relu_drop_0,64,relu_drop_0,0.3,64,0.3,7850.452807987675,21158.391916101184,16983.12271505834,9568.504807631634,47758.98315364803,40036.56734549164,81,7850.452807987675,5241.331787109375,9568.504807631634,118535.9912109375,23744.954223632812,21158.391916101184,6603.14990234375,47758.98315364803,688442.75,101956.89101562496,16983.12271505834,5999.079833984375,40036.56734549164,484347.7287597656,63907.06558837894,,,,,,,,,,,,,,,
ga,memory,raw,record,ga_arch_128_64_scaler_minmax_opt_adam_batch_128_act_elu_drop_0.2,server/run_2025_12_27/results/ga/memory/raw/record/ga_arch_128_64_scaler_minmax_opt_adam_batch_128_act_elu_drop_0.2,128_64,minmax_opt_adam_batch_128_act_elu_drop_0,adam_batch_128_act_elu_drop_0,128,elu_drop_0,0.2,128,0.2,25112.534752262593,30983.565049231027,103858.15172373485,48396.965398645734,49677.02404459354,305704.8366791147,93,,,,,,,,,,,,,,,,25112.534752262593,3680.4166870117183,48396.965398645734,1151050.2109375,118619.326171875,30983.565049231027,8428.5625,49677.02404459354,490787.234375,116228.8437499999,103858.15172373485,5770.586669921875,305704.8366791147,2390848.96875,409243.56796875014
ga,memory,raw,record,ga_arch_128_64_scaler_minmax_opt_adam_batch_128_act_elu_drop_0.3,server/run_2025_12_27/results/ga/memory/raw/record/ga_arch_128_64_scaler_minmax_opt_adam_batch_128_act_elu_drop_0.3,128_64,minmax_opt_adam_batch_128_act_elu_drop_0,adam_batch_128_act_elu_drop_0,128,elu_drop_0,0.3,128,0.3,24934.21120742896,29997.68106135763,103754.9226708204,48531.78699470078,49720.55672347561,305945.98954711994,100,,,,,,,,,,,,,,,,24934.21120742896,3964.453632354736,48531.78699470078,1151120.375,118267.4609375,29997.68106135763,7991.982421875,49720.55672347561,493846.265625,115317.02812499995,103754.9226708204,6570.4713134765625,305945.98954711994,2395752.34375,409485.80781250016
ga,memory,raw,record,ga_arch_128_64_scaler_minmax_opt_adam_batch_128_act_relu_drop_0.2,server/run_2025_12_27/results/ga/memory/raw/record/ga_arch_128_64_scaler_minmax_opt_adam_batch_128_act_relu_drop_0.2,128_64,minmax_opt_adam_batch_128_act_relu_drop_0,adam_batch_128_act_relu_drop_0,128,relu_drop_0,0.2,128,0.2,25685.59967972549,33802.65915949262,104993.45870569652,48278.06583642889,50745.71136232689,303638.9264866482,100,,,,,,,,,,,,,,,,25685.59967972549,4314.332290649414,48278.06583642889,1149889.5546875,118249.7890625,33802.65915949262,9580.140625,50745.71136232689,489719.1875,119750.02187499998,104993.45870569652,8636.20662689209,303638.9264866482,2371780.875,408750.9953125001
ga,memory,raw,record,ga_arch_128_64_scaler_minmax_opt_adam_batch_128_act_relu_drop_0.3,server/run_2025_12_27/results/ga/memory/raw/record/ga_arch_128_64_scaler_minmax_opt_adam_batch_128_act_relu_drop_0.3,128_64,minmax_opt_adam_batch_128_act_relu_drop_0,adam_batch_128_act_relu_drop_0,128,relu_drop_0,0.3,128,0.3,25249.5763038063,33116.42794009769,104579.26653248678,48443.74438584277,50743.72269508511,303882.69978055754,100,,,,,,,,,,,,,,,,25249.5763038063,3765.260620117187,48443.74438584277,1150381.421875,118741.31640625,33116.42794009769,8971.345581054688,50743.72269508511,489407.984375,117877.453125,104579.26653248678,7838.712280273437,303882.69978055754,2370935.34375,408999.3898437501
ga,memory,raw,record,ga_arch_128_64_scaler_minmax_opt_adam_batch_64_act_elu_drop_0.2,server/run_2025_12_27/results/ga/memory/raw/record/ga_arch_128_64_scaler_minmax_opt_adam_batch_64_act_elu_drop_0.2,128_64,minmax_opt_adam_batch_64_act_elu_drop_0,adam_batch_64_act_elu_drop_0,64,elu_drop_0,0.2,64,0.2,28237.889140622457,34425.01405490358,111422.5769414192,54638.187323593986,52985.35547383317,326478.4029745665,26,,,,,,,,,,,,,,,,28237.889140622457,12093.890625,54638.187323593986,1150327.296875,119065.28515625,34425.01405490358,19163.56640625,52985.35547383317,595400.8515625,104571.41562499997,111422.5769414192,15947.5048828125,326478.4029745665,2529639.96875,475277.203906251
ga,memory,raw,record,ga_arch_128_64_scaler_minmax_opt_adam_batch_64_act_elu_drop_0.3,server/run_2025_12_27/results/ga/memory/raw/record/ga_arch_128_64_scaler_minmax_opt_adam_batch_64_act_elu_drop_0.3,128_64,minmax_opt_adam_batch_64_act_elu_drop_0,adam_batch_64_act_elu_drop_0,64,elu_drop_0,0.3,64,0.3,28684.966152451267,33800.33296465435,110426.41635201016,53959.81468863545,52233.63331409477,327473.1304791928,29,,,,,,,,,,,,,,,,28684.966152451267,11020.822265625,53959.81468863545,1141937.3125,110785.28125,33800.33296465435,17037.072265625,52233.63331409477,594342.9375,99289.58124999996,110426.41635201016,14829.30517578125,327473.1304791928,2534709.0625,475869.1093750006
ga,memory,raw,record,ga_arch_128_64_scaler_minmax_opt_adam_batch_64_act_relu_drop_0.2,server/run_2025_12_27/results/ga/memory/raw/record/ga_arch_128_64_scaler_minmax_opt_adam_batch_64_act_relu_drop_0.2,128_64,minmax_opt_adam_batch_64_act_relu_drop_0,adam_batch_64_act_relu_drop_0,64,relu_drop_0,0.2,64,0.2,31511.734916284677,37751.130681636554,115696.88370390568,53644.93496552787,52475.14838719321,322591.87575464277,28,,,,,,,,,,,,,,,,31511.734916284677,17557.7900390625,53644.93496552787,1155448.5546875,125732.869140625,37751.130681636554,24190.853515625,52475.14838719321,600851.8125,108692.60937499996,115696.88370390568,22955.21484375,322591.87575464277,2508437.34375,481505.5320312502
ga,memory,raw,record,ga_arch_128_64_scaler_minmax_opt_adam_batch_64_act_relu_drop_0.3,server/run_2025_12_27/results/ga/memory/raw/record/ga_arch_128_64_scaler_minmax_opt_adam_batch_64_act_relu_drop_0.3,128_64,minmax_opt_adam_batch_64_act_relu_drop_0,adam_batch_64_act_relu_drop_0,64,relu_drop_0,0.3,64,0.3,24664.278815365484,30834.81650789691,104078.93561751704,47818.94125976775,50643.88047061087,301805.0653043346,100,,,,,,,,,,,,,,,,24664.278815365484,2604.1695556640625,47818.94125976775,1152154.9609375,119239.2109375,30834.81650789691,6893.0,50643.88047061087,469617.53125,120968.1851562499,104078.93561751704,6512.6065673828125,301805.0653043346,2358030.5625,396152.8695312504
ga,memory,raw,record,ga_arch_128_64_scaler_minmax_opt_rmsprop_batch_128_act_elu_drop_0.2,server/run_2025_12_27/results/ga/memory/raw/record/ga_arch_128_64_scaler_minmax_opt_rmsprop_batch_128_act_elu_drop_0.2,128_64,minmax_opt_rmsprop_batch_128_act_elu_drop_0,rmsprop_batch_128_act_elu_drop_0,128,elu_drop_0,0.2,128,0.2,28302.375395969495,33618.3649035353,110871.92180132968,54860.37283990243,52802.80632584183,327492.59913940926,50,,,,,,,,,,,,,,,,28302.375395969495,11715.95458984375,54860.37283990243,1147755.453125,117680.345703125,33618.3649035353,16750.453125,52802.80632584183,600325.9609375,101204.984375,110871.92180132968,14572.3828125,327492.59913940926,2531417.515625,479366.3757812511
ga,memory,raw,record,ga_arch_128_64_scaler_minmax_opt_rmsprop_batch_128_act_elu_drop_0.3,server/run_2025_12_27/results/ga/memory/raw/record/ga_arch_128_64_scaler_minmax_opt_rmsprop_batch_128_act_elu_drop_0.3,128_64,minmax_opt_rmsprop_batch_128_act_elu_drop_0,rmsprop_batch_128_act_elu_drop_0,128,elu_drop_0,0.3,128,0.3,28520.481834263315,33185.24171490194,111641.18872305263,55204.59164586758,52913.80338553035,329304.6045612737,52,,,,,,,,,,,,,,,,28520.481834263315,12025.69140625,55204.59164586758,1148588.2734375,118367.263671875,33185.24171490194,16905.244140625,52913.80338553035,604880.078125,95885.44687499992,111641.18872305263,14439.330078125,329304.6045612737,2541193.765625,484217.66562500113
ga,memory,raw,record,ga_arch_128_64_scaler_minmax_opt_rmsprop_batch_128_act_relu_drop_0.2,server/run_2025_12_27/results/ga/memory/raw/record/ga_arch_128_64_scaler_minmax_opt_rmsprop_batch_128_act_relu_drop_0.2,128_64,minmax_opt_rmsprop_batch_128_act_relu_drop_0,rmsprop_batch_128_act_relu_drop_0,128,relu_drop_0,0.2,128,0.2,34796.26507254957,39208.82829436717,118750.03006837712,53752.39727139349,52734.68098301465,324702.6044609715,51,,,,,,,,,,,,,,,,34796.26507254957,21057.21875,53752.39727139349,1159329.5703125,128985.88671875,39208.82829436717,26232.73046875,52734.68098301465,612270.015625,99767.15312499998,118750.03006837712,25294.1435546875,324702.6044609715,2520198.703125,489139.9800781252
ga,memory,raw,record,ga_arch_128_64_scaler_minmax_opt_rmsprop_batch_128_act_relu_drop_0.3,server/run_2025_12_27/results/ga/memory/raw/record/ga_arch_128_64_scaler_minmax_opt_rmsprop_batch_128_act_relu_drop_0.3,128_64,minmax_opt_rmsprop_batch_128_act_relu_drop_0,rmsprop_batch_128_act_relu_drop_0,128,relu_drop_0,0.3,128,0.3,33888.00083304929,38568.14651110563,117991.98205388887,53854.88687507614,52224.61455008691,324361.7482968867,52,,,,,,,,,,,,,,,,33888.00083304929,19967.8310546875,53854.88687507614,1158947.578125,128542.921875,38568.14651110563,25510.791015625,52224.61455008691,610243.484375,101267.59374999993,117991.98205388887,24448.708984375,324361.7482968867,2517882.34375,488102.1925781251
ga,memory,raw,record,ga_arch_128_64_scaler_minmax_opt_rmsprop_batch_64_act_elu_drop_0.2,server/run_2025_12_27/results/ga/memory/raw/record/ga_arch_128_64_scaler_minmax_opt_rmsprop_batch_64_act_elu_drop_0.2,128_64,minmax_opt_rmsprop_batch_64_act_elu_drop_0,rmsprop_batch_64_act_elu_drop_0,64,elu_drop_0,0.2,64,0.2,28807.37509942872,33660.87876546041,111544.9525299986,54816.55577887561,52447.95274969603,327874.1209856208,34,,,,,,,,,,,,,,,,28807.37509942872,12452.53564453125,54816.55577887561,1148363.828125,117848.705078125,33660.87876546041,17501.7734375,52447.95274969603,600928.90625,99063.478125,111544.9525299986,15205.33935546875,327874.1209856208,2535045.15625,479772.78945312614
ga,memory,raw,record,ga_arch_128_64_scaler_minmax_opt_rmsprop_batch_64_act_elu_drop_0.3,server/run_2025_12_27/results/ga/memory/raw/record/ga_arch_128_64_scaler_minmax_opt_rmsprop_batch_64_act_elu_drop_0.3,128_64,minmax_opt_rmsprop_batch_64_act_elu_drop_0,rmsprop_batch_64_act_elu_drop_0,64,elu_drop_0,0.3,64,0.3,28809.725669696967,33291.76094633012,111793.15661934364,55011.99839283957,52611.321998331085,328864.2055879049,32,,,,,,,,,,,,,,,,28809.725669696967,12412.84375,55011.99839283957,1148296.984375,117676.771484375,33291.76094633012,17047.7578125,52611.321998331085,602871.5546875,97090.03437499996,111793.15661934364,14950.939453125,328864.2055879049,2540656.984375,482020.1074218761
ga,memory,raw,record,ga_arch_128_64_scaler_minmax_opt_rmsprop_batch_64_act_relu_drop_0.2,server/run_2025_12_27/results/ga/memory/raw/record/ga_arch_128_64_scaler_minmax_opt_rmsprop_batch_64_act_relu_drop_0.2,128_64,minmax_opt_rmsprop_batch_64_act_relu_drop_0,rmsprop_batch_64_act_relu_drop_0,64,relu_drop_0,0.2,64,0.2,31994.594921087228,37755.15378814423,115494.41283307756,53464.694289414016,51537.93986313888,322056.2267945437,35,,,,,,,,,,,,,,,,31994.594921087228,17799.3525390625,53464.694289414016,1154851.53125,125677.939453125,37755.15378814423,24287.7109375,51537.93986313888,600674.34375,111082.04062499998,115494.41283307756,23013.2998046875,322056.2267945437,2505664.875,480152.1027343752
ga,memory,raw,record,ga_arch_128_64_scaler_minmax_opt_rmsprop_batch_64_act_relu_drop_0.3,server/run_2025_12_27/results/ga/memory/raw/record/ga_arch_128_64_scaler_minmax_opt_rmsprop_batch_64_act_relu_drop_0.3,128_64,minmax_opt_rmsprop_batch_64_act_relu_drop_0,rmsprop_batch_64_act_relu_drop_0,64,relu_drop_0,0.3,64,0.3,33431.25868726262,37821.06914083132,117656.0203089914,53771.329415346794,51221.76637514037,324456.07734131376,35,,,,,,,,,,,,,,,,33431.25868726262,19242.5361328125,53771.329415346794,1157067.8515625,126948.87109375,37821.06914083132,25173.08203125,51221.76637514037,606942.34375,100998.69062499996,117656.0203089914,24177.75,324456.07734131376,2520979.40625,486368.11250000016
ga,memory,raw,record,ga_arch_128_64_scaler_standard_opt_adam_batch_128_act_elu_drop_0.2,server/run_2025_12_27/results/ga/memory/raw/record/ga_arch_128_64_scaler_standard_opt_adam_batch_128_act_elu_drop_0.2,128_64,standard_opt_adam_batch_128_act_elu_drop_0,adam_batch_128_act_elu_drop_0,128,elu_drop_0,0.2,128,0.2,27573.98860954959,30501.70038263503,110567.64991408375,62554.53236531518,60573.20308747597,323566.72143483895,23,,,,,,,,,,,,,,,,27573.98860954959,4403.7179889678955,62554.53236531518,1193149.95703125,157564.935546875,30501.70038263503,8522.3203125,60573.20308747597,658471.12890625,119400.4861160277,110567.64991408375,12529.44482421875,323566.72143483895,2470389.46875,531787.01171875
ga,memory,raw,record,ga_arch_128_64_scaler_standard_opt_adam_batch_128_act_elu_drop_0.3,server/run_2025_12_27/results/ga/memory/raw/record/ga_arch_128_64_scaler_standard_opt_adam_batch_128_act_elu_drop_0.3,128_64,standard_opt_adam_batch_128_act_elu_drop_0,adam_batch_128_act_elu_drop_0,128,elu_drop_0,0.3,128,0.3,26594.493119894476,30926.600307793713,107767.01485705691,61021.82573811638,60335.28982225232,319612.64367597044,25,,,,,,,,,,,,,,,,26594.493119894476,4222.438747406006,61021.82573811638,1189134.73828125,155040.724609375,30926.600307793713,7956.80078125,60335.28982225232,651289.0859375,123963.39999999997,107767.01485705691,11698.7529296875,319612.64367597044,2446397.109375,523513.1460937501
ga,memory,raw,record,ga_arch_128_64_scaler_standard_opt_adam_batch_128_act_relu_drop_0.2,server/run_2025_12_27/results/ga/memory/raw/record/ga_arch_128_64_scaler_standard_opt_adam_batch_128_act_relu_drop_0.2,128_64,standard_opt_adam_batch_128_act_relu_drop_0,adam_batch_128_act_relu_drop_0,128,relu_drop_0,0.2,128,0.2,40475.12736286287,41583.75476185705,130031.11116446012,75877.51299911202,79665.33074145622,352940.3427444852,16,,,,,,,,,,,,,,,,40475.12736286287,3847.811508178711,75877.51299911202,1219971.5908203125,190969.56787109375,41583.75476185705,6760.224365234375,79665.33074145622,1136147.25,150514.15273437492,130031.11116446012,4403.0408935546875,352940.3427444852,2637236.8515625,586759.2780273439
ga,memory,raw,record,ga_arch_128_64_scaler_standard_opt_adam_batch_128_act_relu_drop_0.3,server/run_2025_12_27/results/ga/memory/raw/record/ga_arch_128_64_scaler_standard_opt_adam_batch_128_act_relu_drop_0.3,128_64,standard_opt_adam_batch_128_act_relu_drop_0,adam_batch_128_act_relu_drop_0,128,relu_drop_0,0.3,128,0.3,31364.43690117158,32741.569681818077,116414.51605898463,67002.92809444669,74806.72808237535,332701.54867942445,19,,,,,,,,,,,,,,,,31364.43690117158,4721.3021240234375,67002.92809444669,1203092.63671875,167418.9130859375,32741.569681818077,9569.4990234375,74806.72808237535,1430546.875,125896.145117187,116414.51605898463,11952.375,332701.54867942445,2523310.765625,550478.9964843751
ga,memory,raw,record,ga_arch_128_64_scaler_standard_opt_adam_batch_64_act_elu_drop_0.2,server/run_2025_12_27/results/ga/memory/raw/record/ga_arch_128_64_scaler_standard_opt_adam_batch_64_act_elu_drop_0.2,128_64,standard_opt_adam_batch_64_act_elu_drop_0,adam_batch_64_act_elu_drop_0,64,elu_drop_0,0.2,64,0.2,32932.139406102615,33202.99637621633,119988.58472732564,69221.72662762669,68561.02559008906,339360.8906688763,15,,,,,,,,,,,,,,,,32932.139406102615,4488.9442138671875,69221.72662762669,1207292.05859375,172938.52490234375,33202.99637621633,8817.291015625,68561.02559008906,779947.875,126890.79609374974,119988.58472732564,8302.8828125,339360.8906688763,2563071.421875,560737.7664062501
ga,memory,raw,record,ga_arch_128_64_scaler_standard_opt_adam_batch_64_act_elu_drop_0.3,server/run_2025_12_27/results/ga/memory/raw/record/ga_arch_128_64_scaler_standard_opt_adam_batch_64_act_elu_drop_0.3,128_64,standard_opt_adam_batch_64_act_elu_drop_0,adam_batch_64_act_elu_drop_0,64,elu_drop_0,0.3,64,0.3,28337.86814236038,30692.008601939113,112002.94772267807,63833.54294411645,61457.00119584305,326190.8281082757,16,,,,,,,,,,,,,,,,28337.86814236038,4491.5214738845825,63833.54294411645,1194279.46484375,159766.9453125,30692.008601939113,8816.760019302368,61457.00119584305,661971.87890625,115911.52968749937,112002.94772267807,12358.18798828125,326190.8281082757,2489043.3125,533667.1544921878
ga,memory,raw,record,ga_arch_128_64_scaler_standard_opt_adam_batch_64_act_relu_drop_0.2,server/run_2025_12_27/results/ga/memory/raw/record/ga_arch_128_64_scaler_standard_opt_adam_batch_64_act_relu_drop_0.2,128_64,standard_opt_adam_batch_64_act_relu_drop_0,adam_batch_64_act_relu_drop_0,64,relu_drop_0,0.2,64,0.2,33515.4979983791,33833.06954149206,120092.31626275668,69841.57119853768,71724.21201987326,339678.6184188318,14,,,,,,,,,,,,,,,,33515.4979983791,4231.618026733398,69841.57119853768,1206719.62890625,174963.42529296875,33833.06954149206,9508.07421875,71724.21201987326,1053619.125,130824.01406249985,120092.31626275668,7202.99072265625,339678.6184188318,2565232.15625,561102.348828125
ga,memory,raw,record,ga_arch_128_64_scaler_standard_opt_adam_batch_64_act_relu_drop_0.3,server/run_2025_12_27/results/ga/memory/raw/record/ga_arch_128_64_scaler_standard_opt_adam_batch_64_act_relu_drop_0.3,128_64,standard_opt_adam_batch_64_act_relu_drop_0,adam_batch_64_act_relu_drop_0,64,relu_drop_0,0.3,64,0.3,34678.16075502805,34767.85611579578,121760.67317487032,70925.71317117491,72115.0115495521,342152.5787993142,14,,,,,,,,,,,,,,,,34678.16075502805,3958.712585449219,70925.71317117491,1209472.322265625,178026.35009765625,34767.85611579578,8479.890625,72115.0115495521,985151.375,136097.31796874997,121760.67317487032,6461.7744140625,342152.5787993142,2578685.5625,565392.0865234375
ga,memory,raw,record,ga_arch_128_64_scaler_standard_opt_rmsprop_batch_128_act_elu_drop_0.2,server/run_2025_12_27/results/ga/memory/raw/record/ga_arch_128_64_scaler_standard_opt_rmsprop_batch_128_act_elu_drop_0.2,128_64,standard_opt_rmsprop_batch_128_act_elu_drop_0,rmsprop_batch_128_act_elu_drop_0,128,elu_drop_0,0.2,128,0.2,26937.58571230657,31285.947987531206,108984.63850413576,61575.39341272567,60641.42054007461,320158.23442238884,31,,,,,,,,,,,,,,,,26937.58571230657,4322.362181186676,61575.39341272567,1189104.30078125,155127.6005859375,31285.947987531206,8787.3984375,60641.42054007461,653868.67578125,122675.34375,108984.63850413576,12746.3515625,320158.23442238884,2451814.484375,525719.2234375001
ga,memory,raw,record,ga_arch_128_64_scaler_standard_opt_rmsprop_batch_128_act_elu_drop_0.3,server/run_2025_12_27/results/ga/memory/raw/record/ga_arch_128_64_scaler_standard_opt_rmsprop_batch_128_act_elu_drop_0.3,128_64,standard_opt_rmsprop_batch_128_act_elu_drop_0,rmsprop_batch_128_act_elu_drop_0,128,elu_drop_0,0.3,128,0.3,27265.14749413168,31125.810845257944,109703.2681550015,62049.9418035155,60653.737278057466,321373.93769932666,30,,,,,,,,,,,,,,,,27265.14749413168,4355.552734375,62049.9418035155,1190009.8359375,156045.896484375,31125.810845257944,9090.375,60653.737278057466,655228.41796875,124317.94999999992,109703.2681550015,12960.35595703125,321373.93769932666,2459652.75,528147.4546875001
ga,memory,raw,record,ga_arch_128_64_scaler_standard_opt_rmsprop_batch_128_act_relu_drop_0.2,server/run_2025_12_27/results/ga/memory/raw/record/ga_arch_128_64_scaler_standard_opt_rmsprop_batch_128_act_relu_drop_0.2,128_64,standard_opt_rmsprop_batch_128_act_relu_drop_0,rmsprop_batch_128_act_relu_drop_0,128,relu_drop_0,0.2,128,0.2,29142.282254642814,31680.023475209517,112287.99635242172,63644.803063535495,60951.51653800684,323792.4262930884,26,,,,,,,,,,,,,,,,29142.282254642814,5678.58984375,63644.803063535495,1194961.99609375,160825.78125,31680.023475209517,10389.59765625,60951.51653800684,662210.1171875,124583.16523437426,112287.99635242172,14828.783203125,323792.4262930884,2473955.125,538789.6382812501
ga,memory,raw,record,ga_arch_128_64_scaler_standard_opt_rmsprop_batch_128_act_relu_drop_0.3,server/run_2025_12_27/results/ga/memory/raw/record/ga_arch_128_64_scaler_standard_opt_rmsprop_batch_128_act_relu_drop_0.3,128_64,standard_opt_rmsprop_batch_128_act_relu_drop_0,rmsprop_batch_128_act_relu_drop_0,128,relu_drop_0,0.3,128,0.3,28568.721200427768,32061.637473922943,110984.45579151908,62562.09153130377,60554.845875167615,320744.101375992,26,,,,,,,,,,,,,,,,28568.721200427768,5952.2441329956055,62562.09153130377,1191066.484375,158677.56640625,32061.637473922943,11282.90625,60554.845875167615,657723.91796875,123278.98437499994,110984.45579151908,14529.2685546875,320744.101375992,2457420.34375,533260.6425781253
ga,memory,raw,record,ga_arch_128_64_scaler_standard_opt_rmsprop_batch_64_act_elu_drop_0.2,server/run_2025_12_27/results/ga/memory/raw/record/ga_arch_128_64_scaler_standard_opt_rmsprop_batch_64_act_elu_drop_0.2,128_64,standard_opt_rmsprop_batch_64_act_elu_drop_0,rmsprop_batch_64_act_elu_drop_0,64,elu_drop_0,0.2,64,0.2,26805.79299193143,30762.69615728895,109241.02941139293,61991.807470717366,60570.77908172864,321822.8947369114,21,,,,,,,,,,,,,,,,26805.79299193143,4278.886889457703,61991.807470717366,1187300.03125,153978.1162109375,30762.69615728895,8669.958984375,60570.77908172864,654180.78125,124708.62812499957,109241.02941139293,11946.23828125,321822.8947369114,2465516.640625,528487.0824218751
ga,memory,raw,record,ga_arch_128_64_scaler_standard_opt_rmsprop_batch_64_act_elu_drop_0.3,server/run_2025_12_27/results/ga/memory/raw/record/ga_arch_128_64_scaler_standard_opt_rmsprop_batch_64_act_elu_drop_0.3,128_64,standard_opt_rmsprop_batch_64_act_elu_drop_0,rmsprop_batch_64_act_elu_drop_0,64,elu_drop_0,0.3,64,0.3,26802.513338113826,30966.999375647138,108951.57362364823,61866.648444990125,60657.04469190096,321322.69736127957,22,,,,,,,,,,,,,,,,26802.513338113826,4292.1349239349365,61866.648444990125,1187088.34375,154439.3935546875,30966.999375647138,9041.3515625,60657.04469190096,653120.09765625,125819.65625,108951.57362364823,12076.763671875,321322.69736127957,2462168.5625,527772.3632812501
ga,memory,raw,record,ga_arch_128_64_scaler_standard_opt_rmsprop_batch_64_act_relu_drop_0.2,server/run_2025_12_27/results/ga/memory/raw/record/ga_arch_128_64_scaler_standard_opt_rmsprop_batch_64_act_relu_drop_0.2,128_64,standard_opt_rmsprop_batch_64_act_relu_drop_0,rmsprop_batch_64_act_relu_drop_0,64,relu_drop_0,0.2,64,0.2,29223.672882746057,31234.831133550695,112794.66388365303,64675.75693282126,61515.29956905293,326629.196277534,18,,,,,,,,,,,,,,,,29223.672882746057,4930.495819091797,64675.75693282126,1195237.55078125,161718.53515625,31234.831133550695,9864.1640625,61515.29956905293,664963.8359375,129525.37425231926,112794.66388365303,12861.0791015625,326629.196277534,2491914.4375,541572.2113281256
ga,memory,raw,record,ga_arch_128_64_scaler_standard_opt_rmsprop_batch_64_act_relu_drop_0.3,server/run_2025_12_27/results/ga/memory/raw/record/ga_arch_128_64_scaler_standard_opt_rmsprop_batch_64_act_relu_drop_0.3,128_64,standard_opt_rmsprop_batch_64_act_relu_drop_0,rmsprop_batch_64_act_relu_drop_0,64,relu_drop_0,0.3,64,0.3,27735.094277206834,32506.40969365797,109603.61791358798,61273.75465331018,60559.47365818463,318193.3831051634,19,,,,,,,,,,,,,,,,27735.094277206834,6286.635009765625,61273.75465331018,1184837.8203125,154134.0458984375,32506.40969365797,11948.7958984375,60559.47365818463,649614.3515625,124952.21796874996,109603.61791358798,14837.7255859375,318193.3831051634,2446454.9375,524823.9101562508
ga,memory,raw,record,ga_arch_64_32_scaler_minmax_opt_adam_batch_128_act_elu_drop_0.2,server/run_2025_12_27/results/ga/memory/raw/record/ga_arch_64_32_scaler_minmax_opt_adam_batch_128_act_elu_drop_0.2,64_32,minmax_opt_adam_batch_128_act_elu_drop_0,adam_batch_128_act_elu_drop_0,128,elu_drop_0,0.2,128,0.2,28706.011986329308,35466.667007370386,109628.65406949753,53067.764452349766,52106.18724828487,323376.98001316056,69,,,,,,,,,,,,,,,,28706.011986329308,11401.88818359375,53067.764452349766,1145618.234375,115092.76953125,35466.667007370386,18442.728515625,52106.18724828487,581554.078125,109722.128125,109628.65406949753,16573.8544921875,323376.98001316056,2512577.34375,464748.99570312566
ga,memory,raw,record,ga_arch_64_32_scaler_minmax_opt_adam_batch_128_act_elu_drop_0.3,server/run_2025_12_27/results/ga/memory/raw/record/ga_arch_64_32_scaler_minmax_opt_adam_batch_128_act_elu_drop_0.3,64_32,minmax_opt_adam_batch_128_act_elu_drop_0,adam_batch_128_act_elu_drop_0,128,elu_drop_0,0.3,128,0.3,28401.59234284419,33746.015770415135,110900.25042133316,54047.38265603667,52143.30916175337,327137.7534877125,63,,,,,,,,,,,,,,,,28401.59234284419,11365.45458984375,54047.38265603667,1145381.9765625,113363.830078125,33746.015770415135,18126.98046875,52143.30916175337,594431.7109375,98675.19374999998,110900.25042133316,15962.787109375,327137.7534877125,2531842.859375,475238.8273437508
ga,memory,raw,record,ga_arch_64_32_scaler_minmax_opt_adam_batch_128_act_relu_drop_0.2,server/run_2025_12_27/results/ga/memory/raw/record/ga_arch_64_32_scaler_minmax_opt_adam_batch_128_act_relu_drop_0.2,64_32,minmax_opt_adam_batch_128_act_relu_drop_0,adam_batch_128_act_relu_drop_0,128,relu_drop_0,0.2,128,0.2,27464.57621075887,36708.3405856066,105361.34858396178,50329.842532001734,52113.774334812355,310699.597133826,100,,,,,,,,,,,,,,,,27464.57621075887,6587.767578125,50329.842532001734,1148188.0234375,118227.345703125,36708.3405856066,14067.2373046875,52113.774334812355,543884.328125,120912.91562499998,105361.34858396178,13294.0595703125,310699.597133826,2425158.4375,436708.15546875
ga,memory,raw,record,ga_arch_64_32_scaler_minmax_opt_adam_batch_128_act_relu_drop_0.3,server/run_2025_12_27/results/ga/memory/raw/record/ga_arch_64_32_scaler_minmax_opt_adam_batch_128_act_relu_drop_0.3,64_32,minmax_opt_adam_batch_128_act_relu_drop_0,adam_batch_128_act_relu_drop_0,128,relu_drop_0,0.3,128,0.3,26763.359132227757,36013.58129868775,104880.21786957503,50852.65812190766,52539.15788893547,311395.33616234106,100,,,,,,,,,,,,,,,,26763.359132227757,5722.7071533203125,50852.65812190766,1149016.984375,119073.396484375,36013.58129868775,13483.123046875,52539.15788893547,545701.46875,121122.6562499999,104880.21786957503,12597.095703125,311395.33616234106,2428029.625,438434.00703125
ga,memory,raw,record,ga_arch_64_32_scaler_minmax_opt_adam_batch_64_act_elu_drop_0.2,server/run_2025_12_27/results/ga/memory/raw/record/ga_arch_64_32_scaler_minmax_opt_adam_batch_64_act_elu_drop_0.2,64_32,minmax_opt_adam_batch_64_act_elu_drop_0,adam_batch_64_act_elu_drop_0,64,elu_drop_0,0.2,64,0.2,28655.30774455719,34087.657484172094,110417.58663535138,53787.88620583284,52149.780441844574,326412.23132429447,41,,,,,,,,,,,,,,,,28655.30774455719,11268.73486328125,53787.88620583284,1143658.328125,112963.04296875,34087.657484172094,17541.45703125,52149.780441844574,590889.4609375,102619.5375,110417.58663535138,15667.3115234375,326412.23132429447,2529374.390625,471260.0625000007
ga,memory,raw,record,ga_arch_64_32_scaler_minmax_opt_adam_batch_64_act_elu_drop_0.3,server/run_2025_12_27/results/ga/memory/raw/record/ga_arch_64_32_scaler_minmax_opt_adam_batch_64_act_elu_drop_0.3,64_32,minmax_opt_adam_batch_64_act_elu_drop_0,adam_batch_64_act_elu_drop_0,64,elu_drop_0,0.3,64,0.3,28382.669231796423,32202.56878650357,111615.9459925995,54709.400864154704,52552.22815085796,331038.2035921002,40,,,,,,,,,,,,,,,,28382.669231796423,11235.3046875,54709.400864154704,1141656.3203125,110967.099609375,32202.56878650357,16550.916015625,52552.22815085796,605043.4921875,88227.00312499962,111615.9459925995,14524.81640625,331038.2035921002,2551886.3125,492207.2855468751
ga,memory,raw,record,ga_arch_64_32_scaler_minmax_opt_adam_batch_64_act_relu_drop_0.2,server/run_2025_12_27/results/ga/memory/raw/record/ga_arch_64_32_scaler_minmax_opt_adam_batch_64_act_relu_drop_0.2,64_32,minmax_opt_adam_batch_64_act_relu_drop_0,adam_batch_64_act_relu_drop_0,64,relu_drop_0,0.2,64,0.2,30034.80619630966,37475.182374287426,113391.04214762092,53298.32041525681,52478.041187734736,320347.57816166413,48,,,,,,,,,,,,,,,,30034.80619630966,15769.416015625,53298.32041525681,1152278.7734375,123169.73046875,37475.182374287426,23116.90625,52478.041187734736,593186.8671875,115626.965625,113391.04214762092,21555.068359375,320347.57816166413,2494308.421875,473567.9042968752
ga,memory,raw,record,ga_arch_64_32_scaler_minmax_opt_adam_batch_64_act_relu_drop_0.3,server/run_2025_12_27/results/ga/memory/raw/record/ga_arch_64_32_scaler_minmax_opt_adam_batch_64_act_relu_drop_0.3,64_32,minmax_opt_adam_batch_64_act_relu_drop_0,adam_batch_64_act_relu_drop_0,64,relu_drop_0,0.3,64,0.3,28896.045789358443,36875.57774679162,111857.80370229651,53375.029947380586,52582.78766268912,319261.785282414,48,,,,,,,,,,,,,,,,28896.045789358443,14304.81884765625,53375.029947380586,1151482.859375,121729.998046875,36875.57774679162,21913.00390625,52582.78766268912,588256.1484375,118442.39999999997,111857.80370229651,20302.7861328125,319261.785282414,2486724.203125,471173.24296875
ga,memory,raw,record,ga_arch_64_32_scaler_minmax_opt_rmsprop_batch_128_act_elu_drop_0.2,server/run_2025_12_27/results/ga/memory/raw/record/ga_arch_64_32_scaler_minmax_opt_rmsprop_batch_128_act_elu_drop_0.2,64_32,minmax_opt_rmsprop_batch_128_act_elu_drop_0,rmsprop_batch_128_act_elu_drop_0,128,elu_drop_0,0.2,128,0.2,27457.597878718974,32725.774127233828,109740.6939922558,55100.42024199176,52874.78452296805,328353.2054270553,90,,,,,,,,,,,,,,,,27457.597878718974,9855.3564453125,55100.42024199176,1147224.8515625,116527.216796875,32725.774127233828,15776.880859375,52874.78452296805,599233.9375,99697.80468749996,109740.6939922558,12600.3203125,328353.2054270553,2534413.296875,477129.2921875011
ga,memory,raw,record,ga_arch_64_32_scaler_minmax_opt_rmsprop_batch_128_act_elu_drop_0.3,server/run_2025_12_27/results/ga/memory/raw/record/ga_arch_64_32_scaler_minmax_opt_rmsprop_batch_128_act_elu_drop_0.3,64_32,minmax_opt_rmsprop_batch_128_act_elu_drop_0,rmsprop_batch_128_act_elu_drop_0,128,elu_drop_0,0.3,128,0.3,28326.439244662975,33407.18339377547,111549.7483503278,55157.94352602494,52746.545763750095,328110.8996157044,76,,,,,,,,,,,,,,,,28326.439244662975,11901.57958984375,55157.94352602494,1151431.4765625,120285.091796875,33407.18339377547,17351.39453125,52746.545763750095,602081.71875,99296.8828125,111549.7483503278,15089.34521484375,328110.8996157044,2534208.5625,481081.39492187614
ga,memory,raw,record,ga_arch_64_32_scaler_minmax_opt_rmsprop_batch_128_act_relu_drop_0.2,server/run_2025_12_27/results/ga/memory/raw/record/ga_arch_64_32_scaler_minmax_opt_rmsprop_batch_128_act_relu_drop_0.2,64_32,minmax_opt_rmsprop_batch_128_act_relu_drop_0,rmsprop_batch_128_act_relu_drop_0,128,relu_drop_0,0.2,128,0.2,34146.96750929507,38964.398648766,117946.16851370675,53672.52659462532,52556.72460855074,323906.5949484553,75,,,,,,,,,,,,,,,,34146.96750929507,20271.3447265625,53672.52659462532,1158550.7265625,128077.2265625,38964.398648766,25765.1328125,52556.72460855074,610185.8046875,102496.815625,117946.16851370675,24711.6181640625,323906.5949484553,2515302.28125,487276.5800781252
ga,memory,raw,record,ga_arch_64_32_scaler_minmax_opt_rmsprop_batch_128_act_relu_drop_0.3,server/run_2025_12_27/results/ga/memory/raw/record/ga_arch_64_32_scaler_minmax_opt_rmsprop_batch_128_act_relu_drop_0.3,64_32,minmax_opt_rmsprop_batch_128_act_relu_drop_0,rmsprop_batch_128_act_relu_drop_0,128,relu_drop_0,0.3,128,0.3,33170.14347174774,38164.65393099052,117052.3403018922,53868.83452928711,52144.7592812719,323786.6979344402,79,,,,,,,,,,,,,,,,33170.14347174774,18980.328125,53868.83452928711,1158450.9765625,128080.53515625,38164.65393099052,24816.56640625,52144.7592812719,608474.3671875,103178.85624999992,117052.3403018922,23652.470703125,323786.6979344402,2513716.734375,486335.6890625002
ga,memory,raw,record,ga_arch_64_32_scaler_minmax_opt_rmsprop_batch_64_act_elu_drop_0.2,server/run_2025_12_27/results/ga/memory/raw/record/ga_arch_64_32_scaler_minmax_opt_rmsprop_batch_64_act_elu_drop_0.2,64_32,minmax_opt_rmsprop_batch_64_act_elu_drop_0,rmsprop_batch_64_act_elu_drop_0,64,elu_drop_0,0.2,64,0.2,28471.11847177735,32458.03979474477,111612.58695097598,55426.52590011956,52879.00524642856,330521.91481463023,43,,,,,,,,,,,,,,,,28471.11847177735,11619.908203125,55426.52590011956,1148308.6484375,118121.021484375,32458.03979474477,15952.830078125,52879.00524642856,605709.796875,93448.04062499992,111612.58695097598,13714.87255859375,330521.91481463023,2548149.15625,488494.55468750064
ga,memory,raw,record,ga_arch_64_32_scaler_minmax_opt_rmsprop_batch_64_act_elu_drop_0.3,server/run_2025_12_27/results/ga/memory/raw/record/ga_arch_64_32_scaler_minmax_opt_rmsprop_batch_64_act_elu_drop_0.3,64_32,minmax_opt_rmsprop_batch_64_act_elu_drop_0,rmsprop_batch_64_act_elu_drop_0,64,elu_drop_0,0.3,64,0.3,27168.170939238906,31905.517166882026,109170.17655071589,55295.12321557694,53085.677724115674,328598.3505934529,51,,,,,,,,,,,,,,,,27168.170939238906,9394.7587890625,55295.12321557694,1148296.1484375,117211.359375,31905.517166882026,14324.869140625,53085.677724115674,598606.0,99538.71875,109170.17655071589,11434.734375,328598.3505934529,2535584.96875,477657.7421875011
ga,memory,raw,record,ga_arch_64_32_scaler_minmax_opt_rmsprop_batch_64_act_relu_drop_0.2,server/run_2025_12_27/results/ga/memory/raw/record/ga_arch_64_32_scaler_minmax_opt_rmsprop_batch_64_act_relu_drop_0.2,64_32,minmax_opt_rmsprop_batch_64_act_relu_drop_0,rmsprop_batch_64_act_relu_drop_0,64,relu_drop_0,0.2,64,0.2,33077.96638797695,37677.46739792895,117076.1127506775,53847.2034719247,51326.47242019838,324015.7765354203,51,,,,,,,,,,,,,,,,33077.96638797695,18841.896484375,53847.2034719247,1157379.484375,127845.80859375,37677.46739792895,24717.73828125,51326.47242019838,607002.890625,102516.69687499997,117076.1127506775,23720.2666015625,324015.7765354203,2517097.421875,486042.8082031252
ga,memory,raw,record,ga_arch_64_32_scaler_minmax_opt_rmsprop_batch_64_act_relu_drop_0.3,server/run_2025_12_27/results/ga/memory/raw/record/ga_arch_64_32_scaler_minmax_opt_rmsprop_batch_64_act_relu_drop_0.3,64_32,minmax_opt_rmsprop_batch_64_act_relu_drop_0,rmsprop_batch_64_act_relu_drop_0,64,relu_drop_0,0.3,64,0.3,32818.2566355767,37546.328437253454,116881.64961314466,53815.386693668086,51339.512395071615,323938.90753046755,48,,,,,,,,,,,,,,,,32818.2566355767,18502.064453125,53815.386693668086,1156889.296875,127371.958984375,37546.328437253454,24557.67578125,51339.512395071615,605476.8515625,103629.109375,116881.64961314466,23521.017578125,323938.90753046755,2517122.5,485230.2328125002
ga,memory,raw,record,ga_arch_64_32_scaler_standard_opt_adam_batch_128_act_elu_drop_0.2,server/run_2025_12_27/results/ga/memory/raw/record/ga_arch_64_32_scaler_standard_opt_adam_batch_128_act_elu_drop_0.2,64_32,standard_opt_adam_batch_128_act_elu_drop_0,adam_batch_128_act_elu_drop_0,128,elu_drop_0,0.2,128,0.2,32255.459661957957,33027.83161235396,118427.72313453244,68259.95920110853,72618.13588564614,336858.78850864747,27,,,,,,,,,,,,,,,,32255.459661957957,4487.295076370239,68259.95920110853,1205474.888671875,170685.18505859375,33027.83161235396,8483.51953125,72618.13588564614,1200082.875,123434.2304687498,118427.72313453244,10650.84814453125,336858.78850864747,2546648.828125,556270.9568359377
ga,memory,raw,record,ga_arch_64_32_scaler_standard_opt_adam_batch_128_act_elu_drop_0.3,server/run_2025_12_27/results/ga/memory/raw/record/ga_arch_64_32_scaler_standard_opt_adam_batch_128_act_elu_drop_0.3,64_32,standard_opt_adam_batch_128_act_elu_drop_0,adam_batch_128_act_elu_drop_0,128,elu_drop_0,0.3,128,0.3,27280.024777693114,30415.63050647388,108255.29378052244,62042.30832980247,60373.3768443977,321550.75552332745,31,,,,,,,,,,,,,,,,27280.024777693114,4153.56494140625,62042.30832980247,1191858.2265625,157674.341796875,30415.63050647388,7553.12109375,60373.3768443977,655197.1640625,122967.83124999989,108255.29378052244,10185.173828125,321550.75552332745,2455942.75,528395.310546875
ga,memory,raw,record,ga_arch_64_32_scaler_standard_opt_adam_batch_128_act_relu_drop_0.2,server/run_2025_12_27/results/ga/memory/raw/record/ga_arch_64_32_scaler_standard_opt_adam_batch_128_act_relu_drop_0.2,64_32,standard_opt_adam_batch_128_act_relu_drop_0,adam_batch_128_act_relu_drop_0,128,relu_drop_0,0.2,128,0.2,35981.97380221255,36232.69883707461,123320.7185149882,71727.05947253517,77670.64600950337,343782.3350761319,22,,,,,,,,,,,,,,,,35981.97380221255,4279.7542724609375,71727.05947253517,1212808.3203125,180965.6416015625,36232.69883707461,8425.19140625,77670.64600950337,1341398.125,135840.278515625,123320.7185149882,6825.809326171875,343782.3350761319,2585782.8046875,568310.0791015627
ga,memory,raw,record,ga_arch_64_32_scaler_standard_opt_adam_batch_128_act_relu_drop_0.3,server/run_2025_12_27/results/ga/memory/raw/record/ga_arch_64_32_scaler_standard_opt_adam_batch_128_act_relu_drop_0.3,64_32,standard_opt_adam_batch_128_act_relu_drop_0,adam_batch_128_act_relu_drop_0,128,relu_drop_0,0.3,128,0.3,32835.74997171297,33658.13012761421,118739.78404959785,68630.37025205076,74264.10874814255,336537.16726591287,23,,,,,,,,,,,,,,,,32835.74997171297,4549.5776290893555,68630.37025205076,1206492.458984375,172459.2939453125,33658.13012761421,9713.9140625,74264.10874814255,1316387.5,129539.465625,118739.78404959785,10754.35546875,336537.16726591287,2544923.390625,558244.54140625
ga,memory,raw,record,ga_arch_64_32_scaler_standard_opt_adam_batch_64_act_elu_drop_0.2,server/run_2025_12_27/results/ga/memory/raw/record/ga_arch_64_32_scaler_standard_opt_adam_batch_64_act_elu_drop_0.2,64_32,standard_opt_adam_batch_64_act_elu_drop_0,adam_batch_64_act_elu_drop_0,64,elu_drop_0,0.2,64,0.2,29177.066130031253,30475.02708403861,112945.2978747154,65010.28436430896,61704.51090904385,328680.0422902311,19,,,,,,,,,,,,,,,,29177.066130031253,4366.356065750122,65010.28436430896,1197729.5859375,161674.01171875,30475.02708403861,7954.03125,61704.51090904385,666801.2265625,115846.58398437496,112945.2978747154,11017.904296875,328680.0422902311,2501639.859375,539091.0642578128
ga,memory,raw,record,ga_arch_64_32_scaler_standard_opt_adam_batch_64_act_elu_drop_0.3,server/run_2025_12_27/results/ga/memory/raw/record/ga_arch_64_32_scaler_standard_opt_adam_batch_64_act_elu_drop_0.3,64_32,standard_opt_adam_batch_64_act_elu_drop_0,adam_batch_64_act_elu_drop_0,64,elu_drop_0,0.3,64,0.3,26766.50893951531,31010.736250091835,107250.06320295903,61267.41177223019,59926.875604991816,319761.63455854094,21,,,,,,,,,,,,,,,,26766.50893951531,4208.884765625,61267.41177223019,1186887.390625,154640.5,31010.736250091835,8748.076171875,59926.875604991816,650261.3203125,120251.76929473848,107250.06320295903,10604.6669921875,319761.63455854094,2449500.421875,520889.6058593751
ga,memory,raw,record,ga_arch_64_32_scaler_standard_opt_adam_batch_64_act_relu_drop_0.2,server/run_2025_12_27/results/ga/memory/raw/record/ga_arch_64_32_scaler_standard_opt_adam_batch_64_act_relu_drop_0.2,64_32,standard_opt_adam_batch_64_act_relu_drop_0,adam_batch_64_act_relu_drop_0,64,relu_drop_0,0.2,64,0.2,34313.57363166368,34664.50972251256,121217.42304567804,70497.06613692071,75208.80179672016,341144.95819075947,16,,,,,,,,,,,,,,,,34313.57363166368,3944.0380859375,70497.06613692071,1209291.734375,176453.9736328125,34664.50972251256,8533.205078125,75208.80179672016,1260647.75,132525.92968749968,121217.42304567804,6925.10009765625,341144.95819075947,2572495.375,564681.2337890625
ga,memory,raw,record,ga_arch_64_32_scaler_standard_opt_adam_batch_64_act_relu_drop_0.3,server/run_2025_12_27/results/ga/memory/raw/record/ga_arch_64_32_scaler_standard_opt_adam_batch_64_act_relu_drop_0.3,64_32,standard_opt_adam_batch_64_act_relu_drop_0,adam_batch_64_act_relu_drop_0,64,relu_drop_0,0.3,64,0.3,31285.864645455837,32302.067862615557,116576.64200587146,67453.01363352971,71239.48503422324,333905.8434501352,17,,,,,,,,,,,,,,,,31285.864645455837,4463.45849609375,67453.01363352971,1201700.478515625,168199.2763671875,32302.067862615557,8717.240257263184,71239.48503422324,1184538.5,127530.6187499998,116576.64200587146,10107.134765625,333905.8434501352,2532697.09375,551699.76328125
ga,memory,raw,record,ga_arch_64_32_scaler_standard_opt_rmsprop_batch_128_act_elu_drop_0.2,server/run_2025_12_27/results/ga/memory/raw/record/ga_arch_64_32_scaler_standard_opt_rmsprop_batch_128_act_elu_drop_0.2,64_32,standard_opt_rmsprop_batch_128_act_elu_drop_0,rmsprop_batch_128_act_elu_drop_0,128,elu_drop_0,0.2,128,0.2,27410.65774993264,30525.47353098012,108638.02293919752,62495.918126767545,60889.57179144907,322757.6499560816,44,,,,,,,,,,,,,,,,27410.65774993264,4100.66943359375,62495.918126767545,1191894.7890625,157858.939453125,30525.47353098012,7383.296875,60889.57179144907,656877.0625,126987.41249999992,108638.02293919752,9270.92138671875,322757.6499560816,2464010.546875,529819.0175781251
ga,memory,raw,record,ga_arch_64_32_scaler_standard_opt_rmsprop_batch_128_act_elu_drop_0.3,server/run_2025_12_27/results/ga/memory/raw/record/ga_arch_64_32_scaler_standard_opt_rmsprop_batch_128_act_elu_drop_0.3,64_32,standard_opt_rmsprop_batch_128_act_elu_drop_0,rmsprop_batch_128_act_elu_drop_0,128,elu_drop_0,0.3,128,0.3,27389.17867452388,31094.354536924293,108819.0489983312,62294.739780382544,61101.62209209983,321139.2083469156,43,,,,,,,,,,,,,,,,27389.17867452388,4281.102958679199,62294.739780382544,1191887.09375,157384.6982421875,31094.354536924293,7999.515625,61101.62209209983,657241.0078125,124138.8749999998,108819.0489983312,11126.6806640625,321139.2083469156,2455749.953125,528829.488671875
ga,memory,raw,record,ga_arch_64_32_scaler_standard_opt_rmsprop_batch_128_act_relu_drop_0.2,server/run_2025_12_27/results/ga/memory/raw/record/ga_arch_64_32_scaler_standard_opt_rmsprop_batch_128_act_relu_drop_0.2,64_32,standard_opt_rmsprop_batch_128_act_relu_drop_0,rmsprop_batch_128_act_relu_drop_0,128,relu_drop_0,0.2,128,0.2,28588.659299632553,32198.73886221354,110867.51404033102,62393.18359128995,60550.51978091387,320060.1774091166,35,,,,,,,,,,,,,,,,28588.659299632553,6021.840240478516,62393.18359128995,1191283.1953125,158898.4384765625,32198.73886221354,11626.578125,60550.51978091387,657294.44921875,123022.32187499983,110867.51404033102,15072.037109375,320060.1774091166,2452264.40625,532716.1517578131
ga,memory,raw,record,ga_arch_64_32_scaler_standard_opt_rmsprop_batch_128_act_relu_drop_0.3,server/run_2025_12_27/results/ga/memory/raw/record/ga_arch_64_32_scaler_standard_opt_rmsprop_batch_128_act_relu_drop_0.3,64_32,standard_opt_rmsprop_batch_128_act_relu_drop_0,rmsprop_batch_128_act_relu_drop_0,128,relu_drop_0,0.3,128,0.3,28242.143491648807,32105.157054511,110371.80465957342,62191.93378692253,60489.90663511227,319853.0787820609,36,,,,,,,,,,,,,,,,28242.143491648807,5691.84228515625,62191.93378692253,1190532.0546875,158230.72265625,32105.157054511,11652.44140625,60489.90663511227,655663.11328125,121173.875,110371.80465957342,14635.0166015625,319853.0787820609,2452177.96875,531339.4845703128
ga,memory,raw,record,ga_arch_64_32_scaler_standard_opt_rmsprop_batch_64_act_elu_drop_0.2,server/run_2025_12_27/results/ga/memory/raw/record/ga_arch_64_32_scaler_standard_opt_rmsprop_batch_64_act_elu_drop_0.2,64_32,standard_opt_rmsprop_batch_64_act_elu_drop_0,rmsprop_batch_64_act_elu_drop_0,64,elu_drop_0,0.2,64,0.2,26826.80065043303,30734.0815822009,107763.57728817983,61937.39367695596,60723.060708871744,321075.36177050846,28,,,,,,,,,,,,,,,,26826.80065043303,4121.69921875,61937.39367695596,1187538.93359375,155413.630859375,30734.0815822009,7887.6328125,60723.060708871744,653551.0546875,123032.39218749951,107763.57728817983,9526.46728515625,321075.36177050846,2458343.234375,526726.5011718752
ga,memory,raw,record,ga_arch_64_32_scaler_standard_opt_rmsprop_batch_64_act_elu_drop_0.3,server/run_2025_12_27/results/ga/memory/raw/record/ga_arch_64_32_scaler_standard_opt_rmsprop_batch_64_act_elu_drop_0.3,64_32,standard_opt_rmsprop_batch_64_act_elu_drop_0,rmsprop_batch_64_act_elu_drop_0,64,elu_drop_0,0.3,64,0.3,27226.320266937197,30467.377245591753,109351.62510404208,62781.6845920696,60975.928901331434,323809.2501689985,28,,,,,,,,,,,,,,,,27226.320266937197,4137.299842000008,62781.6845920696,1189078.0703125,156241.7080078125,30467.377245591753,7916.341125249863,60975.928901331434,656668.5859375,131641.60312499988,109351.62510404208,10057.70849609375,323809.2501689985,2475256.578125,532301.629882813
ga,memory,raw,record,ga_arch_64_32_scaler_standard_opt_rmsprop_batch_64_act_relu_drop_0.2,server/run_2025_12_27/results/ga/memory/raw/record/ga_arch_64_32_scaler_standard_opt_rmsprop_batch_64_act_relu_drop_0.2,64_32,standard_opt_rmsprop_batch_64_act_relu_drop_0,rmsprop_batch_64_act_relu_drop_0,64,relu_drop_0,0.2,64,0.2,28508.139888032387,32002.526719030888,111116.12881450471,62491.43841590758,60299.76829490996,321223.57178638433,25,,,,,,,,,,,,,,,,28508.139888032387,5874.333019256592,62491.43841590758,1188576.296875,157292.5751953125,32002.526719030888,11804.64453125,60299.76829490996,654397.69140625,126808.44999999995,111116.12881450471,14806.033203125,321223.57178638433,2463363.640625,531541.1863281255
ga,memory,raw,record,ga_arch_64_32_scaler_standard_opt_rmsprop_batch_64_act_relu_drop_0.3,server/run_2025_12_27/results/ga/memory/raw/record/ga_arch_64_32_scaler_standard_opt_rmsprop_batch_64_act_relu_drop_0.3,64_32,standard_opt_rmsprop_batch_64_act_relu_drop_0,rmsprop_batch_64_act_relu_drop_0,64,relu_drop_0,0.3,64,0.3,27999.882001270664,32215.34999327686,110123.87664065268,61722.44954721752,60245.321848917534,319215.0687423546,24,,,,,,,,,,,,,,,,27999.882001270664,5981.962532043457,61722.44954721752,1186154.30859375,155503.3095703125,32215.34999327686,11877.140625,60245.321848917534,651164.25,123920.31874999996,110123.87664065268,14781.4375,319215.0687423546,2452360.75,526999.2740234383
ga,memory,raw,temporal,ga_arch_128_64_scaler_minmax_opt_adam_batch_128_act_elu_drop_0.2,server/run_2025_12_27/results/ga/memory/raw/temporal/ga_arch_128_64_scaler_minmax_opt_adam_batch_128_act_elu_drop_0.2,128_64,minmax_opt_adam_batch_128_act_elu_drop_0,adam_batch_128_act_elu_drop_0,128,elu_drop_0,0.2,128,0.2,13969.6143534504,124787.14872128807,54736.50316661703,26590.27312795614,333135.3865569392,111291.11903964258,100,,,,,,,,,,,,,,,,13969.6143534504,4358.4339599609375,26590.27312795614,1165824.8828125,50984.521484375,124787.14872128807,6372.9617919921875,333135.3865569392,2550026.078125,477254.06874999974,54736.50316661703,5047.674114227295,111291.11903964258,621460.9921875,316754.0753906251
ga,memory,raw,temporal,ga_arch_128_64_scaler_minmax_opt_adam_batch_128_act_elu_drop_0.3,server/run_2025_12_27/results/ga/memory/raw/temporal/ga_arch_128_64_scaler_minmax_opt_adam_batch_128_act_elu_drop_0.3,128_64,minmax_opt_adam_batch_128_act_elu_drop_0,adam_batch_128_act_elu_drop_0,128,elu_drop_0,0.3,128,0.3,14246.992905345483,126106.64965740289,55612.70457996386,26718.03496292441,334013.3004468243,112193.24838637256,100,,,,,,,,,,,,,,,,14246.992905345483,4509.033508300781,26718.03496292441,1166448.0,51740.5244140625,126106.64965740289,7103.427917480469,334013.3004468243,2555896.5,482042.57343749976,55612.70457996386,5668.073699951172,112193.24838637256,625923.6171875,320555.3195312501
ga,memory,raw,temporal,ga_arch_128_64_scaler_minmax_opt_adam_batch_128_act_relu_drop_0.2,server/run_2025_12_27/results/ga/memory/raw/temporal/ga_arch_128_64_scaler_minmax_opt_adam_batch_128_act_relu_drop_0.2,128_64,minmax_opt_adam_batch_128_act_relu_drop_0,adam_batch_128_act_relu_drop_0,128,relu_drop_0,0.2,128,0.2,13672.637315844911,122279.93641638338,53782.770493216754,26932.562028139015,325458.64103608736,106453.43244053613,100,,,,,,,,,,,,,,,,13672.637315844911,3739.6254739761353,26932.562028139015,1172638.28515625,52186.46484375,122279.93641638338,8320.135269165039,325458.64103608736,2505804.96875,459167.59062499966,53782.770493216754,6126.645644187927,106453.43244053613,600318.25,303845.8984375002
ga,memory,raw,temporal,ga_arch_128_64_scaler_minmax_opt_adam_batch_128_act_relu_drop_0.3,server/run_2025_12_27/results/ga/memory/raw/temporal/ga_arch_128_64_scaler_minmax_opt_adam_batch_128_act_relu_drop_0.3,128_64,minmax_opt_adam_batch_128_act_relu_drop_0,adam_batch_128_act_relu_drop_0,128,relu_drop_0,0.3,128,0.3,13122.477472022329,122253.84186752116,53413.01961172739,26983.559313007427,326126.1555273094,106950.12089292452,100,,,,,,,,,,,,,,,,13122.477472022329,2940.323028564453,26983.559313007427,1172148.31640625,51813.2412109375,122253.84186752116,7993.78515625,326126.1555273094,2508318.84375,461123.7749999997,53413.01961172739,5646.889251708984,106950.12089292452,601252.734375,304633.24335937516
ga,memory,raw,temporal,ga_arch_128_64_scaler_minmax_opt_adam_batch_64_act_elu_drop_0.2,server/run_2025_12_27/results/ga/memory/raw/temporal/ga_arch_128_64_scaler_minmax_opt_adam_batch_64_act_elu_drop_0.2,128_64,minmax_opt_adam_batch_64_act_elu_drop_0,adam_batch_64_act_elu_drop_0,64,elu_drop_0,0.2,64,0.2,12934.947675473926,123705.41872934956,53031.62833760996,26476.482135726703,331792.6408121714,110840.78813272272,100,,,,,,,,,,,,,,,,12934.947675473926,2807.8978271484375,26476.482135726703,1166767.76953125,50292.693359375,123705.41872934956,6571.378173828125,331792.6408121714,2537754.046875,467551.97187499824,53031.62833760996,5037.707092285156,110840.78813272272,618159.78125,312911.04023437516
ga,memory,raw,temporal,ga_arch_128_64_scaler_minmax_opt_adam_batch_64_act_elu_drop_0.3,server/run_2025_12_27/results/ga/memory/raw/temporal/ga_arch_128_64_scaler_minmax_opt_adam_batch_64_act_elu_drop_0.3,128_64,minmax_opt_adam_batch_64_act_elu_drop_0,adam_batch_64_act_elu_drop_0,64,elu_drop_0,0.3,64,0.3,12617.659599221826,123892.01899749272,53019.36602118813,26649.790256466455,332980.0665378773,111284.43243308784,100,,,,,,,,,,,,,,,,12617.659599221826,2207.690216064453,26649.790256466455,1168040.15234375,50453.982421875,123892.01899749272,6937.6142578125,332980.0665378773,2547414.5,470561.6921874992,53019.36602118813,5326.529052734375,111284.43243308784,617455.4296875,313949.315625
ga,memory,raw,temporal,ga_arch_128_64_scaler_minmax_opt_adam_batch_64_act_relu_drop_0.2,server/run_2025_12_27/results/ga/memory/raw/temporal/ga_arch_128_64_scaler_minmax_opt_adam_batch_64_act_relu_drop_0.2,128_64,minmax_opt_adam_batch_64_act_relu_drop_0,adam_batch_64_act_relu_drop_0,64,relu_drop_0,0.2,64,0.2,12351.981612121032,120636.2623840776,51947.47930879487,26400.911249365097,324562.1075861213,106125.12614691684,100,,,,,,,,,,,,,,,,12351.981612121032,1888.051513671875,26400.911249365097,1170848.93359375,50370.544921875,120636.2623840776,7006.020751953125,324562.1075861213,2492935.328125,450641.204687496,51947.47930879487,4377.709411621094,106125.12614691684,591877.3828125,301877.708203125
ga,memory,raw,temporal,ga_arch_128_64_scaler_minmax_opt_adam_batch_64_act_relu_drop_0.3,server/run_2025_12_27/results/ga/memory/raw/temporal/ga_arch_128_64_scaler_minmax_opt_adam_batch_64_act_relu_drop_0.3,128_64,minmax_opt_adam_batch_64_act_relu_drop_0,adam_batch_64_act_relu_drop_0,64,relu_drop_0,0.3,64,0.3,12538.486006383651,120647.6515201802,52007.11241472308,26538.268652189177,324731.816129264,105797.31881541958,100,,,,,,,,,,,,,,,,12538.486006383651,1916.2360229492188,26538.268652189177,1170387.4453125,50891.361328125,120647.6515201802,7128.4122314453125,324731.816129264,2496007.328125,451946.89999999694,52007.11241472308,4690.8231201171875,105797.31881541958,592024.8359375,301296.47265625
ga,memory,raw,temporal,ga_arch_128_64_scaler_minmax_opt_rmsprop_batch_128_act_elu_drop_0.2,server/run_2025_12_27/results/ga/memory/raw/temporal/ga_arch_128_64_scaler_minmax_opt_rmsprop_batch_128_act_elu_drop_0.2,128_64,minmax_opt_rmsprop_batch_128_act_elu_drop_0,rmsprop_batch_128_act_elu_drop_0,128,elu_drop_0,0.2,128,0.2,14642.68740395262,125469.35443733072,55723.050414875186,26610.581425508168,333719.748992412,111809.71888936668,100,,,,,,,,,,,,,,,,14642.68740395262,5444.794921875,26610.581425508168,1164793.796875,51118.943359375,125469.35443733072,7425.9619140625,333719.748992412,2553827.65625,481231.1546874995,55723.050414875186,7042.207763671875,111809.71888936668,625829.375,321013.36171875003
ga,memory,raw,temporal,ga_arch_128_64_scaler_minmax_opt_rmsprop_batch_128_act_elu_drop_0.3,server/run_2025_12_27/results/ga/memory/raw/temporal/ga_arch_128_64_scaler_minmax_opt_rmsprop_batch_128_act_elu_drop_0.3,128_64,minmax_opt_rmsprop_batch_128_act_elu_drop_0,rmsprop_batch_128_act_elu_drop_0,128,elu_drop_0,0.3,128,0.3,13254.0858835582,125178.32054279125,54765.402786186154,26943.19895154074,333305.33778818493,111491.59696944928,100,,,,,,,,,,,,,,,,13254.0858835582,2715.931788444519,26943.19895154074,1168081.35546875,51612.19140625,125178.32054279125,7759.438140869141,333305.33778818493,2551937.4375,478821.4171874997,54765.402786186154,5987.321296215057,111491.59696944928,620550.3984375,317144.36328125
ga,memory,raw,temporal,ga_arch_128_64_scaler_minmax_opt_rmsprop_batch_128_act_relu_drop_0.2,server/run_2025_12_27/results/ga/memory/raw/temporal/ga_arch_128_64_scaler_minmax_opt_rmsprop_batch_128_act_relu_drop_0.2,128_64,minmax_opt_rmsprop_batch_128_act_relu_drop_0,rmsprop_batch_128_act_relu_drop_0,128,relu_drop_0,0.2,128,0.2,13465.850935089857,121315.3966914778,53134.96384242868,26908.695085271054,325593.183896754,106168.98977458345,100,,,,,,,,,,,,,,,,13465.850935089857,4004.129638671875,26908.695085271054,1171875.7109375,51667.853515625,121315.3966914778,5887.534423828125,325593.183896754,2505734.140625,459695.65,53134.96384242868,4544.754669189453,106168.98977458345,597211.3359375,303295.05234375014
ga,memory,raw,temporal,ga_arch_128_64_scaler_minmax_opt_rmsprop_batch_128_act_relu_drop_0.3,server/run_2025_12_27/results/ga/memory/raw/temporal/ga_arch_128_64_scaler_minmax_opt_rmsprop_batch_128_act_relu_drop_0.3,128_64,minmax_opt_rmsprop_batch_128_act_relu_drop_0,rmsprop_batch_128_act_relu_drop_0,128,relu_drop_0,0.3,128,0.3,14005.233651956069,123239.95460746122,54744.39883313371,27065.710582410575,326753.0552432397,107424.7335747602,100,,,,,,,,,,,,,,,,14005.233651956069,4051.961853027344,27065.710582410575,1171873.67578125,52354.74182128906,123239.95460746122,8550.33432006836,326753.0552432397,2515242.75,462669.0281249987,54744.39883313371,6325.649658203125,107424.7335747602,606661.28125,306364.03554687515
ga,memory,raw,temporal,ga_arch_128_64_scaler_minmax_opt_rmsprop_batch_64_act_elu_drop_0.2,server/run_2025_12_27/results/ga/memory/raw/temporal/ga_arch_128_64_scaler_minmax_opt_rmsprop_batch_64_act_elu_drop_0.2,128_64,minmax_opt_rmsprop_batch_64_act_elu_drop_0,rmsprop_batch_64_act_elu_drop_0,64,elu_drop_0,0.2,64,0.2,12503.95712605376,122988.81461789316,52660.31902359896,26437.74631073777,330836.39430680743,109982.39738615684,100,,,,,,,,,,,,,,,,12503.95712605376,2481.1324157714844,26437.74631073777,1169781.15234375,50188.83984375,122988.81461789316,6848.079345703125,330836.39430680743,2531597.375,462540.28593749774,52660.31902359896,5162.937194824219,109982.39738615684,610589.4765625,311037.3640625
ga,memory,raw,temporal,ga_arch_128_64_scaler_minmax_opt_rmsprop_batch_64_act_elu_drop_0.3,server/run_2025_12_27/results/ga/memory/raw/temporal/ga_arch_128_64_scaler_minmax_opt_rmsprop_batch_64_act_elu_drop_0.3,128_64,minmax_opt_rmsprop_batch_64_act_elu_drop_0,rmsprop_batch_64_act_elu_drop_0,64,elu_drop_0,0.3,64,0.3,12431.794317676762,123412.0768436796,53065.83348142234,26622.919192396577,332254.24896546116,110615.13828296846,100,,,,,,,,,,,,,,,,12431.794317676762,2031.7106323242188,26622.919192396577,1169727.34765625,50459.91015625,123412.0768436796,7036.079345703125,332254.24896546116,2542442.703125,467604.65781249886,53065.83348142234,5149.588684082031,110615.13828296846,612792.4921875,312598.90078125003
ga,memory,raw,temporal,ga_arch_128_64_scaler_minmax_opt_rmsprop_batch_64_act_relu_drop_0.2,server/run_2025_12_27/results/ga/memory/raw/temporal/ga_arch_128_64_scaler_minmax_opt_rmsprop_batch_64_act_relu_drop_0.2,128_64,minmax_opt_rmsprop_batch_64_act_relu_drop_0,rmsprop_batch_64_act_relu_drop_0,64,relu_drop_0,0.2,64,0.2,12990.860705869409,121373.48613202391,52391.44958236194,26417.489908529016,324020.142679359,105597.73907831324,100,,,,,,,,,,,,,,,,12990.860705869409,3095.8427037000656,26417.489908529016,1172288.12890625,50828.359375,121373.48613202391,8439.484184265137,324020.142679359,2494623.609375,454259.7281249973,52391.44958236194,5549.564313650131,105597.73907831324,588807.203125,302647.17968750006
ga,memory,raw,temporal,ga_arch_128_64_scaler_minmax_opt_rmsprop_batch_64_act_relu_drop_0.3,server/run_2025_12_27/results/ga/memory/raw/temporal/ga_arch_128_64_scaler_minmax_opt_rmsprop_batch_64_act_relu_drop_0.3,128_64,minmax_opt_rmsprop_batch_64_act_relu_drop_0,rmsprop_batch_64_act_relu_drop_0,64,relu_drop_0,0.3,64,0.3,12697.022931038951,121782.49659478282,52354.26015174807,26690.510468334105,325151.2593783681,106537.30928262044,100,,,,,,,,,,,,,,,,12697.022931038951,2659.02685546875,26690.510468334105,1173238.86328125,51378.09375,121782.49659478282,7861.950836181641,325151.2593783681,2500603.90625,457917.02812499774,52354.26015174807,5362.178375244141,106537.30928262044,592778.4375,304632.6367187501
ga,memory,raw,temporal,ga_arch_128_64_scaler_standard_opt_adam_batch_128_act_elu_drop_0.2,server/run_2025_12_27/results/ga/memory/raw/temporal/ga_arch_128_64_scaler_standard_opt_adam_batch_128_act_elu_drop_0.2,128_64,standard_opt_adam_batch_128_act_elu_drop_0,adam_batch_128_act_elu_drop_0,128,elu_drop_0,0.2,128,0.2,13345.673184455578,120523.7761374793,54601.59564496882,27424.74341507693,321687.9706695335,109315.56759139182,40,,,,,,,,,,,,,,,,13345.673184455578,2950.462890625,27424.74341507693,1182414.77734375,52543.681640625,120523.7761374793,8024.453701019287,321687.9706695335,2463228.6875,433090.9656249995,54601.59564496882,5897.303199768066,109315.56759139182,632675.859375,304829.040625
ga,memory,raw,temporal,ga_arch_128_64_scaler_standard_opt_adam_batch_128_act_elu_drop_0.3,server/run_2025_12_27/results/ga/memory/raw/temporal/ga_arch_128_64_scaler_standard_opt_adam_batch_128_act_elu_drop_0.3,128_64,standard_opt_adam_batch_128_act_elu_drop_0,adam_batch_128_act_elu_drop_0,128,elu_drop_0,0.3,128,0.3,13714.790642485035,121559.31585962302,55604.76177984369,28057.667305861516,321619.33026055864,110503.22164153254,38,,,,,,,,,,,,,,,,13714.790642485035,2986.4670938253403,28057.667305861516,1184544.81640625,54594.74609375,121559.31585962302,8146.046875,321619.33026055864,2464836.21875,433214.8718749984,55604.76177984369,5855.456799507141,110503.22164153254,639049.71875,308689.881640625
ga,memory,raw,temporal,ga_arch_128_64_scaler_standard_opt_adam_batch_128_act_relu_drop_0.2,server/run_2025_12_27/results/ga/memory/raw/temporal/ga_arch_128_64_scaler_standard_opt_adam_batch_128_act_relu_drop_0.2,128_64,standard_opt_adam_batch_128_act_relu_drop_0,adam_batch_128_act_relu_drop_0,128,relu_drop_0,0.2,128,0.2,11691.353076778114,112169.14306468314,55648.42500649323,25240.946157641756,296588.8417909843,100104.10632601404,100,,,,,,,,,,,,,,,,11691.353076778114,2411.73583984375,25240.946157641756,1173994.96875,46650.8515625,112169.14306468314,5709.234375,296588.8417909843,2320487.0,425659.23749999766,55648.42500649323,4029.371948242187,100104.10632601404,567770.96875,281866.18828125
ga,memory,raw,temporal,ga_arch_128_64_scaler_standard_opt_adam_batch_128_act_relu_drop_0.3,server/run_2025_12_27/results/ga/memory/raw/temporal/ga_arch_128_64_scaler_standard_opt_adam_batch_128_act_relu_drop_0.3,128_64,standard_opt_adam_batch_128_act_relu_drop_0,adam_batch_128_act_relu_drop_0,128,relu_drop_0,0.3,128,0.3,12188.15410403656,113588.95387003632,55834.90942097934,25648.654531396685,300370.754734674,100795.68903831264,100,,,,,,,,,,,,,,,,12188.15410403656,2707.652587890625,25648.654531396685,1172313.64453125,47816.255859375,113588.95387003632,5505.595703125,300370.754734674,2355763.71875,427587.8062499968,55834.90942097934,3995.923706054687,100795.68903831264,565464.34375,285954.3582031251
ga,memory,raw,temporal,ga_arch_128_64_scaler_standard_opt_adam_batch_64_act_elu_drop_0.2,server/run_2025_12_27/results/ga/memory/raw/temporal/ga_arch_128_64_scaler_standard_opt_adam_batch_64_act_elu_drop_0.2,128_64,standard_opt_adam_batch_64_act_elu_drop_0,adam_batch_64_act_elu_drop_0,64,elu_drop_0,0.2,64,0.2,10880.904136566072,116812.54429874576,54923.73710136968,23695.657738004975,295012.9239903982,99111.99382630728,100,,,,,,,,,,,,,,,,10880.904136566072,2991.0909576416016,23695.657738004975,1176362.703125,40853.08935546875,116812.54429874576,7975.994445800781,295012.9239903982,2252443.96875,390415.31249999715,54923.73710136968,6238.470512390137,99111.99382630728,591995.3359375,272603.71953125007
ga,memory,raw,temporal,ga_arch_128_64_scaler_standard_opt_adam_batch_64_act_elu_drop_0.3,server/run_2025_12_27/results/ga/memory/raw/temporal/ga_arch_128_64_scaler_standard_opt_adam_batch_64_act_elu_drop_0.3,128_64,standard_opt_adam_batch_64_act_elu_drop_0,adam_batch_64_act_elu_drop_0,64,elu_drop_0,0.3,64,0.3,13993.48512545399,122275.16472455238,56366.649090957806,28365.44324470648,321905.8264930432,111116.56228781298,23,,,,,,,,,,,,,,,,13993.48512545399,3209.675512313843,28365.44324470648,1183725.8046875,55277.4345703125,122275.16472455238,8187.680686950684,321905.8264930432,2469273.578125,440218.66562499816,56366.649090957806,5952.301369667053,111116.56228781298,643480.2109375,310517.69453125016
ga,memory,raw,temporal,ga_arch_128_64_scaler_standard_opt_adam_batch_64_act_relu_drop_0.2,server/run_2025_12_27/results/ga/memory/raw/temporal/ga_arch_128_64_scaler_standard_opt_adam_batch_64_act_relu_drop_0.2,128_64,standard_opt_adam_batch_64_act_relu_drop_0,adam_batch_64_act_relu_drop_0,64,relu_drop_0,0.2,64,0.2,11078.33764060073,108119.18846114048,54630.45093754115,24520.165848663237,280404.85113278596,97707.63207958222,100,,,,,,,,,,,,,,,,11078.33764060073,2054.2783203125,24520.165848663237,1172506.30078125,44098.6015625,108119.18846114048,5561.27294921875,280404.85113278596,2213416.125,417758.5624999995,54630.45093754115,3731.264526367187,97707.63207958222,566296.65625,271608.22343750007
ga,memory,raw,temporal,ga_arch_128_64_scaler_standard_opt_adam_batch_64_act_relu_drop_0.3,server/run_2025_12_27/results/ga/memory/raw/temporal/ga_arch_128_64_scaler_standard_opt_adam_batch_64_act_relu_drop_0.3,128_64,standard_opt_adam_batch_64_act_relu_drop_0,adam_batch_64_act_relu_drop_0,64,relu_drop_0,0.3,64,0.3,11131.118909417828,108754.72428405004,55043.72995163173,24767.334885446027,281052.83128044836,98313.16397642904,100,,,,,,,,,,,,,,,,11131.118909417828,2243.586669921875,24767.334885446027,1171977.09375,44209.474609375,108754.72428405004,5666.6953125,281052.83128044836,2227747.15625,409964.2749999977,55043.72995163173,3951.0845947265625,98313.16397642904,563508.921875,274570.3593750001
ga,memory,raw,temporal,ga_arch_128_64_scaler_standard_opt_rmsprop_batch_128_act_elu_drop_0.2,server/run_2025_12_27/results/ga/memory/raw/temporal/ga_arch_128_64_scaler_standard_opt_rmsprop_batch_128_act_elu_drop_0.2,128_64,standard_opt_rmsprop_batch_128_act_elu_drop_0,rmsprop_batch_128_act_elu_drop_0,128,elu_drop_0,0.2,128,0.2,14143.91876607883,122144.52958820638,56185.82630382224,28690.31000646043,322139.61913055985,111349.566498255,39,,,,,,,,,,,,,,,,14143.91876607883,3175.338830471039,28690.31000646043,1182949.16796875,56031.18461704254,122144.52958820638,8208.80431175232,322139.61913055985,2470920.828125,440004.1718749982,56185.82630382224,5979.030045032501,111349.566498255,644110.375,310475.96718750015
ga,memory,raw,temporal,ga_arch_128_64_scaler_standard_opt_rmsprop_batch_128_act_elu_drop_0.3,server/run_2025_12_27/results/ga/memory/raw/temporal/ga_arch_128_64_scaler_standard_opt_rmsprop_batch_128_act_elu_drop_0.3,128_64,standard_opt_rmsprop_batch_128_act_elu_drop_0,rmsprop_batch_128_act_elu_drop_0,128,elu_drop_0,0.3,128,0.3,13941.961463909334,122162.5663395434,56144.21109567706,28559.505431779296,322399.26113638683,111000.952173869,42,,,,,,,,,,,,,,,,13941.961463909334,2935.1807737350464,28559.505431779296,1182816.88671875,55602.0771484375,122162.5663395434,8186.925281524658,322399.26113638683,2473346.46875,441211.11562499823,56144.21109567706,5960.218343734741,111000.952173869,641720.703125,310190.228515625
ga,memory,raw,temporal,ga_arch_128_64_scaler_standard_opt_rmsprop_batch_128_act_relu_drop_0.2,server/run_2025_12_27/results/ga/memory/raw/temporal/ga_arch_128_64_scaler_standard_opt_rmsprop_batch_128_act_relu_drop_0.2,128_64,standard_opt_rmsprop_batch_128_act_relu_drop_0,rmsprop_batch_128_act_relu_drop_0,128,relu_drop_0,0.2,128,0.2,15643.338955819574,121259.85742893962,55326.05576353179,29086.8180193655,320776.9227287759,110157.42618115676,36,,,,,,,,,,,,,,,,15643.338955819574,5517.6943359375,29086.8180193655,1180045.96875,57038.251953125,121259.85742893962,6816.984375,320776.9227287759,2470846.78125,448968.8312499984,55326.05576353179,3996.0706787109375,110157.42618115676,634006.25,307440.1705078126
ga,memory,raw,temporal,ga_arch_128_64_scaler_standard_opt_rmsprop_batch_128_act_relu_drop_0.3,server/run_2025_12_27/results/ga/memory/raw/temporal/ga_arch_128_64_scaler_standard_opt_rmsprop_batch_128_act_relu_drop_0.3,128_64,standard_opt_rmsprop_batch_128_act_relu_drop_0,rmsprop_batch_128_act_relu_drop_0,128,relu_drop_0,0.3,128,0.3,15904.540078665255,122820.68018072388,56836.5290589508,30281.87516102974,320280.2485190604,112513.44627993969,32,,,,,,,,,,,,,,,,15904.540078665255,4703.24609375,30281.87516102974,1184365.73046875,61627.642578125,122820.68018072388,6798.828125,320280.2485190604,2464445.875,452366.18124999834,56836.5290589508,4050.537353515625,112513.44627993969,649886.34375,312689.8546875001
ga,memory,raw,temporal,ga_arch_128_64_scaler_standard_opt_rmsprop_batch_64_act_elu_drop_0.2,server/run_2025_12_27/results/ga/memory/raw/temporal/ga_arch_128_64_scaler_standard_opt_rmsprop_batch_64_act_elu_drop_0.2,128_64,standard_opt_rmsprop_batch_64_act_elu_drop_0,rmsprop_batch_64_act_elu_drop_0,64,elu_drop_0,0.2,64,0.2,14130.184192890074,122481.81285568584,56141.67713823229,28868.436010364116,321910.87210392754,111214.1455274848,28,,,,,,,,,,,,,,,,14130.184192890074,2912.242820739746,28868.436010364116,1181706.78125,56340.1640625,122481.81285568584,8151.5966796875,321910.87210392754,2474024.296875,448046.59374999825,56141.67713823229,6033.990930557251,111214.1455274848,642356.265625,310296.826953125
ga,memory,raw,temporal,ga_arch_128_64_scaler_standard_opt_rmsprop_batch_64_act_elu_drop_0.3,server/run_2025_12_27/results/ga/memory/raw/temporal/ga_arch_128_64_scaler_standard_opt_rmsprop_batch_64_act_elu_drop_0.3,128_64,standard_opt_rmsprop_batch_64_act_elu_drop_0,rmsprop_batch_64_act_elu_drop_0,64,elu_drop_0,0.3,64,0.3,14139.064834886618,122410.05274869683,56038.63466274157,28626.688806373662,322614.4206491415,111178.76880059896,28,,,,,,,,,,,,,,,,14139.064834886618,3168.5660247802734,28626.688806373662,1180911.859375,56232.994140625,122410.05274869683,8217.293285369873,322614.4206491415,2478145.296875,447791.1968749983,56038.63466274157,5941.598977088928,111178.76880059896,641273.7578125,310714.57578125
ga,memory,raw,temporal,ga_arch_128_64_scaler_standard_opt_rmsprop_batch_64_act_relu_drop_0.2,server/run_2025_12_27/results/ga/memory/raw/temporal/ga_arch_128_64_scaler_standard_opt_rmsprop_batch_64_act_relu_drop_0.2,128_64,standard_opt_rmsprop_batch_64_act_relu_drop_0,rmsprop_batch_64_act_relu_drop_0,64,relu_drop_0,0.2,64,0.2,15575.074297678486,121682.95675540347,55750.8742488897,29650.224431085044,320599.61971153645,111044.23089655473,23,,,,,,,,,,,,,,,,15575.074297678486,4789.29931640625,29650.224431085044,1180385.671875,58713.041015625,121682.95675540347,6373.3994140625,320599.61971153645,2470121.9375,454026.5843749984,55750.8742488897,3750.525390625,111044.23089655473,639975.328125,309624.2804687501
ga,memory,raw,temporal,ga_arch_128_64_scaler_standard_opt_rmsprop_batch_64_act_relu_drop_0.3,server/run_2025_12_27/results/ga/memory/raw/temporal/ga_arch_128_64_scaler_standard_opt_rmsprop_batch_64_act_relu_drop_0.3,128_64,standard_opt_rmsprop_batch_64_act_relu_drop_0,rmsprop_batch_64_act_relu_drop_0,64,relu_drop_0,0.3,64,0.3,11636.5364066802,110328.75069841769,55475.795160076574,25246.25986847597,283102.8746908471,98692.93911973172,100,,,,,,,,,,,,,,,,11636.5364066802,2446.73046875,25246.25986847597,1168903.82421875,46391.56915283203,110328.75069841769,5627.77734375,283102.8746908471,2258744.90625,419988.3312499974,55475.795160076574,3806.6455078125,98692.93911973172,556734.265625,278993.23945312505
ga,memory,raw,temporal,ga_arch_64_32_scaler_minmax_opt_adam_batch_128_act_elu_drop_0.2,server/run_2025_12_27/results/ga/memory/raw/temporal/ga_arch_64_32_scaler_minmax_opt_adam_batch_128_act_elu_drop_0.2,64_32,minmax_opt_adam_batch_128_act_elu_drop_0,adam_batch_128_act_elu_drop_0,128,elu_drop_0,0.2,128,0.2,15031.714826219522,127329.31926466586,57014.81264649547,26860.844458959535,336705.31770408346,113221.74679856192,100,,,,,,,,,,,,,,,,15031.714826219522,5886.616943359375,26860.844458959535,1164616.640625,52822.943359375,127329.31926466586,7552.30322265625,336705.31770408346,2575611.9375,488572.5874999987,57014.81264649547,7898.971313476563,113221.74679856192,629009.921875,324815.77539062506
ga,memory,raw,temporal,ga_arch_64_32_scaler_minmax_opt_adam_batch_128_act_elu_drop_0.3,server/run_2025_12_27/results/ga/memory/raw/temporal/ga_arch_64_32_scaler_minmax_opt_adam_batch_128_act_elu_drop_0.3,64_32,minmax_opt_adam_batch_128_act_elu_drop_0,adam_batch_128_act_elu_drop_0,128,elu_drop_0,0.3,128,0.3,14887.38769111794,127955.31127031756,57197.31692194633,27136.08310112904,337489.40048275434,114277.22573999484,100,,,,,,,,,,,,,,,,14887.38769111794,5657.4716796875,27136.08310112904,1165521.1953125,53310.25390625,127955.31127031756,7418.947875976563,337489.40048275434,2578728.6796875,492392.4578124991,57197.31692194633,7881.402587890625,114277.22573999484,632776.0859375,328598.49218750006
ga,memory,raw,temporal,ga_arch_64_32_scaler_minmax_opt_adam_batch_128_act_relu_drop_0.2,server/run_2025_12_27/results/ga/memory/raw/temporal/ga_arch_64_32_scaler_minmax_opt_adam_batch_128_act_relu_drop_0.2,64_32,minmax_opt_adam_batch_128_act_relu_drop_0,adam_batch_128_act_relu_drop_0,128,relu_drop_0,0.2,128,0.2,13938.817340982872,124042.3429817686,55411.981856695296,27094.57877969323,328342.1731270166,108548.06370533688,100,,,,,,,,,,,,,,,,13938.817340982872,3805.72265625,27094.57877969323,1171575.3828125,52471.1357421875,124042.3429817686,8800.618041992188,328342.1731270166,2524182.046875,468926.46874999936,55411.981856695296,6632.116027832031,108548.06370533688,612715.8671875,308304.4824218752
ga,memory,raw,temporal,ga_arch_64_32_scaler_minmax_opt_adam_batch_128_act_relu_drop_0.3,server/run_2025_12_27/results/ga/memory/raw/temporal/ga_arch_64_32_scaler_minmax_opt_adam_batch_128_act_relu_drop_0.3,64_32,minmax_opt_adam_batch_128_act_relu_drop_0,adam_batch_128_act_relu_drop_0,128,relu_drop_0,0.3,128,0.3,14185.235969165258,124854.94893531573,55926.11748387245,27216.32015559063,329089.4116417847,109402.16303808113,100,,,,,,,,,,,,,,,,14185.235969165258,4134.887512207031,27216.32015559063,1172015.56640625,53005.453125,124854.94893531573,8929.367858886719,329089.4116417847,2529146.0625,471990.11249999894,55926.11748387245,6711.904205322266,109402.16303808113,616974.1640625,310904.8246093752
ga,memory,raw,temporal,ga_arch_64_32_scaler_minmax_opt_adam_batch_64_act_elu_drop_0.2,server/run_2025_12_27/results/ga/memory/raw/temporal/ga_arch_64_32_scaler_minmax_opt_adam_batch_64_act_elu_drop_0.2,64_32,minmax_opt_adam_batch_64_act_elu_drop_0,adam_batch_64_act_elu_drop_0,64,elu_drop_0,0.2,64,0.2,12851.111991611597,125212.0171886374,54303.17724443604,26991.216353508997,335001.172860148,112587.8994292963,100,,,,,,,,,,,,,,,,12851.111991611597,2243.2265625,26991.216353508997,1167059.0703125,51458.6796875,125212.0171886374,7114.4820556640625,335001.172860148,2560832.859375,478181.71406249935,54303.17724443604,5292.124572753906,112587.8994292963,623206.4453125,318356.26757812506
ga,memory,raw,temporal,ga_arch_64_32_scaler_minmax_opt_adam_batch_64_act_elu_drop_0.3,server/run_2025_12_27/results/ga/memory/raw/temporal/ga_arch_64_32_scaler_minmax_opt_adam_batch_64_act_elu_drop_0.3,64_32,minmax_opt_adam_batch_64_act_elu_drop_0,adam_batch_64_act_elu_drop_0,64,elu_drop_0,0.3,64,0.3,13307.735584896682,126730.02980989873,55405.56798221108,27179.76754705108,335374.7103865614,113377.08566888663,100,,,,,,,,,,,,,,,,13307.735584896682,2876.7270011901855,27179.76754705108,1167850.84375,52142.419921875,126730.02980989873,8050.53173828125,335374.7103865614,2563603.640625,483433.08281249896,55405.56798221108,5981.361734390259,113377.08566888663,627224.625,323510.198828125
ga,memory,raw,temporal,ga_arch_64_32_scaler_minmax_opt_adam_batch_64_act_relu_drop_0.2,server/run_2025_12_27/results/ga/memory/raw/temporal/ga_arch_64_32_scaler_minmax_opt_adam_batch_64_act_relu_drop_0.2,64_32,minmax_opt_adam_batch_64_act_relu_drop_0,adam_batch_64_act_relu_drop_0,64,relu_drop_0,0.2,64,0.2,13019.707104586209,122320.14753226272,53634.38437500522,27150.923844579575,326800.85238082043,107341.34268487658,100,,,,,,,,,,,,,,,,13019.707104586209,2638.2950439453125,27150.923844579575,1172115.67578125,52009.603515625,122320.14753226272,7229.263549804688,326800.85238082043,2512350.390625,463213.6593749999,53634.38437500522,4919.0028076171875,107341.34268487658,603220.78125,305548.5281250001
ga,memory,raw,temporal,ga_arch_64_32_scaler_minmax_opt_adam_batch_64_act_relu_drop_0.3,server/run_2025_12_27/results/ga/memory/raw/temporal/ga_arch_64_32_scaler_minmax_opt_adam_batch_64_act_relu_drop_0.3,64_32,minmax_opt_adam_batch_64_act_relu_drop_0,adam_batch_64_act_relu_drop_0,64,relu_drop_0,0.3,64,0.3,12777.86018233629,123243.37815037517,54017.36638253035,27100.737883092712,328816.06878798065,108889.38349402344,100,,,,,,,,,,,,,,,,12777.86018233629,2225.067108154297,27100.737883092712,1171072.01171875,51926.2880859375,123243.37815037517,7425.692138671875,328816.06878798065,2522552.921875,468509.0843749992,54017.36638253035,5352.282653808594,108889.38349402344,610301.28125,308755.90976562514
ga,memory,raw,temporal,ga_arch_64_32_scaler_minmax_opt_rmsprop_batch_128_act_elu_drop_0.2,server/run_2025_12_27/results/ga/memory/raw/temporal/ga_arch_64_32_scaler_minmax_opt_rmsprop_batch_128_act_elu_drop_0.2,64_32,minmax_opt_rmsprop_batch_128_act_elu_drop_0,rmsprop_batch_128_act_elu_drop_0,128,elu_drop_0,0.2,128,0.2,13384.8499299034,125961.93792629242,55507.63506600671,27326.453470377644,334949.44729449716,112602.95787819388,100,,,,,,,,,,,,,,,,13384.8499299034,2566.8638305664062,27326.453470377644,1167209.2890625,52365.017578125,125961.93792629242,7446.401000976563,334949.44729449716,2563552.046875,483199.6421874989,55507.63506600671,5691.621192932129,112602.95787819388,624207.59375,320427.675390625
ga,memory,raw,temporal,ga_arch_64_32_scaler_minmax_opt_rmsprop_batch_128_act_elu_drop_0.3,server/run_2025_12_27/results/ga/memory/raw/temporal/ga_arch_64_32_scaler_minmax_opt_rmsprop_batch_128_act_elu_drop_0.3,64_32,minmax_opt_rmsprop_batch_128_act_elu_drop_0,rmsprop_batch_128_act_elu_drop_0,128,elu_drop_0,0.3,128,0.3,15219.619451297,128497.49327406702,57522.784400597506,27269.168391779513,337128.1916195748,114302.19830669064,100,,,,,,,,,,,,,,,,15219.619451297,5922.220947265625,27269.168391779513,1167179.328125,54692.71484375,128497.49327406702,7902.015808105469,337128.1916195748,2578066.203125,494353.8812499992,57522.784400597506,7074.7901611328125,114302.19830669064,632636.1171875,329461.24726562505
ga,memory,raw,temporal,ga_arch_64_32_scaler_minmax_opt_rmsprop_batch_128_act_relu_drop_0.2,server/run_2025_12_27/results/ga/memory/raw/temporal/ga_arch_64_32_scaler_minmax_opt_rmsprop_batch_128_act_relu_drop_0.2,64_32,minmax_opt_rmsprop_batch_128_act_relu_drop_0,rmsprop_batch_128_act_relu_drop_0,128,relu_drop_0,0.2,128,0.2,13862.38213801594,122779.88067642624,54671.69506718462,27630.787574824953,326907.98518876295,108007.61725412984,100,,,,,,,,,,,,,,,,13862.38213801594,4872.350830078125,27630.787574824953,1172713.578125,53108.953125,122779.88067642624,6638.9210205078125,326907.98518876295,2515651.0625,463767.4968749983,54671.69506718462,4786.167694091797,108007.61725412984,609526.4296875,306857.7054687501
ga,memory,raw,temporal,ga_arch_64_32_scaler_minmax_opt_rmsprop_batch_128_act_relu_drop_0.3,server/run_2025_12_27/results/ga/memory/raw/temporal/ga_arch_64_32_scaler_minmax_opt_rmsprop_batch_128_act_relu_drop_0.3,64_32,minmax_opt_rmsprop_batch_128_act_relu_drop_0,rmsprop_batch_128_act_relu_drop_0,128,relu_drop_0,0.3,128,0.3,15063.310767580298,125187.66823654232,56327.81879233529,27459.06188474933,329346.11703119567,109912.97613415014,100,,,,,,,,,,,,,,,,15063.310767580298,6171.830078125,27459.06188474933,1172591.109375,54921.5283203125,125187.66823654232,8100.1435546875,329346.11703119567,2532659.328125,475720.5890624984,56327.81879233529,6104.146667480469,109912.97613415014,619463.4296875,312419.6816406252
ga,memory,raw,temporal,ga_arch_64_32_scaler_minmax_opt_rmsprop_batch_64_act_elu_drop_0.2,server/run_2025_12_27/results/ga/memory/raw/temporal/ga_arch_64_32_scaler_minmax_opt_rmsprop_batch_64_act_elu_drop_0.2,64_32,minmax_opt_rmsprop_batch_64_act_elu_drop_0,rmsprop_batch_64_act_elu_drop_0,64,elu_drop_0,0.2,64,0.2,12710.889459377382,124748.1010159781,54405.85942718532,26994.34261143868,334044.8558545331,111998.64863920648,100,,,,,,,,,,,,,,,,12710.889459377382,2077.2047119140625,26994.34261143868,1169395.68359375,51402.275390625,124748.1010159781,7194.489013671875,334044.8558545331,2554090.390625,477512.1374999999,54405.85942718532,5312.818908691406,111998.64863920648,620372.234375,317520.31562500005
ga,memory,raw,temporal,ga_arch_64_32_scaler_minmax_opt_rmsprop_batch_64_act_elu_drop_0.3,server/run_2025_12_27/results/ga/memory/raw/temporal/ga_arch_64_32_scaler_minmax_opt_rmsprop_batch_64_act_elu_drop_0.3,64_32,minmax_opt_rmsprop_batch_64_act_elu_drop_0,rmsprop_batch_64_act_elu_drop_0,64,elu_drop_0,0.3,64,0.3,13418.077986004548,126717.60552927098,55646.57118595146,27149.679572338497,335983.99638274114,113433.99660959968,100,,,,,,,,,,,,,,,,13418.077986004548,3092.705062866211,27149.679572338497,1168718.8515625,52158.2890625,126717.60552927098,8183.275798797607,335983.99638274114,2568599.03125,482763.16718749853,55646.57118595146,5904.912641525269,113433.99660959968,626195.8984375,322946.55664062506
ga,memory,raw,temporal,ga_arch_64_32_scaler_minmax_opt_rmsprop_batch_64_act_relu_drop_0.2,server/run_2025_12_27/results/ga/memory/raw/temporal/ga_arch_64_32_scaler_minmax_opt_rmsprop_batch_64_act_relu_drop_0.2,64_32,minmax_opt_rmsprop_batch_64_act_relu_drop_0,rmsprop_batch_64_act_relu_drop_0,64,relu_drop_0,0.2,64,0.2,13207.486910437525,123203.58412323194,54088.578546032935,26946.55255664621,327528.4322958613,107786.71877848744,100,,,,,,,,,,,,,,,,13207.486910437525,2982.559471130371,26946.55255664621,1171987.953125,51909.0,123203.58412323194,8269.261024475098,327528.4322958613,2517392.765625,466558.29062499973,54088.578546032935,6027.965930938721,107786.71877848744,605135.1328125,307254.60976562515
ga,memory,raw,temporal,ga_arch_64_32_scaler_minmax_opt_rmsprop_batch_64_act_relu_drop_0.3,server/run_2025_12_27/results/ga/memory/raw/temporal/ga_arch_64_32_scaler_minmax_opt_rmsprop_batch_64_act_relu_drop_0.3,64_32,minmax_opt_rmsprop_batch_64_act_relu_drop_0,rmsprop_batch_64_act_relu_drop_0,64,relu_drop_0,0.3,64,0.3,13083.748163872107,123204.58940639668,53967.18452739471,27243.23858241349,327560.375514662,108030.73244202208,100,,,,,,,,,,,,,,,,13083.748163872107,2795.5682678222656,27243.23858241349,1172969.26953125,52757.326171875,123204.58940639668,7813.890197753906,327560.375514662,2517791.5625,466507.9281249996,53967.18452739471,5525.522003173828,108030.73244202208,605349.6875,307878.22890625015
ga,memory,raw,temporal,ga_arch_64_32_scaler_standard_opt_adam_batch_128_act_elu_drop_0.2,server/run_2025_12_27/results/ga/memory/raw/temporal/ga_arch_64_32_scaler_standard_opt_adam_batch_128_act_elu_drop_0.2,64_32,standard_opt_adam_batch_128_act_elu_drop_0,adam_batch_128_act_elu_drop_0,128,elu_drop_0,0.2,128,0.2,13987.491656635424,121951.44947470464,56162.80571968847,28513.777192393132,320665.7735730662,110831.08509173566,48,,,,,,,,,,,,,,,,13987.491656635424,3048.993127822876,28513.777192393132,1186505.625,55603.7265625,121951.44947470464,8244.52734375,320665.7735730662,2458944.53125,432459.9124999982,56162.80571968847,6005.346497535706,110831.08509173566,642847.5703125,309000.6457031252
ga,memory,raw,temporal,ga_arch_64_32_scaler_standard_opt_adam_batch_128_act_elu_drop_0.3,server/run_2025_12_27/results/ga/memory/raw/temporal/ga_arch_64_32_scaler_standard_opt_adam_batch_128_act_elu_drop_0.3,64_32,standard_opt_adam_batch_128_act_elu_drop_0,adam_batch_128_act_elu_drop_0,128,elu_drop_0,0.3,128,0.3,13976.685914769909,123039.506626449,56455.45342705513,28641.532543559384,322362.98750418867,111999.66252420336,53,,,,,,,,,,,,,,,,13976.685914769909,2930.4625477790833,28641.532543559384,1187606.46484375,57012.57421875,123039.506626449,8195.59527349472,322362.98750418867,2468782.203125,438071.39999999816,56455.45342705513,5955.331162810326,111999.66252420336,646425.5703125,312609.8523437502
ga,memory,raw,temporal,ga_arch_64_32_scaler_standard_opt_adam_batch_128_act_relu_drop_0.2,server/run_2025_12_27/results/ga/memory/raw/temporal/ga_arch_64_32_scaler_standard_opt_adam_batch_128_act_relu_drop_0.2,64_32,standard_opt_adam_batch_128_act_relu_drop_0,adam_batch_128_act_relu_drop_0,128,relu_drop_0,0.2,128,0.2,13111.624330574146,117384.9878396135,53751.49211530465,26258.694521069487,313474.4627670373,103393.05015236553,100,,,,,,,,,,,,,,,,13111.624330574146,3521.47265625,26258.694521069487,1173939.26953125,50043.314453125,117384.9878396135,5959.995849609375,313474.4627670373,2433976.875,443075.5437499977,53751.49211530465,4339.960205078125,103393.05015236553,579930.0,297255.3718750001
ga,memory,raw,temporal,ga_arch_64_32_scaler_standard_opt_adam_batch_128_act_relu_drop_0.3,server/run_2025_12_27/results/ga/memory/raw/temporal/ga_arch_64_32_scaler_standard_opt_adam_batch_128_act_relu_drop_0.3,64_32,standard_opt_adam_batch_128_act_relu_drop_0,adam_batch_128_act_relu_drop_0,128,relu_drop_0,0.3,128,0.3,12997.409325523591,117224.94734833715,54321.62787485571,26220.533395752263,312647.23573654686,103186.02661247068,100,,,,,,,,,,,,,,,,12997.409325523591,3406.9453125,26220.533395752263,1174119.65234375,49384.1142578125,117224.94734833715,5892.4046630859375,312647.23573654686,2429096.96875,443104.9031249973,54321.62787485571,4270.7919921875,103186.02661247068,577494.140625,297358.02500000014
ga,memory,raw,temporal,ga_arch_64_32_scaler_standard_opt_adam_batch_64_act_elu_drop_0.2,server/run_2025_12_27/results/ga/memory/raw/temporal/ga_arch_64_32_scaler_standard_opt_adam_batch_64_act_elu_drop_0.2,64_32,standard_opt_adam_batch_64_act_elu_drop_0,adam_batch_64_act_elu_drop_0,64,elu_drop_0,0.2,64,0.2,13447.652243945242,121180.42965342074,54953.95601642795,27562.243560012983,322398.14107926865,109456.7801657435,36,,,,,,,,,,,,,,,,13447.652243945242,2975.019401550293,27562.243560012983,1181554.70703125,52816.46484375,121180.42965342074,8097.726558685303,322398.14107926865,2471994.734375,438450.83437499934,54953.95601642795,5992.222528457642,109456.7801657435,631179.1328125,306974.60625
ga,memory,raw,temporal,ga_arch_64_32_scaler_standard_opt_adam_batch_64_act_elu_drop_0.3,server/run_2025_12_27/results/ga/memory/raw/temporal/ga_arch_64_32_scaler_standard_opt_adam_batch_64_act_elu_drop_0.3,64_32,standard_opt_adam_batch_64_act_elu_drop_0,adam_batch_64_act_elu_drop_0,64,elu_drop_0,0.3,64,0.3,14197.694427960208,123426.8095832822,56765.26285878892,28900.708746633216,322208.52661986084,112130.5342153928,30,,,,,,,,,,,,,,,,14197.694427960208,2971.003663301468,28900.708746633216,1185540.3125,57455.119140625,123426.8095832822,8284.271748065948,322208.52661986084,2473018.953125,447385.49687499827,56765.26285878892,6085.429707527161,112130.5342153928,645786.4140625,313357.21640625
ga,memory,raw,temporal,ga_arch_64_32_scaler_standard_opt_adam_batch_64_act_relu_drop_0.2,server/run_2025_12_27/results/ga/memory/raw/temporal/ga_arch_64_32_scaler_standard_opt_adam_batch_64_act_relu_drop_0.2,64_32,standard_opt_adam_batch_64_act_relu_drop_0,adam_batch_64_act_relu_drop_0,64,relu_drop_0,0.2,64,0.2,11896.789944696837,113324.726224652,56032.89396378237,25509.373633513627,300030.061203238,100975.33586288788,100,,,,,,,,,,,,,,,,11896.789944696837,2418.0023193359375,25509.373633513627,1173066.359375,47197.349609375,113324.726224652,6037.453125,300030.061203238,2349864.34375,424801.2968749971,56032.89396378237,4199.28515625,100975.33586288788,567854.859375,286274.5531250001
ga,memory,raw,temporal,ga_arch_64_32_scaler_standard_opt_adam_batch_64_act_relu_drop_0.3,server/run_2025_12_27/results/ga/memory/raw/temporal/ga_arch_64_32_scaler_standard_opt_adam_batch_64_act_relu_drop_0.3,64_32,standard_opt_adam_batch_64_act_relu_drop_0,adam_batch_64_act_relu_drop_0,64,relu_drop_0,0.3,64,0.3,12152.856449175204,114932.271227189,56262.29267564648,25824.159879680145,304353.0367683462,101968.8737220486,100,,,,,,,,,,,,,,,,12152.856449175204,2743.9267578125,25824.159879680145,1173576.98046875,48029.677734375,114932.271227189,5858.651611328125,304353.0367683462,2378893.59375,433699.0624999963,56262.29267564648,4446.928527832031,101968.8737220486,570402.6875,291687.30429687514
ga,memory,raw,temporal,ga_arch_64_32_scaler_standard_opt_rmsprop_batch_128_act_elu_drop_0.2,server/run_2025_12_27/results/ga/memory/raw/temporal/ga_arch_64_32_scaler_standard_opt_rmsprop_batch_128_act_elu_drop_0.2,64_32,standard_opt_rmsprop_batch_128_act_elu_drop_0,rmsprop_batch_128_act_elu_drop_0,128,elu_drop_0,0.2,128,0.2,14027.62697146456,122516.87380792997,56452.527560619536,28766.66865123268,322131.158295528,111683.45119954116,62,,,,,,,,,,,,,,,,14027.62697146456,2917.6471977233887,28766.66865123268,1184951.71875,56328.3017578125,122516.87380792997,8240.820537567139,322131.158295528,2469381.59375,439010.2093749982,56452.527560619536,5941.87652015686,111683.45119954116,646253.6796875,311063.0921875002
ga,memory,raw,temporal,ga_arch_64_32_scaler_standard_opt_rmsprop_batch_128_act_elu_drop_0.3,server/run_2025_12_27/results/ga/memory/raw/temporal/ga_arch_64_32_scaler_standard_opt_rmsprop_batch_128_act_elu_drop_0.3,64_32,standard_opt_rmsprop_batch_128_act_elu_drop_0,rmsprop_batch_128_act_elu_drop_0,128,elu_drop_0,0.3,128,0.3,14462.713567918208,123894.42150531264,57160.36026279849,29443.274949080977,322555.8845212818,112973.72357434864,56,,,,,,,,,,,,,,,,14462.713567918208,2919.0751547813416,29443.274949080977,1186472.359375,59039.7607421875,123894.42150531264,8246.009593009949,322555.8845212818,2474192.3125,448985.20312499825,57160.36026279849,6086.3776297569275,112973.72357434864,651333.859375,314823.61757812515
ga,memory,raw,temporal,ga_arch_64_32_scaler_standard_opt_rmsprop_batch_128_act_relu_drop_0.2,server/run_2025_12_27/results/ga/memory/raw/temporal/ga_arch_64_32_scaler_standard_opt_rmsprop_batch_128_act_relu_drop_0.2,64_32,standard_opt_rmsprop_batch_128_act_relu_drop_0,rmsprop_batch_128_act_relu_drop_0,128,relu_drop_0,0.2,128,0.2,15857.56051732981,122787.27778123392,56736.60906677638,30069.270154758815,320648.7205528731,112434.74782972304,44,,,,,,,,,,,,,,,,15857.56051732981,4823.3173828125,30069.270154758815,1184418.484375,60400.61328125,122787.27778123392,6696.40625,320648.7205528731,2466703.046875,452790.91562499834,56736.60906677638,3975.927978515625,112434.74782972304,648666.90625,312435.230078125
ga,memory,raw,temporal,ga_arch_64_32_scaler_standard_opt_rmsprop_batch_128_act_relu_drop_0.3,server/run_2025_12_27/results/ga/memory/raw/temporal/ga_arch_64_32_scaler_standard_opt_rmsprop_batch_128_act_relu_drop_0.3,64_32,standard_opt_rmsprop_batch_128_act_relu_drop_0,rmsprop_batch_128_act_relu_drop_0,128,relu_drop_0,0.3,128,0.3,15572.13747858481,122346.88474312532,55684.73695581728,29458.795982768912,321625.77678466367,111421.99720602768,52,,,,,,,,,,,,,,,,15572.13747858481,4973.292724609375,29458.795982768912,1181782.23828125,58985.57421875,122346.88474312532,6661.5654296875,321625.77678466367,2475133.34375,454380.8749999984,55684.73695581728,3928.351440429687,111421.99720602768,639681.734375,310433.9005859376
ga,memory,raw,temporal,ga_arch_64_32_scaler_standard_opt_rmsprop_batch_64_act_elu_drop_0.2,server/run_2025_12_27/results/ga/memory/raw/temporal/ga_arch_64_32_scaler_standard_opt_rmsprop_batch_64_act_elu_drop_0.2,64_32,standard_opt_rmsprop_batch_64_act_elu_drop_0,rmsprop_batch_64_act_elu_drop_0,64,elu_drop_0,0.2,64,0.2,14271.757827482925,123001.68075409392,56490.977619036945,29127.420066657287,321768.09704631596,111773.67186702398,35,,,,,,,,,,,,,,,,14271.757827482925,2950.3303632736206,29127.420066657287,1183583.42578125,56930.0947265625,123001.68075409392,8235.892623901367,321768.09704631596,2472691.796875,449463.9687499983,56490.977619036945,6129.637697219849,111773.67186702398,645240.7890625,311571.97734375
ga,memory,raw,temporal,ga_arch_64_32_scaler_standard_opt_rmsprop_batch_64_act_elu_drop_0.3,server/run_2025_12_27/results/ga/memory/raw/temporal/ga_arch_64_32_scaler_standard_opt_rmsprop_batch_64_act_elu_drop_0.3,64_32,standard_opt_rmsprop_batch_64_act_elu_drop_0,rmsprop_batch_64_act_elu_drop_0,64,elu_drop_0,0.3,64,0.3,14384.572649101938,123830.17569397064,56683.669131925926,29366.00487563515,322600.09047724627,112607.39196835885,37,,,,,,,,,,,,,,,,14384.572649101938,2887.48459815979,29366.00487563515,1184353.21875,58442.4228515625,123830.17569397064,8252.092014312744,322600.09047724627,2478051.78125,453771.0656249983,56683.669131925926,6104.627395629883,112607.39196835885,647114.828125,313915.801953125
ga,memory,raw,temporal,ga_arch_64_32_scaler_standard_opt_rmsprop_batch_64_act_relu_drop_0.2,server/run_2025_12_27/results/ga/memory/raw/temporal/ga_arch_64_32_scaler_standard_opt_rmsprop_batch_64_act_relu_drop_0.2,64_32,standard_opt_rmsprop_batch_64_act_relu_drop_0,rmsprop_batch_64_act_relu_drop_0,64,relu_drop_0,0.2,64,0.2,12275.012620508616,114294.15424529416,56173.504914707155,25762.76346630445,301763.8946085673,101260.93034449896,100,,,,,,,,,,,,,,,,12275.012620508616,2796.486083984375,25762.76346630445,1172015.5078125,48410.607421875,114294.15424529416,5641.753662109375,301763.8946085673,2366872.5,434381.7093749967,56173.504914707155,4019.5413818359375,101260.93034449896,566051.875,288077.81562500016
ga,memory,raw,temporal,ga_arch_64_32_scaler_standard_opt_rmsprop_batch_64_act_relu_drop_0.3,server/run_2025_12_27/results/ga/memory/raw/temporal/ga_arch_64_32_scaler_standard_opt_rmsprop_batch_64_act_relu_drop_0.3,64_32,standard_opt_rmsprop_batch_64_act_relu_drop_0,rmsprop_batch_64_act_relu_drop_0,64,relu_drop_0,0.3,64,0.3,12346.296066828438,115214.4441699386,56107.87730482116,25940.293017582306,304303.5428430569,102050.57649484467,100,,,,,,,,,,,,,,,,12346.296066828438,2804.9091796875,25940.293017582306,1172841.94921875,48443.4453125,115214.4441699386,5603.92138671875,304303.5428430569,2381704.34375,438913.3062499969,56107.87730482116,4088.62744140625,102050.57649484467,569316.796875,291988.6921875001
pcsa,cpu,raw,record,pcsa_arch_128_64_scaler_minmax_opt_adam_batch_128_act_elu_drop_0.2,server/run_2025_12_27/results/pcsa/cpu/raw/record/pcsa_arch_128_64_scaler_minmax_opt_adam_batch_128_act_elu_drop_0.2,128_64,minmax_opt_adam_batch_128_act_elu_drop_0,adam_batch_128_act_elu_drop_0,128,elu_drop_0,0.2,128,0.2,344.8057256418992,672.0638417976403,878.2044479735983,1188.4425117713165,1654.334660122025,1200.6494178297269,45,344.8057256418992,140.25143432617188,1188.4425117713165,31328.9580078125,923.1060699462888,672.0638417976403,185.4445037841797,1654.334660122025,17498.435546875,3888.2632812499687,878.2044479735983,485.4591674804687,1200.6494178297269,22183.1328125,3474.27783203125,,,,,,,,,,,,,,,
pcsa,cpu,raw,record,pcsa_arch_128_64_scaler_minmax_opt_adam_batch_128_act_elu_drop_0.3,server/run_2025_12_27/results/pcsa/cpu/raw/record/pcsa_arch_128_64_scaler_minmax_opt_adam_batch_128_act_elu_drop_0.3,128_64,minmax_opt_adam_batch_128_act_elu_drop_0,adam_batch_128_act_elu_drop_0,128,elu_drop_0,0.3,128,0.3,394.7724464725267,704.9224856074701,1372.0735417114793,1372.3349836925834,1644.328127513363,1854.6708291621444,32,394.7724464725267,142.63272094726562,1372.3349836925834,33568.7568359375,1131.6428192138671,704.9224856074701,205.19561767578125,1644.328127513363,20871.9365234375,3687.448510742182,1372.0735417114793,461.0358276367187,1854.6708291621444,12806.50634765625,5348.07763671875,,,,,,,,,,,,,,,
pcsa,cpu,raw,record,pcsa_arch_128_64_scaler_minmax_opt_adam_batch_128_act_relu_drop_0.2,server/run_2025_12_27/results/pcsa/cpu/raw/record/pcsa_arch_128_64_scaler_minmax_opt_adam_batch_128_act_relu_drop_0.2,128_64,minmax_opt_adam_batch_128_act_relu_drop_0,adam_batch_128_act_relu_drop_0,128,relu_drop_0,0.2,128,0.2,370.4833100871896,678.2195093328303,1596.8585159356758,1318.1461783382176,1596.7798292418895,1873.9102182328768,38,370.4833100871896,118.07154846191406,1318.1461783382176,34554.32373046875,1139.89878540039,678.2195093328303,184.2364501953125,1596.7798292418895,20500.9658203125,2587.4140380859344,1596.8585159356758,842.8939819335938,1873.9102182328768,14097.35595703125,5217.3310546875,,,,,,,,,,,,,,,
pcsa,cpu,raw,record,pcsa_arch_128_64_scaler_minmax_opt_adam_batch_128_act_relu_drop_0.3,server/run_2025_12_27/results/pcsa/cpu/raw/record/pcsa_arch_128_64_scaler_minmax_opt_adam_batch_128_act_relu_drop_0.3,128_64,minmax_opt_adam_batch_128_act_relu_drop_0,adam_batch_128_act_relu_drop_0,128,relu_drop_0,0.3,128,0.3,375.83003173943433,752.4749618733565,1723.1151446348597,1345.2344575912202,1567.9471109329436,1977.3487242526608,37,375.83003173943433,108.30682373046876,1345.2344575912202,34295.4287109375,1176.0020446777344,752.4749618733565,291.0682067871094,1567.9471109329436,20979.6259765625,2414.3980712890584,1723.1151446348597,954.0428466796876,1977.3487242526608,13116.38916015625,5622.16015625,,,,,,,,,,,,,,,
pcsa,cpu,raw,record,pcsa_arch_128_64_scaler_minmax_opt_adam_batch_64_act_elu_drop_0.2,server/run_2025_12_27/results/pcsa/cpu/raw/record/pcsa_arch_128_64_scaler_minmax_opt_adam_batch_64_act_elu_drop_0.2,128_64,minmax_opt_adam_batch_64_act_elu_drop_0,adam_batch_64_act_elu_drop_0,64,elu_drop_0,0.2,64,0.2,406.17520762750223,707.8906002176219,1511.2036913973543,1448.9998170722606,1629.3821916715672,1951.5970892192288,22,406.17520762750223,136.9427490234375,1448.9998170722606,34978.1865234375,1143.8967590332031,707.8906002176219,220.83282470703125,1629.3821916715672,22646.8935546875,2622.4056640624913,1511.2036913973543,450.8009948730469,1951.5970892192288,13927.47314453125,5541.79345703125,,,,,,,,,,,,,,,
pcsa,cpu,raw,record,pcsa_arch_128_64_scaler_minmax_opt_adam_batch_64_act_elu_drop_0.3,server/run_2025_12_27/results/pcsa/cpu/raw/record/pcsa_arch_128_64_scaler_minmax_opt_adam_batch_64_act_elu_drop_0.3,128_64,minmax_opt_adam_batch_64_act_elu_drop_0,adam_batch_64_act_elu_drop_0,64,elu_drop_0,0.3,64,0.3,349.46267007272047,691.6385136069175,908.4234496754664,1229.3312242124491,1652.0030225112005,1308.8262597948692,34,349.46267007272047,135.35446166992188,1229.3312242124491,32717.88330078125,1032.4474548339842,691.6385136069175,214.65757751464844,1652.0030225112005,18161.4453125,3538.896484375,908.4234496754664,374.75054931640625,1308.8262597948692,20238.2109375,3671.369873046875,,,,,,,,,,,,,,,
pcsa,cpu,raw,record,pcsa_arch_128_64_scaler_minmax_opt_adam_batch_64_act_relu_drop_0.2,server/run_2025_12_27/results/pcsa/cpu/raw/record/pcsa_arch_128_64_scaler_minmax_opt_adam_batch_64_act_relu_drop_0.2,128_64,minmax_opt_adam_batch_64_act_relu_drop_0,adam_batch_64_act_relu_drop_0,64,relu_drop_0,0.2,64,0.2,366.123825881303,644.742204038626,1637.5190902270786,1341.27712697403,1587.4664502274024,1951.1001101627296,29,366.123825881303,111.30886840820312,1341.27712697403,34982.970703125,1076.4009124755858,644.742204038626,229.6943817138672,1587.4664502274024,20974.8740234375,1947.4665527343568,1637.5190902270786,837.5763549804688,1951.1001101627296,14118.21337890625,5523.521484375,,,,,,,,,,,,,,,
pcsa,cpu,raw,record,pcsa_arch_128_64_scaler_minmax_opt_adam_batch_64_act_relu_drop_0.3,server/run_2025_12_27/results/pcsa/cpu/raw/record/pcsa_arch_128_64_scaler_minmax_opt_adam_batch_64_act_relu_drop_0.3,128_64,minmax_opt_adam_batch_64_act_relu_drop_0,adam_batch_64_act_relu_drop_0,64,relu_drop_0,0.3,64,0.3,357.441407964724,787.3739138851345,1442.831779564871,1259.6672252088658,1582.5832936101851,1620.246291534934,36,357.441407964724,108.11341857910156,1259.6672252088658,33599.2451171875,1164.8655700683594,787.3739138851345,367.13427734375,1582.5832936101851,19649.4443359375,2644.3184082031185,1442.831779564871,845.6613159179688,1620.246291534934,16606.767578125,4423.78564453125,,,,,,,,,,,,,,,
pcsa,cpu,raw,record,pcsa_arch_128_64_scaler_minmax_opt_rmsprop_batch_128_act_elu_drop_0.2,server/run_2025_12_27/results/pcsa/cpu/raw/record/pcsa_arch_128_64_scaler_minmax_opt_rmsprop_batch_128_act_elu_drop_0.2,128_64,minmax_opt_rmsprop_batch_128_act_elu_drop_0,rmsprop_batch_128_act_elu_drop_0,128,elu_drop_0,0.2,128,0.2,316.48195863123203,712.7261786302429,667.7874614319221,1090.8426859736264,1619.5558521510352,1105.0434259822746,83,316.48195863123203,142.00570678710938,1090.8426859736264,39446.375,828.6381958007805,712.7261786302429,259.6573791503906,1619.5558521510352,15707.19140625,4175.546459960892,667.7874614319221,430.188232421875,1105.0434259822746,27847.375,2078.466796875,,,,,,,,,,,,,,,
pcsa,cpu,raw,record,pcsa_arch_128_64_scaler_minmax_opt_rmsprop_batch_128_act_elu_drop_0.3,server/run_2025_12_27/results/pcsa/cpu/raw/record/pcsa_arch_128_64_scaler_minmax_opt_rmsprop_batch_128_act_elu_drop_0.3,128_64,minmax_opt_rmsprop_batch_128_act_elu_drop_0,rmsprop_batch_128_act_elu_drop_0,128,elu_drop_0,0.3,128,0.3,353.30874064217284,679.2395216502366,996.989755667857,1242.019514753302,1646.469919097024,1197.2873684205265,47,353.30874064217284,125.5107421875,1242.019514753302,35582.5615234375,1053.1421325683586,679.2395216502366,144.81790161132812,1646.469919097024,19200.5009765625,3611.9443168640137,996.989755667857,605.6644287109375,1197.2873684205265,17594.26953125,3406.0498046875,,,,,,,,,,,,,,,
pcsa,cpu,raw,record,pcsa_arch_128_64_scaler_minmax_opt_rmsprop_batch_128_act_relu_drop_0.2,server/run_2025_12_27/results/pcsa/cpu/raw/record/pcsa_arch_128_64_scaler_minmax_opt_rmsprop_batch_128_act_relu_drop_0.2,128_64,minmax_opt_rmsprop_batch_128_act_relu_drop_0,rmsprop_batch_128_act_relu_drop_0,128,relu_drop_0,0.2,128,0.2,401.392232612975,718.4340012457677,1834.5078865150508,1419.3696540524757,1531.5610431947582,2120.762494555998,36,401.392232612975,135.23504638671875,1419.3696540524757,35721.00390625,1023.2303253173816,718.4340012457677,319.02178955078125,1531.5610431947582,22122.6640625,2010.142205810515,1834.5078865150508,905.5902709960938,2120.762494555998,14982.3369140625,6207.97265625,,,,,,,,,,,,,,,
pcsa,cpu,raw,record,pcsa_arch_128_64_scaler_minmax_opt_rmsprop_batch_128_act_relu_drop_0.3,server/run_2025_12_27/results/pcsa/cpu/raw/record/pcsa_arch_128_64_scaler_minmax_opt_rmsprop_batch_128_act_relu_drop_0.3,128_64,minmax_opt_rmsprop_batch_128_act_relu_drop_0,rmsprop_batch_128_act_relu_drop_0,128,relu_drop_0,0.3,128,0.3,369.560710349047,630.4286193953786,1489.7147878686606,1290.135465938691,1557.4320558858878,1714.1018817943295,52,369.560710349047,132.80117797851562,1290.135465938691,35053.37109375,1056.7786254882812,630.4286193953786,169.75453186035156,1557.4320558858878,19802.4765625,2044.9027542114256,1489.7147878686606,720.4509887695312,1714.1018817943295,14849.40234375,5061.443359375,,,,,,,,,,,,,,,
pcsa,cpu,raw,record,pcsa_arch_128_64_scaler_minmax_opt_rmsprop_batch_64_act_elu_drop_0.2,server/run_2025_12_27/results/pcsa/cpu/raw/record/pcsa_arch_128_64_scaler_minmax_opt_rmsprop_batch_64_act_elu_drop_0.2,128_64,minmax_opt_rmsprop_batch_64_act_elu_drop_0,rmsprop_batch_64_act_elu_drop_0,64,elu_drop_0,0.2,64,0.2,339.17280048661826,644.3472464546514,682.4208202072117,1158.3292842508995,1599.7016195864408,951.33295190356,48,339.17280048661826,153.05889892578125,1158.3292842508995,43061.625,836.3518127441401,644.3472464546514,144.16067504882812,1599.7016195864408,15562.71484375,3618.827989578247,682.4208202072117,500.42041015625,951.33295190356,28837.94921875,1787.18359375,,,,,,,,,,,,,,,
pcsa,cpu,raw,record,pcsa_arch_128_64_scaler_minmax_opt_rmsprop_batch_64_act_elu_drop_0.3,server/run_2025_12_27/results/pcsa/cpu/raw/record/pcsa_arch_128_64_scaler_minmax_opt_rmsprop_batch_64_act_elu_drop_0.3,128_64,minmax_opt_rmsprop_batch_64_act_elu_drop_0,rmsprop_batch_64_act_elu_drop_0,64,elu_drop_0,0.3,64,0.3,397.47349415322697,666.7921029419734,1438.1675372921063,1413.8650570002692,1616.088365376103,1765.4274370812118,29,397.47349415322697,125.14892578125,1413.8650570002692,34747.83642578125,1104.1829254150389,666.7921029419734,151.5178337097168,1616.088365376103,22098.2451171875,2965.982739257812,1438.1675372921063,670.5938262939453,1765.4274370812118,13616.36474609375,5259.5771484375,,,,,,,,,,,,,,,
pcsa,cpu,raw,record,pcsa_arch_128_64_scaler_minmax_opt_rmsprop_batch_64_act_relu_drop_0.2,server/run_2025_12_27/results/pcsa/cpu/raw/record/pcsa_arch_128_64_scaler_minmax_opt_rmsprop_batch_64_act_relu_drop_0.2,128_64,minmax_opt_rmsprop_batch_64_act_relu_drop_0,rmsprop_batch_64_act_relu_drop_0,64,relu_drop_0,0.2,64,0.2,401.4076006849437,729.7667826273598,1879.0981116564628,1431.2641080386709,1518.2983765507713,2197.186584297007,28,401.4076006849437,129.44854736328125,1431.2641080386709,35112.79443359375,1019.8446472167948,729.7667826273598,319.5382995605469,1518.2983765507713,22333.4990234375,1693.8349609375,1879.0981116564628,887.3760375976562,2197.186584297007,14219.2236328125,6349.0595703125,,,,,,,,,,,,,,,
pcsa,cpu,raw,record,pcsa_arch_128_64_scaler_minmax_opt_rmsprop_batch_64_act_relu_drop_0.3,server/run_2025_12_27/results/pcsa/cpu/raw/record/pcsa_arch_128_64_scaler_minmax_opt_rmsprop_batch_64_act_relu_drop_0.3,128_64,minmax_opt_rmsprop_batch_64_act_relu_drop_0,rmsprop_batch_64_act_relu_drop_0,64,relu_drop_0,0.3,64,0.3,403.9908123819814,665.3779002312956,1864.5779428876615,1394.613307131854,1516.1570009358393,2118.454783028551,32,403.9908123819814,130.86248779296875,1394.613307131854,35636.419189453125,999.0520353317254,665.3779002312956,242.05870056152344,1516.1570009358393,21729.82421875,1753.2937011718568,1864.5779428876615,920.307861328125,2118.454783028551,14641.93359375,6177.7265625,,,,,,,,,,,,,,,
pcsa,cpu,raw,record,pcsa_arch_128_64_scaler_standard_opt_adam_batch_128_act_elu_drop_0.2,server/run_2025_12_27/results/pcsa/cpu/raw/record/pcsa_arch_128_64_scaler_standard_opt_adam_batch_128_act_elu_drop_0.2,128_64,standard_opt_adam_batch_128_act_elu_drop_0,adam_batch_128_act_elu_drop_0,128,elu_drop_0,0.2,128,0.2,318.3517017595754,861.9391492292051,444.91434030558247,1031.9346457306424,1866.1861480342152,1133.227166861171,22,318.3517017595754,103.49310302734376,1031.9346457306424,30583.3447265625,935.9938903808586,861.9391492292051,205.93536376953125,1866.1861480342152,16540.888671875,5459.672070312499,444.91434030558247,88.712890625,1133.227166861171,24363.720703125,2205.110107421875,,,,,,,,,,,,,,,
pcsa,cpu,raw,record,pcsa_arch_128_64_scaler_standard_opt_adam_batch_128_act_elu_drop_0.3,server/run_2025_12_27/results/pcsa/cpu/raw/record/pcsa_arch_128_64_scaler_standard_opt_adam_batch_128_act_elu_drop_0.3,128_64,standard_opt_adam_batch_128_act_elu_drop_0,adam_batch_128_act_elu_drop_0,128,elu_drop_0,0.3,128,0.3,534.9680869917225,856.9537541906661,1040.8607245120784,1647.4015491701125,1896.3374629637472,760.2505874734192,12,534.9680869917225,270.73173093795776,1647.4015491701125,33172.2578125,1460.2658758640289,856.9537541906661,400.8707733154297,1896.3374629637472,28355.6171875,2741.4585083007805,1040.8607245120784,942.0745239257812,760.2505874734192,12602.16015625,2282.857666015625,,,,,,,,,,,,,,,
pcsa,cpu,raw,record,pcsa_arch_128_64_scaler_standard_opt_adam_batch_128_act_relu_drop_0.2,server/run_2025_12_27/results/pcsa/cpu/raw/record/pcsa_arch_128_64_scaler_standard_opt_adam_batch_128_act_relu_drop_0.2,128_64,standard_opt_adam_batch_128_act_relu_drop_0,adam_batch_128_act_relu_drop_0,128,relu_drop_0,0.2,128,0.2,496.1203656193792,1083.6898899197952,1555.2416607609102,1521.0891966586314,1739.0406898934964,1073.4835428453862,13,496.1203656193792,182.7290954589844,1521.0891966586314,34580.09375,1611.606201171875,1083.6898899197952,703.41259765625,1739.0406898934964,25683.0654296875,3959.018627929683,1555.2416607609102,1457.210693359375,1073.4835428453862,12088.240234375,3500.13671875,,,,,,,,,,,,,,,
pcsa,cpu,raw,record,pcsa_arch_128_64_scaler_standard_opt_adam_batch_128_act_relu_drop_0.3,server/run_2025_12_27/results/pcsa/cpu/raw/record/pcsa_arch_128_64_scaler_standard_opt_adam_batch_128_act_relu_drop_0.3,128_64,standard_opt_adam_batch_128_act_relu_drop_0,adam_batch_128_act_relu_drop_0,128,relu_drop_0,0.3,128,0.3,494.20195078099505,1066.5072558107047,1520.2510362752755,1510.274470683873,1750.7740279961365,1077.0064245375452,13,494.20195078099505,189.28713989257812,1510.274470683873,35378.98828125,1573.9621566772455,1066.5072558107047,670.4232788085938,1750.7740279961365,25499.7890625,3992.829760742184,1520.2510362752755,1429.494140625,1077.0064245375452,12713.880859375,3456.056396484375,,,,,,,,,,,,,,,
pcsa,cpu,raw,record,pcsa_arch_128_64_scaler_standard_opt_adam_batch_64_act_elu_drop_0.2,server/run_2025_12_27/results/pcsa/cpu/raw/record/pcsa_arch_128_64_scaler_standard_opt_adam_batch_64_act_elu_drop_0.2,128_64,standard_opt_adam_batch_64_act_elu_drop_0,adam_batch_64_act_elu_drop_0,64,elu_drop_0,0.2,64,0.2,309.3966411235531,846.9588422069169,494.82507767308897,1005.0063755098884,1847.811488220089,1137.3160538780087,18,309.3966411235531,113.43289184570312,1005.0063755098884,29619.990234375,883.1833776473998,846.9588422069169,214.605327129364,1847.811488220089,15886.537109375,5517.580273437499,494.82507767308897,135.23007202148438,1137.3160538780087,22178.67578125,2539.7183227539062,,,,,,,,,,,,,,,
pcsa,cpu,raw,record,pcsa_arch_128_64_scaler_standard_opt_adam_batch_64_act_elu_drop_0.3,server/run_2025_12_27/results/pcsa/cpu/raw/record/pcsa_arch_128_64_scaler_standard_opt_adam_batch_64_act_elu_drop_0.3,128_64,standard_opt_adam_batch_64_act_elu_drop_0,adam_batch_64_act_elu_drop_0,64,elu_drop_0,0.3,64,0.3,238.7315399419751,759.4075618349273,678.6978900923174,708.2456905315821,1862.4356432363752,1322.319729034955,56,238.7315399419751,94.097900390625,708.2456905315821,21601.893310546875,698.6229614257804,759.4075618349273,252.199951171875,1862.4356432363752,12940.649169921877,3052.398828124995,678.6978900923174,251.06576538085935,1322.319729034955,12251.458984375,3826.78662109375,,,,,,,,,,,,,,,
pcsa,cpu,raw,record,pcsa_arch_128_64_scaler_standard_opt_adam_batch_64_act_relu_drop_0.2,server/run_2025_12_27/results/pcsa/cpu/raw/record/pcsa_arch_128_64_scaler_standard_opt_adam_batch_64_act_relu_drop_0.2,128_64,standard_opt_adam_batch_64_act_relu_drop_0,adam_batch_64_act_relu_drop_0,64,relu_drop_0,0.2,64,0.2,487.9943994578786,985.3036778650312,1415.5343700911703,1518.9016165172131,1772.0717717589262,1015.7676625925212,12,487.9943994578786,185.606201171875,1518.9016165172131,37037.56640625,1487.4933349609362,985.3036778650312,587.485595703125,1772.0717717589262,25636.3203125,4033.795751953124,1415.5343700911703,1320.3916015625,1015.7676625925212,12610.654296875,3240.274658203125,,,,,,,,,,,,,,,
pcsa,cpu,raw,record,pcsa_arch_128_64_scaler_standard_opt_adam_batch_64_act_relu_drop_0.3,server/run_2025_12_27/results/pcsa/cpu/raw/record/pcsa_arch_128_64_scaler_standard_opt_adam_batch_64_act_relu_drop_0.3,128_64,standard_opt_adam_batch_64_act_relu_drop_0,adam_batch_64_act_relu_drop_0,64,relu_drop_0,0.3,64,0.3,496.3095668102172,1085.2492844859637,1542.0845973605628,1485.0924372755494,1743.1493952293235,1079.686633354202,12,496.3095668102172,190.80950927734375,1485.0924372755494,33671.18359375,1583.623291015625,1085.2492844859637,685.4140014648438,1743.1493952293235,25067.6455078125,4186.512158203115,1542.0845973605628,1441.7830810546875,1079.686633354202,14272.443359375,3476.264892578125,,,,,,,,,,,,,,,
pcsa,cpu,raw,record,pcsa_arch_128_64_scaler_standard_opt_rmsprop_batch_128_act_elu_drop_0.2,server/run_2025_12_27/results/pcsa/cpu/raw/record/pcsa_arch_128_64_scaler_standard_opt_rmsprop_batch_128_act_elu_drop_0.2,128_64,standard_opt_rmsprop_batch_128_act_elu_drop_0,rmsprop_batch_128_act_elu_drop_0,128,elu_drop_0,0.2,128,0.2,505.2909038919946,936.6772599391244,1005.4538018577076,1501.3295716142345,1801.1886355112904,812.8857020053307,14,505.2909038919946,250.524658203125,1501.3295716142345,42155.46484375,1537.229058599472,936.6772599391244,462.3080139160156,1801.1886355112904,25412.826171875,4059.6281249999993,1005.4538018577076,850.6321411132812,812.8857020053307,11597.34814453125,2299.648193359375,,,,,,,,,,,,,,,
pcsa,cpu,raw,record,pcsa_arch_128_64_scaler_standard_opt_rmsprop_batch_128_act_elu_drop_0.3,server/run_2025_12_27/results/pcsa/cpu/raw/record/pcsa_arch_128_64_scaler_standard_opt_rmsprop_batch_128_act_elu_drop_0.3,128_64,standard_opt_rmsprop_batch_128_act_elu_drop_0,rmsprop_batch_128_act_elu_drop_0,128,elu_drop_0,0.3,128,0.3,494.7051393217824,863.9670257591529,949.2330528426892,1566.6506720014877,1826.009943324173,769.6830017103035,14,494.7051393217824,228.494140625,1566.6506720014877,36040.23046875,1489.0945914268489,863.9670257591529,382.6429443359375,1826.009943324173,26710.052734375,3604.332416534424,949.2330528426892,777.8377685546875,769.6830017103035,12000.21875,2160.748046875,,,,,,,,,,,,,,,
pcsa,cpu,raw,record,pcsa_arch_128_64_scaler_standard_opt_rmsprop_batch_128_act_relu_drop_0.2,server/run_2025_12_27/results/pcsa/cpu/raw/record/pcsa_arch_128_64_scaler_standard_opt_rmsprop_batch_128_act_relu_drop_0.2,128_64,standard_opt_rmsprop_batch_128_act_relu_drop_0,rmsprop_batch_128_act_relu_drop_0,128,relu_drop_0,0.2,128,0.2,505.4926259266159,1036.8506606894227,1470.4449630603392,1551.8009824965425,1747.0955309740982,1027.180885836622,14,505.4926259266159,188.2642517089844,1551.8009824965425,45948.390625,1629.6008300781232,1036.8506606894227,625.5245361328125,1747.0955309740982,25740.0234375,4067.400976562498,1470.4449630603392,1398.6849365234375,1027.180885836622,11367.58447265625,3332.742919921875,,,,,,,,,,,,,,,
pcsa,cpu,raw,record,pcsa_arch_128_64_scaler_standard_opt_rmsprop_batch_128_act_relu_drop_0.3,server/run_2025_12_27/results/pcsa/cpu/raw/record/pcsa_arch_128_64_scaler_standard_opt_rmsprop_batch_128_act_relu_drop_0.3,128_64,standard_opt_rmsprop_batch_128_act_relu_drop_0,rmsprop_batch_128_act_relu_drop_0,128,relu_drop_0,0.3,128,0.3,490.01439795765526,994.0255099707636,1503.0695904766274,1511.4066825821012,1778.505763911789,1084.8607506770331,15,490.01439795765526,189.23583984375,1511.4066825821012,55657.578125,1518.6343383789062,994.0255099707636,587.994384765625,1778.505763911789,24277.6083984375,4344.901074218749,1503.0695904766274,1402.04638671875,1084.8607506770331,14886.951171875,3433.070556640625,,,,,,,,,,,,,,,
pcsa,cpu,raw,record,pcsa_arch_128_64_scaler_standard_opt_rmsprop_batch_64_act_elu_drop_0.2,server/run_2025_12_27/results/pcsa/cpu/raw/record/pcsa_arch_128_64_scaler_standard_opt_rmsprop_batch_64_act_elu_drop_0.2,128_64,standard_opt_rmsprop_batch_64_act_elu_drop_0,rmsprop_batch_64_act_elu_drop_0,64,elu_drop_0,0.2,64,0.2,508.6208353483086,808.2073668030736,992.700499945936,1638.3710780989634,1887.7648386994704,729.3615904399863,12,508.6208353483086,231.675537109375,1638.3710780989634,33014.21533203125,1433.009817504883,808.2073668030736,314.719970703125,1887.7648386994704,28012.37060546875,3036.6466674804688,992.700499945936,879.6768798828125,729.3615904399863,12479.52294921875,2148.45458984375,,,,,,,,,,,,,,,
pcsa,cpu,raw,record,pcsa_arch_128_64_scaler_standard_opt_rmsprop_batch_64_act_elu_drop_0.3,server/run_2025_12_27/results/pcsa/cpu/raw/record/pcsa_arch_128_64_scaler_standard_opt_rmsprop_batch_64_act_elu_drop_0.3,128_64,standard_opt_rmsprop_batch_64_act_elu_drop_0,rmsprop_batch_64_act_elu_drop_0,64,elu_drop_0,0.3,64,0.3,444.9568237190423,892.4985645968526,748.3736181200775,1518.1430569922989,1838.8565591352867,691.5536404560005,13,444.9568237190423,172.12811279296875,1518.1430569922989,43339.07421875,1379.766406249998,892.4985645968526,413.51210021972656,1838.8565591352867,25799.685546875,4005.6185546874985,748.3736181200775,523.104248046875,691.5536404560005,12118.5380859375,1809.50732421875,,,,,,,,,,,,,,,
pcsa,cpu,raw,record,pcsa_arch_128_64_scaler_standard_opt_rmsprop_batch_64_act_relu_drop_0.2,server/run_2025_12_27/results/pcsa/cpu/raw/record/pcsa_arch_128_64_scaler_standard_opt_rmsprop_batch_64_act_relu_drop_0.2,128_64,standard_opt_rmsprop_batch_64_act_relu_drop_0,rmsprop_batch_64_act_relu_drop_0,64,relu_drop_0,0.2,64,0.2,484.8967114938116,988.4538435293216,1529.8837656063863,1530.25491170702,1781.944009199343,1080.7219143081609,13,484.8967114938116,184.97622680664065,1530.25491170702,58090.625,1532.8226318359375,988.4538435293216,525.9548034667969,1781.944009199343,24481.421875,4396.515820312499,1529.8837656063863,1469.2630615234375,1080.7219143081609,13606.849609375,3455.8505859375,,,,,,,,,,,,,,,
pcsa,cpu,raw,record,pcsa_arch_128_64_scaler_standard_opt_rmsprop_batch_64_act_relu_drop_0.3,server/run_2025_12_27/results/pcsa/cpu/raw/record/pcsa_arch_128_64_scaler_standard_opt_rmsprop_batch_64_act_relu_drop_0.3,128_64,standard_opt_rmsprop_batch_64_act_relu_drop_0,rmsprop_batch_64_act_relu_drop_0,64,relu_drop_0,0.3,64,0.3,455.83273517755975,965.9955983390628,1429.531177222439,1553.798017774227,1780.9202913148824,1018.5424783680472,13,455.83273517755975,162.73382568359375,1553.798017774227,53855.87890625,1539.542724609375,965.9955983390628,539.7692260742188,1780.9202913148824,25325.3544921875,4069.1574218749993,1429.531177222439,1332.720947265625,1018.5424783680472,11428.990234375,3241.19580078125,,,,,,,,,,,,,,,
pcsa,cpu,raw,record,pcsa_arch_64_32_scaler_minmax_opt_adam_batch_128_act_elu_drop_0.2,server/run_2025_12_27/results/pcsa/cpu/raw/record/pcsa_arch_64_32_scaler_minmax_opt_adam_batch_128_act_elu_drop_0.2,64_32,minmax_opt_adam_batch_128_act_elu_drop_0,adam_batch_128_act_elu_drop_0,128,elu_drop_0,0.2,128,0.2,412.11036993991615,705.8540386247785,1438.5166757861905,1452.072053169239,1649.1028930302257,1816.0551732608224,37,412.11036993991615,132.94137573242188,1452.072053169239,34079.08935546875,1154.1532600402832,705.8540386247785,231.68560791015625,1649.1028930302257,22992.0400390625,2721.6555664062435,1438.5166757861905,491.14837646484375,1816.0551732608224,13007.2587890625,5187.71240234375,,,,,,,,,,,,,,,
pcsa,cpu,raw,record,pcsa_arch_64_32_scaler_minmax_opt_adam_batch_128_act_elu_drop_0.3,server/run_2025_12_27/results/pcsa/cpu/raw/record/pcsa_arch_64_32_scaler_minmax_opt_adam_batch_128_act_elu_drop_0.3,64_32,minmax_opt_adam_batch_128_act_elu_drop_0,adam_batch_128_act_elu_drop_0,128,elu_drop_0,0.3,128,0.3,406.26109773547785,692.556361004103,1420.2238976975216,1469.955103125085,1652.7347712685334,1848.8803743189137,39,406.26109773547785,120.03933715820312,1469.955103125085,34244.9345703125,1183.53169555664,692.556361004103,188.6151428222656,1652.7347712685334,23415.345703125,2562.6089111328097,1420.2238976975216,405.06109619140625,1848.8803743189137,12939.03466796875,5371.19775390625,,,,,,,,,,,,,,,
pcsa,cpu,raw,record,pcsa_arch_64_32_scaler_minmax_opt_adam_batch_128_act_relu_drop_0.2,server/run_2025_12_27/results/pcsa/cpu/raw/record/pcsa_arch_64_32_scaler_minmax_opt_adam_batch_128_act_relu_drop_0.2,64_32,minmax_opt_adam_batch_128_act_relu_drop_0,adam_batch_128_act_relu_drop_0,128,relu_drop_0,0.2,128,0.2,386.9463697370654,661.2785675945701,1679.8738700369647,1344.1815334070498,1593.4627263982304,1893.3184828471728,50,386.9463697370654,110.61911010742188,1344.1815334070498,34838.6796875,1140.248310089111,661.2785675945701,192.76638793945312,1593.4627263982304,20924.7470703125,2476.614331054682,1679.8738700369647,888.6084594726562,1893.3184828471728,14108.57861328125,5371.87548828125,,,,,,,,,,,,,,,
pcsa,cpu,raw,record,pcsa_arch_64_32_scaler_minmax_opt_adam_batch_128_act_relu_drop_0.3,server/run_2025_12_27/results/pcsa/cpu/raw/record/pcsa_arch_64_32_scaler_minmax_opt_adam_batch_128_act_relu_drop_0.3,64_32,minmax_opt_adam_batch_128_act_relu_drop_0,adam_batch_128_act_relu_drop_0,128,relu_drop_0,0.3,128,0.3,348.87847607695085,648.0559046461291,1229.5255314041278,1221.5379068411644,1656.7136356157173,1397.682615640664,71,348.87847607695085,97.50009155273438,1221.5379068411644,33881.76708984375,1170.1761444091794,648.0559046461291,161.13427639007568,1656.7136356157173,19251.21484375,2511.2157226562485,1229.5255314041278,718.8775024414062,1397.682615640664,20212.1875,3779.99853515625,,,,,,,,,,,,,,,
pcsa,cpu,raw,record,pcsa_arch_64_32_scaler_minmax_opt_adam_batch_64_act_elu_drop_0.2,server/run_2025_12_27/results/pcsa/cpu/raw/record/pcsa_arch_64_32_scaler_minmax_opt_adam_batch_64_act_elu_drop_0.2,64_32,minmax_opt_adam_batch_64_act_elu_drop_0,adam_batch_64_act_elu_drop_0,64,elu_drop_0,0.2,64,0.2,406.1995854234575,703.399226432011,1440.8385459811425,1428.3684199969348,1644.4943917288062,1878.6646732060703,29,406.1995854234575,140.01535034179688,1428.3684199969348,34098.5771484375,1117.097176361084,703.399226432011,225.58175659179688,1644.4943917288062,22337.154296875,2977.0516357421875,1440.8385459811425,494.6065673828125,1878.6646732060703,13043.5224609375,5463.44482421875,,,,,,,,,,,,,,,
pcsa,cpu,raw,record,pcsa_arch_64_32_scaler_minmax_opt_adam_batch_64_act_elu_drop_0.3,server/run_2025_12_27/results/pcsa/cpu/raw/record/pcsa_arch_64_32_scaler_minmax_opt_adam_batch_64_act_elu_drop_0.3,64_32,minmax_opt_adam_batch_64_act_elu_drop_0,adam_batch_64_act_elu_drop_0,64,elu_drop_0,0.3,64,0.3,411.20746961917126,720.3542523572437,1472.6580065664612,1411.2805579782355,1643.1686181856046,1784.901333841597,32,411.20746961917126,132.33792114257812,1411.2805579782355,33155.66064453125,1166.7874755859373,720.3542523572437,162.14111328125,1643.1686181856046,22107.7890625,3321.4267578124927,1472.6580065664612,600.2205200195312,1784.901333841597,12005.9765625,5207.40087890625,,,,,,,,,,,,,,,
pcsa,cpu,raw,record,pcsa_arch_64_32_scaler_minmax_opt_adam_batch_64_act_relu_drop_0.2,server/run_2025_12_27/results/pcsa/cpu/raw/record/pcsa_arch_64_32_scaler_minmax_opt_adam_batch_64_act_relu_drop_0.2,64_32,minmax_opt_adam_batch_64_act_relu_drop_0,adam_batch_64_act_relu_drop_0,64,relu_drop_0,0.2,64,0.2,389.20761260836593,672.354702129932,1774.8990443746902,1407.109478464635,1590.424662107696,1964.619816455464,38,389.20761260836593,104.6796875,1407.109478464635,35340.573486328125,1134.1817160129544,672.354702129932,189.930419921875,1590.424662107696,22241.4189453125,2159.5227539062325,1774.8990443746902,1021.870361328125,1964.619816455464,14289.00537109375,5694.00732421875,,,,,,,,,,,,,,,
pcsa,cpu,raw,record,pcsa_arch_64_32_scaler_minmax_opt_adam_batch_64_act_relu_drop_0.3,server/run_2025_12_27/results/pcsa/cpu/raw/record/pcsa_arch_64_32_scaler_minmax_opt_adam_batch_64_act_relu_drop_0.3,64_32,minmax_opt_adam_batch_64_act_relu_drop_0,adam_batch_64_act_relu_drop_0,64,relu_drop_0,0.3,64,0.3,335.52647326004194,690.5709368308136,1064.7485751002732,1177.3440354304832,1593.6821668927912,1261.3799334642383,59,335.52647326004194,118.63067626953124,1177.3440354304832,32057.76171875,917.6901367187496,690.5709368308136,289.8692932128906,1593.6821668927912,18000.466796875,2928.6677734374935,1064.7485751002732,627.1719970703125,1261.3799334642383,25510.916015625,3121.25390625,,,,,,,,,,,,,,,
pcsa,cpu,raw,record,pcsa_arch_64_32_scaler_minmax_opt_rmsprop_batch_128_act_elu_drop_0.2,server/run_2025_12_27/results/pcsa/cpu/raw/record/pcsa_arch_64_32_scaler_minmax_opt_rmsprop_batch_128_act_elu_drop_0.2,64_32,minmax_opt_rmsprop_batch_128_act_elu_drop_0,rmsprop_batch_128_act_elu_drop_0,128,elu_drop_0,0.2,128,0.2,397.07357806823114,696.1907837081478,1538.7550941327395,1451.0136845188345,1602.736037136561,2017.4943440231875,46,397.07357806823114,125.94613647460938,1451.0136845188345,35154.67138671875,1144.2125976562488,696.1907837081478,220.4481506347656,1602.736037136561,22550.40625,2473.0354492187435,1538.7550941327395,421.4287567138672,2017.4943440231875,14074.9580078125,5951.8447265625,,,,,,,,,,,,,,,
pcsa,cpu,raw,record,pcsa_arch_64_32_scaler_minmax_opt_rmsprop_batch_128_act_elu_drop_0.3,server/run_2025_12_27/results/pcsa/cpu/raw/record/pcsa_arch_64_32_scaler_minmax_opt_rmsprop_batch_128_act_elu_drop_0.3,64_32,minmax_opt_rmsprop_batch_128_act_elu_drop_0,rmsprop_batch_128_act_elu_drop_0,128,elu_drop_0,0.3,128,0.3,398.3522034412708,680.060724840792,1376.3862418309402,1459.084628725242,1638.2109963266014,1854.0432437108177,49,398.3522034412708,117.07315063476562,1459.084628725242,35596.98681640625,1168.4286651611326,680.060724840792,197.3392639160156,1638.2109963266014,23094.6884765625,2619.5849609375,1376.3862418309402,396.3937072753906,1854.0432437108177,14110.09326171875,5439.90478515625,,,,,,,,,,,,,,,
pcsa,cpu,raw,record,pcsa_arch_64_32_scaler_minmax_opt_rmsprop_batch_128_act_relu_drop_0.2,server/run_2025_12_27/results/pcsa/cpu/raw/record/pcsa_arch_64_32_scaler_minmax_opt_rmsprop_batch_128_act_relu_drop_0.2,64_32,minmax_opt_rmsprop_batch_128_act_relu_drop_0,rmsprop_batch_128_act_relu_drop_0,128,relu_drop_0,0.2,128,0.2,397.0874139137092,665.2194913167191,1740.5567843625583,1380.9958100479084,1530.125828993534,1973.4265342698125,64,397.0874139137092,125.75762939453124,1380.9958100479084,35651.805908203125,1093.8660583496087,665.2194913167191,403.2513427734375,1530.125828993534,21770.1005859375,1853.7673339843568,1740.5567843625583,915.055908203125,1973.4265342698125,14552.890380859377,5772.6552734375,,,,,,,,,,,,,,,
pcsa,cpu,raw,record,pcsa_arch_64_32_scaler_minmax_opt_rmsprop_batch_128_act_relu_drop_0.3,server/run_2025_12_27/results/pcsa/cpu/raw/record/pcsa_arch_64_32_scaler_minmax_opt_rmsprop_batch_128_act_relu_drop_0.3,64_32,minmax_opt_rmsprop_batch_128_act_relu_drop_0,rmsprop_batch_128_act_relu_drop_0,128,relu_drop_0,0.3,128,0.3,384.2090327713852,715.5007331683718,1717.6678523852934,1422.4406107969623,1571.8085632606103,1903.2501469731392,61,384.2090327713852,108.03863525390624,1422.4406107969623,35509.424072265625,1064.0005493164062,715.5007331683718,283.23931884765625,1571.8085632606103,22815.3203125,2028.0655708312984,1717.6678523852934,898.1997985839844,1903.2501469731392,14509.2314453125,5493.576171875,,,,,,,,,,,,,,,
pcsa,cpu,raw,record,pcsa_arch_64_32_scaler_minmax_opt_rmsprop_batch_64_act_elu_drop_0.2,server/run_2025_12_27/results/pcsa/cpu/raw/record/pcsa_arch_64_32_scaler_minmax_opt_rmsprop_batch_64_act_elu_drop_0.2,64_32,minmax_opt_rmsprop_batch_64_act_elu_drop_0,rmsprop_batch_64_act_elu_drop_0,64,elu_drop_0,0.2,64,0.2,389.183021592173,689.5982613016446,1394.6596545273376,1423.8450379074386,1619.7081167438678,1912.492874730492,39,389.183021592173,127.26611328125,1423.8450379074386,35959.51611328125,1133.3142272949217,689.5982613016446,229.1011962890625,1619.7081167438678,22251.53515625,2997.9175415039062,1394.6596545273376,401.1837158203125,1912.492874730492,14648.942138671877,5738.6689453125,,,,,,,,,,,,,,,
pcsa,cpu,raw,record,pcsa_arch_64_32_scaler_minmax_opt_rmsprop_batch_64_act_elu_drop_0.3,server/run_2025_12_27/results/pcsa/cpu/raw/record/pcsa_arch_64_32_scaler_minmax_opt_rmsprop_batch_64_act_elu_drop_0.3,64_32,minmax_opt_rmsprop_batch_64_act_elu_drop_0,rmsprop_batch_64_act_elu_drop_0,64,elu_drop_0,0.3,64,0.3,396.4354419598711,666.8373626708984,1364.0010392261213,1460.3271422868756,1625.663465755321,1858.100345806512,39,396.4354419598711,119.03085327148438,1460.3271422868756,36160.769775390625,1158.752920532226,666.8373626708984,201.50379943847656,1625.663465755321,23188.4189453125,2503.93310546875,1364.0010392261213,370.3580780029297,1858.100345806512,14367.85595703125,5615.2626953125,,,,,,,,,,,,,,,
pcsa,cpu,raw,record,pcsa_arch_64_32_scaler_minmax_opt_rmsprop_batch_64_act_relu_drop_0.2,server/run_2025_12_27/results/pcsa/cpu/raw/record/pcsa_arch_64_32_scaler_minmax_opt_rmsprop_batch_64_act_relu_drop_0.2,64_32,minmax_opt_rmsprop_batch_64_act_relu_drop_0,rmsprop_batch_64_act_relu_drop_0,64,relu_drop_0,0.2,64,0.2,382.7844082144506,687.8887845891396,1738.7142087084208,1381.57826091356,1549.263286813704,2056.561606583384,46,382.7844082144506,123.6488037109375,1381.57826091356,35867.967041015625,1068.3552856445312,687.8887845891396,250.00103759765625,1549.263286813704,21461.2216796875,1676.924084472618,1738.7142087084208,845.1083984375,2056.561606583384,15026.71142578125,5950.05810546875,,,,,,,,,,,,,,,
pcsa,cpu,raw,record,pcsa_arch_64_32_scaler_minmax_opt_rmsprop_batch_64_act_relu_drop_0.3,server/run_2025_12_27/results/pcsa/cpu/raw/record/pcsa_arch_64_32_scaler_minmax_opt_rmsprop_batch_64_act_relu_drop_0.3,64_32,minmax_opt_rmsprop_batch_64_act_relu_drop_0,rmsprop_batch_64_act_relu_drop_0,64,relu_drop_0,0.3,64,0.3,390.1281576969682,653.4422362865699,1707.4226561751675,1396.0215026600945,1558.7038326432407,1875.247932449836,47,390.1281576969682,110.92971801757812,1396.0215026600945,35664.058837890625,1104.281344604491,653.4422362865699,231.8565673828125,1558.7038326432407,22207.998046875,2132.7001953125,1707.4226561751675,924.2977294921876,1875.247932449836,14531.78466796875,5519.13427734375,,,,,,,,,,,,,,,
pcsa,cpu,raw,record,pcsa_arch_64_32_scaler_standard_opt_adam_batch_128_act_elu_drop_0.2,server/run_2025_12_27/results/pcsa/cpu/raw/record/pcsa_arch_64_32_scaler_standard_opt_adam_batch_128_act_elu_drop_0.2,64_32,standard_opt_adam_batch_128_act_elu_drop_0,adam_batch_128_act_elu_drop_0,128,elu_drop_0,0.2,128,0.2,486.256489670624,962.4870530319812,863.6517191490883,1508.3788198230468,1853.7578471088452,714.5557721486729,14,486.256489670624,245.7320556640625,1508.3788198230468,32667.94091796875,1406.6399383544922,962.4870530319812,499.2822036743164,1853.7578471088452,26299.8046875,3903.5885986327767,863.6517191490883,724.5153198242188,714.5557721486729,12311.35302734375,1908.324951171875,,,,,,,,,,,,,,,
pcsa,cpu,raw,record,pcsa_arch_64_32_scaler_standard_opt_adam_batch_128_act_elu_drop_0.3,server/run_2025_12_27/results/pcsa/cpu/raw/record/pcsa_arch_64_32_scaler_standard_opt_adam_batch_128_act_elu_drop_0.3,64_32,standard_opt_adam_batch_128_act_elu_drop_0,adam_batch_128_act_elu_drop_0,128,elu_drop_0,0.3,128,0.3,514.7031708936487,926.6373548718456,1059.1240139968563,1469.1681832859936,1810.9276722342056,817.4844731914324,14,514.7031708936487,277.36463928222656,1469.1681832859936,31893.85693359375,1566.4001373291014,926.6373548718456,428.34427642822266,1810.9276722342056,25467.4501953125,3963.370013427731,1059.1240139968563,932.46240234375,817.4844731914324,11598.66015625,2320.497802734375,,,,,,,,,,,,,,,
pcsa,cpu,raw,record,pcsa_arch_64_32_scaler_standard_opt_adam_batch_128_act_relu_drop_0.2,server/run_2025_12_27/results/pcsa/cpu/raw/record/pcsa_arch_64_32_scaler_standard_opt_adam_batch_128_act_relu_drop_0.2,64_32,standard_opt_adam_batch_128_act_relu_drop_0,adam_batch_128_act_relu_drop_0,128,relu_drop_0,0.2,128,0.2,472.6180526730355,990.373882975922,1491.331549930976,1470.176782439203,1779.4929297115132,1092.6391875935317,15,472.6180526730355,176.797119140625,1470.176782439203,34640.328125,1496.0186767578125,990.373882975922,542.3975830078125,1779.4929297115132,24730.18359375,4460.739550781247,1491.331549930976,1396.748291015625,1092.6391875935317,15327.40234375,3449.37890625,,,,,,,,,,,,,,,
pcsa,cpu,raw,record,pcsa_arch_64_32_scaler_standard_opt_adam_batch_128_act_relu_drop_0.3,server/run_2025_12_27/results/pcsa/cpu/raw/record/pcsa_arch_64_32_scaler_standard_opt_adam_batch_128_act_relu_drop_0.3,64_32,standard_opt_adam_batch_128_act_relu_drop_0,adam_batch_128_act_relu_drop_0,128,relu_drop_0,0.3,128,0.3,463.3300913806246,982.2501014583912,1445.4146991006971,1465.9361958421518,1786.1727849620088,1060.63117292554,15,463.3300913806246,173.50628662109375,1465.9361958421518,31256.12890625,1478.065771484374,982.2501014583912,549.2779541015625,1786.1727849620088,24877.4375,4399.682421874997,1445.4146991006971,1344.853271484375,1060.63117292554,15693.201171875,3301.6796875,,,,,,,,,,,,,,,
pcsa,cpu,raw,record,pcsa_arch_64_32_scaler_standard_opt_adam_batch_64_act_elu_drop_0.2,server/run_2025_12_27/results/pcsa/cpu/raw/record/pcsa_arch_64_32_scaler_standard_opt_adam_batch_64_act_elu_drop_0.2,64_32,standard_opt_adam_batch_64_act_elu_drop_0,adam_batch_64_act_elu_drop_0,64,elu_drop_0,0.2,64,0.2,318.7054080829212,820.8664245665634,475.7599765193479,1006.2841525820515,1855.976112181328,985.7153045258548,23,318.7054080829212,122.7315673828125,1006.2841525820515,28829.2900390625,815.8176901340485,820.8664245665634,163.8675994873047,1855.976112181328,16605.435546875,5433.415234374988,475.7599765193479,171.32101440429688,985.7153045258548,23499.353515625,1950.7005920410156,,,,,,,,,,,,,,,
pcsa,cpu,raw,record,pcsa_arch_64_32_scaler_standard_opt_adam_batch_64_act_elu_drop_0.3,server/run_2025_12_27/results/pcsa/cpu/raw/record/pcsa_arch_64_32_scaler_standard_opt_adam_batch_64_act_elu_drop_0.3,64_32,standard_opt_adam_batch_64_act_elu_drop_0,adam_batch_64_act_elu_drop_0,64,elu_drop_0,0.3,64,0.3,386.927974956426,848.1691667789202,456.54676672443105,1143.7905156713043,1874.840421461784,968.3302490620124,17,386.927974956426,164.79168164730072,1143.7905156713043,31692.693359375,1073.66416015625,848.1691667789202,179.21950340270996,1874.840421461784,19412.3232421875,5324.603222656249,456.54676672443105,156.78379821777344,968.3302490620124,21345.955078125,2025.1259765625,,,,,,,,,,,,,,,
pcsa,cpu,raw,record,pcsa_arch_64_32_scaler_standard_opt_adam_batch_64_act_relu_drop_0.2,server/run_2025_12_27/results/pcsa/cpu/raw/record/pcsa_arch_64_32_scaler_standard_opt_adam_batch_64_act_relu_drop_0.2,64_32,standard_opt_adam_batch_64_act_relu_drop_0,adam_batch_64_act_relu_drop_0,64,relu_drop_0,0.2,64,0.2,487.6472909365093,1061.6408259329005,1553.7601057147367,1467.9477747284702,1754.7330784532826,1097.861766101488,13,487.6472909365093,180.87905883789065,1467.9477747284702,31229.2041015625,1593.0567626953125,1061.6408259329005,654.5189208984375,1754.7330784532826,24815.3564453125,4435.689160156249,1553.7601057147367,1476.1729736328125,1097.861766101488,15494.005859375,3503.429931640625,,,,,,,,,,,,,,,
pcsa,cpu,raw,record,pcsa_arch_64_32_scaler_standard_opt_adam_batch_64_act_relu_drop_0.3,server/run_2025_12_27/results/pcsa/cpu/raw/record/pcsa_arch_64_32_scaler_standard_opt_adam_batch_64_act_relu_drop_0.3,64_32,standard_opt_adam_batch_64_act_relu_drop_0,adam_batch_64_act_relu_drop_0,64,relu_drop_0,0.3,64,0.3,489.89179906239735,1055.8644354799324,1496.9047672072654,1514.673501553129,1755.9762858517329,1056.2662065352768,13,489.89179906239735,184.39767456054688,1514.673501553129,34511.2890625,1546.6058105468746,1055.8644354799324,646.8712768554688,1755.9762858517329,25575.7822265625,3989.6546874999985,1496.9047672072654,1398.0877685546875,1056.2662065352768,12917.98828125,3395.8671875,,,,,,,,,,,,,,,
pcsa,cpu,raw,record,pcsa_arch_64_32_scaler_standard_opt_rmsprop_batch_128_act_elu_drop_0.2,server/run_2025_12_27/results/pcsa/cpu/raw/record/pcsa_arch_64_32_scaler_standard_opt_rmsprop_batch_128_act_elu_drop_0.2,64_32,standard_opt_rmsprop_batch_128_act_elu_drop_0,rmsprop_batch_128_act_elu_drop_0,128,elu_drop_0,0.2,128,0.2,511.62610700578074,860.9880882805792,923.0965810532182,1580.1827877612768,1833.9204518316112,751.9838444712908,16,511.62610700578074,252.6109619140625,1580.1827877612768,33446.390625,1454.7147583007809,860.9880882805792,454.0576171875,1833.9204518316112,27080.4755859375,3402.506741333007,923.0965810532182,732.0527954101562,751.9838444712908,11837.07763671875,2116.26171875,,,,,,,,,,,,,,,
pcsa,cpu,raw,record,pcsa_arch_64_32_scaler_standard_opt_rmsprop_batch_128_act_elu_drop_0.3,server/run_2025_12_27/results/pcsa/cpu/raw/record/pcsa_arch_64_32_scaler_standard_opt_rmsprop_batch_128_act_elu_drop_0.3,64_32,standard_opt_rmsprop_batch_128_act_elu_drop_0,rmsprop_batch_128_act_elu_drop_0,128,elu_drop_0,0.3,128,0.3,461.28036649980635,873.0559855297815,789.8249635889956,1492.2569115964752,1839.76771621208,750.6750762352228,17,461.28036649980635,179.41177654266355,1492.2569115964752,43967.4609375,1438.5542602539056,873.0559855297815,356.8787841796875,1839.76771621208,25293.4794921875,4171.600683593748,789.8249635889956,539.860107421875,750.6750762352228,11677.5458984375,1936.083984375,,,,,,,,,,,,,,,
pcsa,cpu,raw,record,pcsa_arch_64_32_scaler_standard_opt_rmsprop_batch_128_act_relu_drop_0.2,server/run_2025_12_27/results/pcsa/cpu/raw/record/pcsa_arch_64_32_scaler_standard_opt_rmsprop_batch_128_act_relu_drop_0.2,64_32,standard_opt_rmsprop_batch_128_act_relu_drop_0,rmsprop_batch_128_act_relu_drop_0,128,relu_drop_0,0.2,128,0.2,481.8429828946636,978.3685699335832,1470.6129728914186,1520.86828885718,1788.293059149899,1057.782919663812,18,481.8429828946636,181.60052490234375,1520.86828885718,55324.19140625,1548.8784179687484,978.3685699335832,597.8984375,1788.293059149899,24549.6416015625,4497.8294921874985,1470.6129728914186,1414.22705078125,1057.782919663812,14357.951171875,3306.950927734375,,,,,,,,,,,,,,,
pcsa,cpu,raw,record,pcsa_arch_64_32_scaler_standard_opt_rmsprop_batch_128_act_relu_drop_0.3,server/run_2025_12_27/results/pcsa/cpu/raw/record/pcsa_arch_64_32_scaler_standard_opt_rmsprop_batch_128_act_relu_drop_0.3,64_32,standard_opt_rmsprop_batch_128_act_relu_drop_0,rmsprop_batch_128_act_relu_drop_0,128,relu_drop_0,0.3,128,0.3,490.20643690254985,998.040020105607,1492.9307109926622,1533.5766089663932,1774.1174010306063,1044.665009014455,17,490.20643690254985,183.576416015625,1533.5766089663932,52335.1484375,1575.5874755859368,998.040020105607,586.5137023925781,1774.1174010306063,25034.9072265625,4287.643261718749,1492.9307109926622,1413.1563720703125,1044.665009014455,12907.97265625,3345.478271484375,,,,,,,,,,,,,,,
pcsa,cpu,raw,record,pcsa_arch_64_32_scaler_standard_opt_rmsprop_batch_64_act_elu_drop_0.2,server/run_2025_12_27/results/pcsa/cpu/raw/record/pcsa_arch_64_32_scaler_standard_opt_rmsprop_batch_64_act_elu_drop_0.2,64_32,standard_opt_rmsprop_batch_64_act_elu_drop_0,rmsprop_batch_64_act_elu_drop_0,64,elu_drop_0,0.2,64,0.2,462.7631723906311,864.9364976068275,740.5277944993793,1525.4819871477848,1869.8197310681385,724.4707413396908,14,462.7631723906311,177.4903564453125,1525.4819871477848,47131.65625,1409.18786907196,864.9364976068275,341.696044921875,1869.8197310681385,25741.689453125,4135.5746093749985,740.5277944993793,525.234619140625,724.4707413396908,11806.17578125,1915.39404296875,,,,,,,,,,,,,,,
pcsa,cpu,raw,record,pcsa_arch_64_32_scaler_standard_opt_rmsprop_batch_64_act_elu_drop_0.3,server/run_2025_12_27/results/pcsa/cpu/raw/record/pcsa_arch_64_32_scaler_standard_opt_rmsprop_batch_64_act_elu_drop_0.3,64_32,standard_opt_rmsprop_batch_64_act_elu_drop_0,rmsprop_batch_64_act_elu_drop_0,64,elu_drop_0,0.3,64,0.3,495.9719285196942,897.0549626976718,936.8367808397296,1566.4687626264963,1838.754712241907,738.6043459008624,14,495.9719285196942,236.99644088745117,1566.4687626264963,39508.4140625,1386.8262451171877,897.0549626976718,402.75433349609375,1838.754712241907,26696.25,3515.1474990844727,936.8367808397296,751.8458862304688,738.6043459008624,11997.1318359375,2067.27001953125,,,,,,,,,,,,,,,
pcsa,cpu,raw,record,pcsa_arch_64_32_scaler_standard_opt_rmsprop_batch_64_act_relu_drop_0.2,server/run_2025_12_27/results/pcsa/cpu/raw/record/pcsa_arch_64_32_scaler_standard_opt_rmsprop_batch_64_act_relu_drop_0.2,64_32,standard_opt_rmsprop_batch_64_act_relu_drop_0,rmsprop_batch_64_act_relu_drop_0,64,relu_drop_0,0.2,64,0.2,513.381541102463,1017.4192965290764,1470.8920941014328,1562.405118208388,1764.7406356930358,1004.6805328195898,14,513.381541102463,191.27210998535156,1562.405118208388,47962.9140625,1584.593249511718,1017.4192965290764,553.8920288085938,1764.7406356930358,25884.404296875,4184.744482421875,1470.8920941014328,1388.9573974609375,1004.6805328195898,11639.7353515625,3260.51953125,,,,,,,,,,,,,,,
pcsa,cpu,raw,record,pcsa_arch_64_32_scaler_standard_opt_rmsprop_batch_64_act_relu_drop_0.3,server/run_2025_12_27/results/pcsa/cpu/raw/record/pcsa_arch_64_32_scaler_standard_opt_rmsprop_batch_64_act_relu_drop_0.3,64_32,standard_opt_rmsprop_batch_64_act_relu_drop_0,rmsprop_batch_64_act_relu_drop_0,64,relu_drop_0,0.3,64,0.3,502.70184088481966,992.931509083715,1479.592008060132,1573.9291446904033,1776.9231457303345,1012.0923426805136,15,502.70184088481966,195.4369354248047,1573.9291446904033,50780.7578125,1569.2773193359365,992.931509083715,519.3308410644531,1776.9231457303345,25892.751953125,4180.075292968748,1479.592008060132,1406.041015625,1012.0923426805136,11357.4638671875,3268.000244140625,,,,,,,,,,,,,,,
pcsa,cpu,raw,temporal,pcsa_arch_128_64_scaler_minmax_opt_adam_batch_128_act_elu_drop_0.2,server/run_2025_12_27/results/pcsa/cpu/raw/temporal/pcsa_arch_128_64_scaler_minmax_opt_adam_batch_128_act_elu_drop_0.2,128_64,minmax_opt_adam_batch_128_act_elu_drop_0,adam_batch_128_act_elu_drop_0,128,elu_drop_0,0.2,128,0.2,427.26027461477133,113.62370541992604,263.95103217553725,1292.182754208084,211.9783906602733,713.6092582950408,44,427.26027461477133,163.700439453125,1292.182754208084,29499.6640625,1096.350747680664,113.62370541992604,48.941932678222656,211.9783906602733,9207.12744140625,394.28472900390625,263.95103217553725,145.58956909179688,713.6092582950408,35283.628173828125,777.0328979492188,,,,,,,,,,,,,,,
pcsa,cpu,raw,temporal,pcsa_arch_128_64_scaler_minmax_opt_adam_batch_128_act_elu_drop_0.3,server/run_2025_12_27/results/pcsa/cpu/raw/temporal/pcsa_arch_128_64_scaler_minmax_opt_adam_batch_128_act_elu_drop_0.3,128_64,minmax_opt_adam_batch_128_act_elu_drop_0,adam_batch_128_act_elu_drop_0,128,elu_drop_0,0.3,128,0.3,740.186620685824,400.5387461264679,383.02742296848675,2389.8684638774425,201.67133655981448,782.4084896234025,11,740.186620685824,360.31683349609375,2389.8684638774425,35193.240478515625,1297.1911315917966,400.5387461264679,415.4118041992187,201.67133655981448,10119.43994140625,564.7705078125,383.02742296848675,283.56964111328125,782.4084896234025,38578.628173828125,911.4893798828124,,,,,,,,,,,,,,,
pcsa,cpu,raw,temporal,pcsa_arch_128_64_scaler_minmax_opt_adam_batch_128_act_relu_drop_0.2,server/run_2025_12_27/results/pcsa/cpu/raw/temporal/pcsa_arch_128_64_scaler_minmax_opt_adam_batch_128_act_relu_drop_0.2,128_64,minmax_opt_adam_batch_128_act_relu_drop_0,adam_batch_128_act_relu_drop_0,128,relu_drop_0,0.2,128,0.2,419.12416525083063,108.820919804588,241.3854560068905,1328.996332283194,208.02001457887,665.4612513989404,47,419.12416525083063,137.85003662109375,1328.996332283194,32781.23046875,1318.4606506347648,108.820919804588,71.1490478515625,208.02001457887,7076.679443359375,314.5816955566406,241.3854560068905,99.657470703125,665.4612513989404,32502.18408203125,932.576904296875,,,,,,,,,,,,,,,
pcsa,cpu,raw,temporal,pcsa_arch_128_64_scaler_minmax_opt_adam_batch_128_act_relu_drop_0.3,server/run_2025_12_27/results/pcsa/cpu/raw/temporal/pcsa_arch_128_64_scaler_minmax_opt_adam_batch_128_act_relu_drop_0.3,128_64,minmax_opt_adam_batch_128_act_relu_drop_0,adam_batch_128_act_relu_drop_0,128,relu_drop_0,0.3,128,0.3,414.66158538313897,121.61482815398692,251.95953635888455,1332.2143744531188,203.25388805402264,699.414590589337,54,414.66158538313897,134.52081298828125,1332.2143744531188,34535.02734375,1414.7702301025388,121.61482815398692,81.72256469726562,203.25388805402264,7130.5703125,314.24798583984375,251.95953635888455,90.67709350585938,699.414590589337,33760.65625,1024.4378662109375,,,,,,,,,,,,,,,
pcsa,cpu,raw,temporal,pcsa_arch_128_64_scaler_minmax_opt_adam_batch_64_act_elu_drop_0.2,server/run_2025_12_27/results/pcsa/cpu/raw/temporal/pcsa_arch_128_64_scaler_minmax_opt_adam_batch_64_act_elu_drop_0.2,128_64,minmax_opt_adam_batch_64_act_elu_drop_0,adam_batch_64_act_elu_drop_0,64,elu_drop_0,0.2,64,0.2,542.4989654934817,139.45842404305748,294.8832242734715,1388.5285762046306,239.4946360535097,709.9026867970027,29,542.4989654934817,212.7020568847656,1388.5285762046306,27581.459106445312,1810.872705078123,139.45842404305748,82.70835876464844,239.4946360535097,6627.273193359375,375.08295860290485,294.8832242734715,171.8575897216797,709.9026867970027,34744.1669921875,1033.0999145507812,,,,,,,,,,,,,,,
pcsa,cpu,raw,temporal,pcsa_arch_128_64_scaler_minmax_opt_adam_batch_64_act_elu_drop_0.3,server/run_2025_12_27/results/pcsa/cpu/raw/temporal/pcsa_arch_128_64_scaler_minmax_opt_adam_batch_64_act_elu_drop_0.3,128_64,minmax_opt_adam_batch_64_act_elu_drop_0,adam_batch_64_act_elu_drop_0,64,elu_drop_0,0.3,64,0.3,429.5440646093258,122.7055990607761,252.9328241206284,1299.518898969139,212.80467262347253,741.0736550612468,42,429.5440646093258,155.95648193359375,1299.518898969139,28062.419006347656,1274.1467315673829,122.7055990607761,82.18032836914062,212.80467262347253,9518.6025390625,374.18129882812497,252.9328241206284,130.846923828125,741.0736550612468,35708.78076171875,933.22119140625,,,,,,,,,,,,,,,
pcsa,cpu,raw,temporal,pcsa_arch_128_64_scaler_minmax_opt_adam_batch_64_act_relu_drop_0.2,server/run_2025_12_27/results/pcsa/cpu/raw/temporal/pcsa_arch_128_64_scaler_minmax_opt_adam_batch_64_act_relu_drop_0.2,128_64,minmax_opt_adam_batch_64_act_relu_drop_0,adam_batch_64_act_relu_drop_0,64,relu_drop_0,0.2,64,0.2,445.1790997633026,96.45131193896448,249.6866890073775,1453.4956340364336,229.2185106352598,650.6723595812686,28,445.1790997633026,127.6427001953125,1453.4956340364336,26884.892578125,1450.3567504882812,96.45131193896448,58.648345947265625,229.2185106352598,7016.03662109375,240.45692291259743,249.6866890073775,115.11508178710938,650.6723595812686,29670.85546875,905.8120727539062,,,,,,,,,,,,,,,
pcsa,cpu,raw,temporal,pcsa_arch_128_64_scaler_minmax_opt_adam_batch_64_act_relu_drop_0.3,server/run_2025_12_27/results/pcsa/cpu/raw/temporal/pcsa_arch_128_64_scaler_minmax_opt_adam_batch_64_act_relu_drop_0.3,128_64,minmax_opt_adam_batch_64_act_relu_drop_0,adam_batch_64_act_relu_drop_0,64,relu_drop_0,0.3,64,0.3,391.93146367123506,128.36757215780898,280.687006976832,1184.4569993429525,200.80381175193116,702.3624409994147,73,391.93146367123506,150.2362518310547,1184.4569993429525,43946.02734375,1295.115704345703,128.36757215780898,100.10691833496094,200.80381175193116,7096.32080078125,247.69515380859303,280.687006976832,125.5338134765625,702.3624409994147,34701.7373046875,1159.7696533203125,,,,,,,,,,,,,,,
pcsa,cpu,raw,temporal,pcsa_arch_128_64_scaler_minmax_opt_rmsprop_batch_128_act_elu_drop_0.2,server/run_2025_12_27/results/pcsa/cpu/raw/temporal/pcsa_arch_128_64_scaler_minmax_opt_rmsprop_batch_128_act_elu_drop_0.2,128_64,minmax_opt_rmsprop_batch_128_act_elu_drop_0,rmsprop_batch_128_act_elu_drop_0,128,elu_drop_0,0.2,128,0.2,656.0261790951873,233.33584590899903,268.25600534381397,2436.8818361956573,207.2460487676996,825.2536865146875,11,656.0261790951873,236.2071533203125,2436.8818361956573,35426.73712158203,1474.472973632812,233.33584590899903,241.18145751953125,207.2460487676996,10282.62530517578,386.06939697265625,268.25600534381397,128.59930419921875,825.2536865146875,38811.510681152344,1073.9403076171875,,,,,,,,,,,,,,,
pcsa,cpu,raw,temporal,pcsa_arch_128_64_scaler_minmax_opt_rmsprop_batch_128_act_elu_drop_0.3,server/run_2025_12_27/results/pcsa/cpu/raw/temporal/pcsa_arch_128_64_scaler_minmax_opt_rmsprop_batch_128_act_elu_drop_0.3,128_64,minmax_opt_rmsprop_batch_128_act_elu_drop_0,rmsprop_batch_128_act_elu_drop_0,128,elu_drop_0,0.3,128,0.3,638.7916143214612,142.6113472774111,245.72136931306537,2460.2536603752724,210.92377350552417,845.8035271290101,11,638.7916143214612,218.06683349609375,2460.2536603752724,35565.33721923828,1575.1408691406243,142.6113472774111,125.18026733398438,210.92377350552417,10362.481353759766,294.1796630859374,245.72136931306537,84.17538452148438,845.8035271290101,38939.44821166992,1170.5119934082031,,,,,,,,,,,,,,,
pcsa,cpu,raw,temporal,pcsa_arch_128_64_scaler_minmax_opt_rmsprop_batch_128_act_relu_drop_0.2,server/run_2025_12_27/results/pcsa/cpu/raw/temporal/pcsa_arch_128_64_scaler_minmax_opt_rmsprop_batch_128_act_relu_drop_0.2,128_64,minmax_opt_rmsprop_batch_128_act_relu_drop_0,rmsprop_batch_128_act_relu_drop_0,128,relu_drop_0,0.2,128,0.2,643.8821163020547,177.2969313283699,244.34405612512137,2448.545661079928,210.9720555047357,838.8457646723011,11,643.8821163020547,229.4967041015625,2448.545661079928,35486.10595703125,1525.1985687255858,177.2969313283699,168.18572998046875,210.9720555047357,10332.407287597656,325.27059478759725,244.34405612512137,86.24124145507812,838.8457646723011,38862.629638671875,1136.7075805664062,,,,,,,,,,,,,,,
pcsa,cpu,raw,temporal,pcsa_arch_128_64_scaler_minmax_opt_rmsprop_batch_128_act_relu_drop_0.3,server/run_2025_12_27/results/pcsa/cpu/raw/temporal/pcsa_arch_128_64_scaler_minmax_opt_rmsprop_batch_128_act_relu_drop_0.3,128_64,minmax_opt_rmsprop_batch_128_act_relu_drop_0,rmsprop_batch_128_act_relu_drop_0,128,relu_drop_0,0.3,128,0.3,645.000229015078,175.23731592590906,243.17154187248937,2448.12573951985,210.7710264019543,838.1368190938286,11,645.000229015078,231.61590576171875,2448.12573951985,35485.94958496094,1520.168487548827,175.23731592590906,168.17410278320312,210.7710264019543,10325.020141601562,326.38581542968706,243.17154187248937,84.66082763671875,838.1368190938286,38858.804290771484,1134.0726928710938,,,,,,,,,,,,,,,
pcsa,cpu,raw,temporal,pcsa_arch_128_64_scaler_minmax_opt_rmsprop_batch_64_act_elu_drop_0.2,server/run_2025_12_27/results/pcsa/cpu/raw/temporal/pcsa_arch_128_64_scaler_minmax_opt_rmsprop_batch_64_act_elu_drop_0.2,128_64,minmax_opt_rmsprop_batch_64_act_elu_drop_0,rmsprop_batch_64_act_elu_drop_0,64,elu_drop_0,0.2,64,0.2,440.65028217512656,118.29245694438492,276.5338388935299,1259.1680198822953,215.8351113700992,835.7840223325459,60,440.65028217512656,203.65084838867188,1259.1680198822953,41168.9375,1087.0632263183593,118.29245694438492,55.80054473876953,215.8351113700992,8683.499755859375,399.9535217285156,276.5338388935299,140.86093139648438,835.7840223325459,36802.228759765625,839.5848999023438,,,,,,,,,,,,,,,
pcsa,cpu,raw,temporal,pcsa_arch_128_64_scaler_minmax_opt_rmsprop_batch_64_act_elu_drop_0.3,server/run_2025_12_27/results/pcsa/cpu/raw/temporal/pcsa_arch_128_64_scaler_minmax_opt_rmsprop_batch_64_act_elu_drop_0.3,128_64,minmax_opt_rmsprop_batch_64_act_elu_drop_0,rmsprop_batch_64_act_elu_drop_0,64,elu_drop_0,0.3,64,0.3,436.24226761044423,124.53269078245732,281.41586695642536,1290.0234457231877,216.6510359910324,739.1769827154094,50,436.24226761044423,177.0198974609375,1290.0234457231877,40594.03515625,1166.8151916503905,124.53269078245732,79.55088806152344,216.6510359910324,8752.375244140625,355.603271484375,281.41586695642536,173.44285583496094,739.1769827154094,36701.642333984375,806.7403564453125,,,,,,,,,,,,,,,
pcsa,cpu,raw,temporal,pcsa_arch_128_64_scaler_minmax_opt_rmsprop_batch_64_act_relu_drop_0.2,server/run_2025_12_27/results/pcsa/cpu/raw/temporal/pcsa_arch_128_64_scaler_minmax_opt_rmsprop_batch_64_act_relu_drop_0.2,128_64,minmax_opt_rmsprop_batch_64_act_relu_drop_0,rmsprop_batch_64_act_relu_drop_0,64,relu_drop_0,0.2,64,0.2,402.80905145433746,133.47124058116566,249.6584317961039,1351.001117253415,203.7856650025159,695.3953420642173,49,402.80905145433746,143.92755126953125,1351.001117253415,52676.80078125,1281.84912109375,133.47124058116566,93.21368408203124,203.7856650025159,6756.6611328125,284.15142593383746,249.6584317961039,98.34890747070312,695.3953420642173,32430.60693359375,978.453857421875,,,,,,,,,,,,,,,
pcsa,cpu,raw,temporal,pcsa_arch_128_64_scaler_minmax_opt_rmsprop_batch_64_act_relu_drop_0.3,server/run_2025_12_27/results/pcsa/cpu/raw/temporal/pcsa_arch_128_64_scaler_minmax_opt_rmsprop_batch_64_act_relu_drop_0.3,128_64,minmax_opt_rmsprop_batch_64_act_relu_drop_0,rmsprop_batch_64_act_relu_drop_0,64,relu_drop_0,0.3,64,0.3,382.5326408839766,141.02118375293887,266.0126707013956,1389.1337120640678,192.05346664833735,705.1032998978499,61,382.5326408839766,142.30294799804688,1389.1337120640678,68603.1171875,1171.4709350585929,141.02118375293887,113.78990173339844,192.05346664833735,6983.41748046875,255.49395141601548,266.0126707013956,105.1865234375,705.1032998978499,34446.4208984375,1056.638916015625,,,,,,,,,,,,,,,
pcsa,cpu,raw,temporal,pcsa_arch_128_64_scaler_standard_opt_adam_batch_128_act_elu_drop_0.2,server/run_2025_12_27/results/pcsa/cpu/raw/temporal/pcsa_arch_128_64_scaler_standard_opt_adam_batch_128_act_elu_drop_0.2,128_64,standard_opt_adam_batch_128_act_elu_drop_0,adam_batch_128_act_elu_drop_0,128,elu_drop_0,0.2,128,0.2,460.27632261467824,120.70391996501009,287.1381227106832,1337.7666048312285,204.9315404096889,718.9743210975607,17,460.27632261467824,134.2249298095703,1337.7666048312285,34765.7578125,1725.9371398925778,120.70391996501009,90.41428756713869,204.9315404096889,6477.4404296875,266.553466796875,287.1381227106832,125.850341796875,718.9743210975607,33462.2822265625,1225.9255828857422,,,,,,,,,,,,,,,
pcsa,cpu,raw,temporal,pcsa_arch_128_64_scaler_standard_opt_adam_batch_128_act_elu_drop_0.3,server/run_2025_12_27/results/pcsa/cpu/raw/temporal/pcsa_arch_128_64_scaler_standard_opt_adam_batch_128_act_elu_drop_0.3,128_64,standard_opt_adam_batch_128_act_elu_drop_0,adam_batch_128_act_elu_drop_0,128,elu_drop_0,0.3,128,0.3,394.9525547693398,135.3167052542528,331.3745678305495,1053.928388782487,215.35877878226017,771.7630191873266,31,394.9525547693398,162.55029106140137,1053.928388782487,24711.0087890625,1227.33455505371,135.3167052542528,94.517578125,215.35877878226017,6272.599273681641,322.54907455444277,331.3745678305495,111.0247802734375,771.7630191873266,34631.82666015625,1548.4462890625,,,,,,,,,,,,,,,
pcsa,cpu,raw,temporal,pcsa_arch_128_64_scaler_standard_opt_adam_batch_128_act_relu_drop_0.2,server/run_2025_12_27/results/pcsa/cpu/raw/temporal/pcsa_arch_128_64_scaler_standard_opt_adam_batch_128_act_relu_drop_0.2,128_64,standard_opt_adam_batch_128_act_relu_drop_0,adam_batch_128_act_relu_drop_0,128,relu_drop_0,0.2,128,0.2,629.2442078301008,141.9922024311317,275.300168242542,2250.2921622862577,224.11900957924067,771.0526311067778,11,629.2442078301008,224.36285400390625,2250.2921622862577,33758.130859375,1189.0302856445312,141.9922024311317,120.49859619140624,224.11900957924067,9243.00048828125,274.4250076293944,275.300168242542,122.11895751953124,771.0526311067778,36922.445068359375,1124.5519409179688,,,,,,,,,,,,,,,
pcsa,cpu,raw,temporal,pcsa_arch_128_64_scaler_standard_opt_adam_batch_128_act_relu_drop_0.3,server/run_2025_12_27/results/pcsa/cpu/raw/temporal/pcsa_arch_128_64_scaler_standard_opt_adam_batch_128_act_relu_drop_0.3,128_64,standard_opt_adam_batch_128_act_relu_drop_0,adam_batch_128_act_relu_drop_0,128,relu_drop_0,0.3,128,0.3,618.5502756239525,140.7204468993184,273.27067058666654,2289.968584130584,222.3744036024451,780.148831985282,11,618.5502756239525,205.72653198242188,2289.968584130584,34104.331787109375,1237.216278076172,140.7204468993184,120.3151397705078,222.3744036024451,9424.740600585938,272.5675231933574,273.27067058666654,121.24502563476562,780.148831985282,37071.8818359375,1123.5626220703125,,,,,,,,,,,,,,,
pcsa,cpu,raw,temporal,pcsa_arch_128_64_scaler_standard_opt_adam_batch_64_act_elu_drop_0.2,server/run_2025_12_27/results/pcsa/cpu/raw/temporal/pcsa_arch_128_64_scaler_standard_opt_adam_batch_64_act_elu_drop_0.2,128_64,standard_opt_adam_batch_64_act_elu_drop_0,adam_batch_64_act_elu_drop_0,64,elu_drop_0,0.2,64,0.2,400.9403199702086,147.2808165066668,358.06281760463406,1078.451968055527,219.39194684959605,794.0401073310967,22,400.9403199702086,164.972412109375,1078.451968055527,25118.905517578125,1219.8260040283203,147.2808165066668,109.41793823242188,219.39194684959605,6277.769119262695,342.8222351074219,358.06281760463406,124.11227416992188,794.0401073310967,34971.423828125,1592.613056182861,,,,,,,,,,,,,,,
pcsa,cpu,raw,temporal,pcsa_arch_128_64_scaler_standard_opt_adam_batch_64_act_elu_drop_0.3,server/run_2025_12_27/results/pcsa/cpu/raw/temporal/pcsa_arch_128_64_scaler_standard_opt_adam_batch_64_act_elu_drop_0.3,128_64,standard_opt_adam_batch_64_act_elu_drop_0,adam_batch_64_act_elu_drop_0,64,elu_drop_0,0.3,64,0.3,310.96753504774733,97.90069163929331,264.74917518216375,764.5562166303303,195.310842913135,718.262754338533,72,310.96753504774733,137.5064697265625,764.5562166303303,21612.845153808594,1056.7217651367175,97.90069163929331,58.97686767578125,195.310842913135,6286.553482055664,242.40463256835935,264.74917518216375,134.61090087890625,718.262754338533,35885.23046875,1021.0563354492188,,,,,,,,,,,,,,,
pcsa,cpu,raw,temporal,pcsa_arch_128_64_scaler_standard_opt_adam_batch_64_act_relu_drop_0.2,server/run_2025_12_27/results/pcsa/cpu/raw/temporal/pcsa_arch_128_64_scaler_standard_opt_adam_batch_64_act_relu_drop_0.2,128_64,standard_opt_adam_batch_64_act_relu_drop_0,adam_batch_64_act_relu_drop_0,64,relu_drop_0,0.2,64,0.2,389.17334908017585,181.89421804840663,279.6797435947616,1207.2060101326229,215.69704014749004,702.0020503155628,26,389.17334908017585,136.41018295288086,1207.2060101326229,36818.1015625,1056.9194946289062,181.89421804840663,173.70252990722656,215.69704014749004,6664.36376953125,343.18914794921875,279.6797435947616,101.64068603515624,702.0020503155628,32367.814453125,1223.391845703125,,,,,,,,,,,,,,,
pcsa,cpu,raw,temporal,pcsa_arch_128_64_scaler_standard_opt_adam_batch_64_act_relu_drop_0.3,server/run_2025_12_27/results/pcsa/cpu/raw/temporal/pcsa_arch_128_64_scaler_standard_opt_adam_batch_64_act_relu_drop_0.3,128_64,standard_opt_adam_batch_64_act_relu_drop_0,adam_batch_64_act_relu_drop_0,64,relu_drop_0,0.3,64,0.3,431.7396355666762,155.9348367529603,263.74739227995866,1343.6158395083771,210.4724549630828,693.4229790455918,23,431.7396355666762,139.94851684570312,1343.6158395083771,39389.4296875,1398.7708251953122,155.9348367529603,136.94833374023438,210.4724549630828,6419.326171875,350.4094940185546,263.74739227995866,82.7379150390625,693.4229790455918,32032.27685546875,1164.385009765625,,,,,,,,,,,,,,,
pcsa,cpu,raw,temporal,pcsa_arch_128_64_scaler_standard_opt_rmsprop_batch_128_act_elu_drop_0.2,server/run_2025_12_27/results/pcsa/cpu/raw/temporal/pcsa_arch_128_64_scaler_standard_opt_rmsprop_batch_128_act_elu_drop_0.2,128_64,standard_opt_rmsprop_batch_128_act_elu_drop_0,rmsprop_batch_128_act_elu_drop_0,128,elu_drop_0,0.2,128,0.2,405.7033446894725,150.39093150434823,297.74303215414244,1341.752892736863,233.16540828974755,735.7648780502782,28,405.7033446894725,166.4088897705078,1341.752892736863,73992.7578125,1134.9524139404275,150.39093150434823,103.69927215576172,233.16540828974755,7139.30419921875,373.06504974365106,297.74303215414244,119.148193359375,735.7648780502782,33733.65771484375,1170.61279296875,,,,,,,,,,,,,,,
pcsa,cpu,raw,temporal,pcsa_arch_128_64_scaler_standard_opt_rmsprop_batch_128_act_elu_drop_0.3,server/run_2025_12_27/results/pcsa/cpu/raw/temporal/pcsa_arch_128_64_scaler_standard_opt_rmsprop_batch_128_act_elu_drop_0.3,128_64,standard_opt_rmsprop_batch_128_act_elu_drop_0,rmsprop_batch_128_act_elu_drop_0,128,elu_drop_0,0.3,128,0.3,399.76088428004863,154.34004447572283,305.1763895940788,1339.243825212254,230.9624976897881,759.0778272529442,37,399.76088428004863,166.16912841796875,1339.243825212254,77646.03125,1106.971887207031,154.34004447572283,113.35302734375,230.9624976897881,6757.98095703125,370.5309753417969,305.1763895940788,121.1905517578125,759.0778272529442,34094.7568359375,1306.198974609375,,,,,,,,,,,,,,,
pcsa,cpu,raw,temporal,pcsa_arch_128_64_scaler_standard_opt_rmsprop_batch_128_act_relu_drop_0.2,server/run_2025_12_27/results/pcsa/cpu/raw/temporal/pcsa_arch_128_64_scaler_standard_opt_rmsprop_batch_128_act_relu_drop_0.2,128_64,standard_opt_rmsprop_batch_128_act_relu_drop_0,rmsprop_batch_128_act_relu_drop_0,128,relu_drop_0,0.2,128,0.2,630.5698797653545,115.81673902792616,319.37991865606745,2402.759517228707,234.53363495671215,816.1460948039276,11,630.5698797653545,182.8756103515625,2402.759517228707,35032.84655761719,1501.4216171264648,115.81673902792616,53.75254821777344,234.53363495671215,10005.07763671875,301.96422119140567,319.37991865606745,183.33966064453125,816.1460948039276,38172.01135253906,1211.1114654541016,,,,,,,,,,,,,,,
pcsa,cpu,raw,temporal,pcsa_arch_128_64_scaler_standard_opt_rmsprop_batch_128_act_relu_drop_0.3,server/run_2025_12_27/results/pcsa/cpu/raw/temporal/pcsa_arch_128_64_scaler_standard_opt_rmsprop_batch_128_act_relu_drop_0.3,128_64,standard_opt_rmsprop_batch_128_act_relu_drop_0,rmsprop_batch_128_act_relu_drop_0,128,relu_drop_0,0.3,128,0.3,628.3786055135527,112.43084224234552,315.48143310857745,2413.5505478291093,231.05277361268764,810.9442104744187,11,628.3786055135527,176.94801330566406,2413.5505478291093,35133.67645263672,1502.2124328613272,112.43084224234552,61.01630401611328,231.05277361268764,9977.304260253906,307.2281684875486,315.48143310857745,178.9058074951172,810.9442104744187,38016.392578125,1206.1901245117188,,,,,,,,,,,,,,,
pcsa,cpu,raw,temporal,pcsa_arch_128_64_scaler_standard_opt_rmsprop_batch_64_act_elu_drop_0.2,server/run_2025_12_27/results/pcsa/cpu/raw/temporal/pcsa_arch_128_64_scaler_standard_opt_rmsprop_batch_64_act_elu_drop_0.2,128_64,standard_opt_rmsprop_batch_64_act_elu_drop_0,rmsprop_batch_64_act_elu_drop_0,64,elu_drop_0,0.2,64,0.2,383.0724722489582,132.34557852311568,285.3083836346692,1408.5289656150214,229.8189670940838,751.9487039391047,25,383.0724722489582,134.14846801757812,1408.5289656150214,85142.3125,1120.7853576660125,132.34557852311568,91.58544921875,229.8189670940838,7016.435546875,333.8597106933594,285.3083836346692,101.33068466186523,751.9487039391047,34078.66357421875,1263.12744140625,,,,,,,,,,,,,,,
pcsa,cpu,raw,temporal,pcsa_arch_128_64_scaler_standard_opt_rmsprop_batch_64_act_elu_drop_0.3,server/run_2025_12_27/results/pcsa/cpu/raw/temporal/pcsa_arch_128_64_scaler_standard_opt_rmsprop_batch_64_act_elu_drop_0.3,128_64,standard_opt_rmsprop_batch_64_act_elu_drop_0,rmsprop_batch_64_act_elu_drop_0,64,elu_drop_0,0.3,64,0.3,369.5246514969128,116.81542285811564,273.52213005540585,1456.9381361758965,209.66862968271448,733.478148328097,36,369.5246514969128,126.13743591308594,1456.9381361758965,97369.328125,1074.9543853759765,116.81542285811564,85.15045166015625,209.66862968271448,6258.894607543945,268.5635528564451,273.52213005540585,108.62612915039062,733.478148328097,34955.7666015625,1157.6070556640625,,,,,,,,,,,,,,,
pcsa,cpu,raw,temporal,pcsa_arch_128_64_scaler_standard_opt_rmsprop_batch_64_act_relu_drop_0.2,server/run_2025_12_27/results/pcsa/cpu/raw/temporal/pcsa_arch_128_64_scaler_standard_opt_rmsprop_batch_64_act_relu_drop_0.2,128_64,standard_opt_rmsprop_batch_64_act_relu_drop_0,rmsprop_batch_64_act_relu_drop_0,64,relu_drop_0,0.2,64,0.2,437.0011065397575,155.4755336175518,269.7438486999263,2294.406588540162,217.3093243400836,743.3177241138726,25,437.0011065397575,133.3341827392578,2294.406588540162,152868.75,1345.559790039062,155.4755336175518,110.85922241210938,217.3093243400836,6939.723388671875,377.1049118041984,269.7438486999263,96.03900146484376,743.3177241138726,31642.40087890625,1096.439453125,,,,,,,,,,,,,,,
pcsa,cpu,raw,temporal,pcsa_arch_128_64_scaler_standard_opt_rmsprop_batch_64_act_relu_drop_0.3,server/run_2025_12_27/results/pcsa/cpu/raw/temporal/pcsa_arch_128_64_scaler_standard_opt_rmsprop_batch_64_act_relu_drop_0.3,128_64,standard_opt_rmsprop_batch_64_act_relu_drop_0,rmsprop_batch_64_act_relu_drop_0,64,relu_drop_0,0.3,64,0.3,635.6798876571174,190.32988638563964,280.5112364696795,2199.750942971584,223.2006486839379,734.4394672182194,11,635.6798876571174,238.36917114257812,2199.750942971584,33304.38916015625,1215.3984191894529,190.32988638563964,149.73916625976562,223.2006486839379,8743.301635742188,347.40142822265557,280.5112364696795,124.49710083007812,734.4394672182194,35521.70458984375,1024.3855895996094,,,,,,,,,,,,,,,
pcsa,cpu,raw,temporal,pcsa_arch_64_32_scaler_minmax_opt_adam_batch_128_act_elu_drop_0.2,server/run_2025_12_27/results/pcsa/cpu/raw/temporal/pcsa_arch_64_32_scaler_minmax_opt_adam_batch_128_act_elu_drop_0.2,64_32,minmax_opt_adam_batch_128_act_elu_drop_0,adam_batch_128_act_elu_drop_0,128,elu_drop_0,0.2,128,0.2,655.4009183456716,101.86935777096166,306.891883504557,2482.0797244664413,226.0196799069536,856.8669499020178,11,655.4009183456716,186.22174072265625,2482.0797244664413,35717.465087890625,1693.474938964841,101.86935777096166,54.35174560546875,226.0196799069536,10461.582901000977,275.1056900024412,306.891883504557,139.95538330078125,856.8669499020178,39085.77142333984,1280.8677368164062,,,,,,,,,,,,,,,
pcsa,cpu,raw,temporal,pcsa_arch_64_32_scaler_minmax_opt_adam_batch_128_act_elu_drop_0.3,server/run_2025_12_27/results/pcsa/cpu/raw/temporal/pcsa_arch_64_32_scaler_minmax_opt_adam_batch_128_act_elu_drop_0.3,64_32,minmax_opt_adam_batch_128_act_elu_drop_0,adam_batch_128_act_elu_drop_0,128,elu_drop_0,0.3,128,0.3,644.4062363006566,108.41901640697706,273.9347000994889,2473.5020253128746,218.00235709787697,853.8925721843273,11,644.4062363006566,199.379638671875,2473.5020253128746,35652.29284667969,1645.5258819580074,108.41901640697706,74.24118041992188,218.00235709787697,10425.319137573242,260.86353302001936,273.9347000994889,111.48587036132812,853.8925721843273,39024.3420715332,1238.205047607422,,,,,,,,,,,,,,,
pcsa,cpu,raw,temporal,pcsa_arch_64_32_scaler_minmax_opt_adam_batch_128_act_relu_drop_0.2,server/run_2025_12_27/results/pcsa/cpu/raw/temporal/pcsa_arch_64_32_scaler_minmax_opt_adam_batch_128_act_relu_drop_0.2,64_32,minmax_opt_adam_batch_128_act_relu_drop_0,adam_batch_128_act_relu_drop_0,128,relu_drop_0,0.2,128,0.2,649.2966428211895,104.28849525332078,286.43740162014717,2475.6367395455486,221.05196689565767,854.395591435042,11,649.2966428211895,196.22189331054688,2475.6367395455486,35668.60339355469,1661.3325729370115,104.28849525332078,63.714935302734375,221.05196689565767,10435.878707885742,266.725830078125,286.43740162014717,126.15960693359376,854.395591435042,39026.13034057617,1257.054656982422,,,,,,,,,,,,,,,
pcsa,cpu,raw,temporal,pcsa_arch_64_32_scaler_minmax_opt_adam_batch_128_act_relu_drop_0.3,server/run_2025_12_27/results/pcsa/cpu/raw/temporal/pcsa_arch_64_32_scaler_minmax_opt_adam_batch_128_act_relu_drop_0.3,64_32,minmax_opt_adam_batch_128_act_relu_drop_0,adam_batch_128_act_relu_drop_0,128,relu_drop_0,0.3,128,0.3,640.0499696054146,140.45507804607522,246.13231077016363,2459.9337153616207,211.59223807724095,846.1123707528675,11,640.0499696054146,216.81607055664065,2459.9337153616207,35557.27362060547,1576.955746459961,140.45507804607522,120.21063232421876,211.59223807724095,10369.20669555664,302.46015930175736,246.13231077016363,84.2156982421875,846.1123707528675,38917.71453857422,1176.1731567382812,,,,,,,,,,,,,,,
pcsa,cpu,raw,temporal,pcsa_arch_64_32_scaler_minmax_opt_adam_batch_64_act_elu_drop_0.2,server/run_2025_12_27/results/pcsa/cpu/raw/temporal/pcsa_arch_64_32_scaler_minmax_opt_adam_batch_64_act_elu_drop_0.2,64_32,minmax_opt_adam_batch_64_act_elu_drop_0,adam_batch_64_act_elu_drop_0,64,elu_drop_0,0.2,64,0.2,745.1201066029482,409.0999950492643,390.5169997640471,2387.500041580916,200.5773365889641,780.3181991719772,11,745.1201066029482,366.1439208984375,2387.500041580916,35183.40588378906,1292.8915527343745,409.0999950492643,424.7384643554687,200.5773365889641,10106.451049804688,573.3142700195312,390.5169997640471,292.7374267578125,780.3181991719772,38581.44616699219,897.5106201171875,,,,,,,,,,,,,,,
pcsa,cpu,raw,temporal,pcsa_arch_64_32_scaler_minmax_opt_adam_batch_64_act_elu_drop_0.3,server/run_2025_12_27/results/pcsa/cpu/raw/temporal/pcsa_arch_64_32_scaler_minmax_opt_adam_batch_64_act_elu_drop_0.3,64_32,minmax_opt_adam_batch_64_act_elu_drop_0,adam_batch_64_act_elu_drop_0,64,elu_drop_0,0.3,64,0.3,742.1971675679986,406.9085849104257,388.224080279299,2388.765088976661,200.75666775616983,781.0387312368456,11,742.1971675679986,362.7042846679687,2388.765088976661,35187.361083984375,1294.561676025388,406.9085849104257,422.368896484375,200.75666775616983,10113.876220703123,569.2347686767573,388.224080279299,290.59881591796875,781.0387312368456,38572.15228271485,907.8031005859376,,,,,,,,,,,,,,,
pcsa,cpu,raw,temporal,pcsa_arch_64_32_scaler_minmax_opt_adam_batch_64_act_relu_drop_0.2,server/run_2025_12_27/results/pcsa/cpu/raw/temporal/pcsa_arch_64_32_scaler_minmax_opt_adam_batch_64_act_relu_drop_0.2,64_32,minmax_opt_adam_batch_64_act_relu_drop_0,adam_batch_64_act_relu_drop_0,64,relu_drop_0,0.2,64,0.2,399.62857011774224,151.0169953947157,287.1143386307564,1220.578101040039,197.17127726476397,738.250047059546,64,399.62857011774224,160.89752197265625,1220.578101040039,37608.85546875,1265.0860809326164,151.0169953947157,125.73210144042967,197.17127726476397,7021.085205078125,287.3387756347656,287.1143386307564,114.74050903320312,738.250047059546,34321.19775390625,1420.4286193847656,,,,,,,,,,,,,,,
pcsa,cpu,raw,temporal,pcsa_arch_64_32_scaler_minmax_opt_adam_batch_64_act_relu_drop_0.3,server/run_2025_12_27/results/pcsa/cpu/raw/temporal/pcsa_arch_64_32_scaler_minmax_opt_adam_batch_64_act_relu_drop_0.3,64_32,minmax_opt_adam_batch_64_act_relu_drop_0,adam_batch_64_act_relu_drop_0,64,relu_drop_0,0.3,64,0.3,650.1872333947478,105.1942899961083,278.2950337225695,1931.565525817059,244.2232116363704,689.0141473826624,24,650.1872333947478,175.2305908203125,1931.565525817059,29884.6953125,2496.1537719726557,105.1942899961083,62.80194091796875,244.2232116363704,7579.720947265625,240.11772155761707,278.2950337225695,136.98114013671875,689.0141473826624,31872.474609375,1154.9461975097656,,,,,,,,,,,,,,,
pcsa,cpu,raw,temporal,pcsa_arch_64_32_scaler_minmax_opt_rmsprop_batch_128_act_elu_drop_0.2,server/run_2025_12_27/results/pcsa/cpu/raw/temporal/pcsa_arch_64_32_scaler_minmax_opt_rmsprop_batch_128_act_elu_drop_0.2,64_32,minmax_opt_rmsprop_batch_128_act_elu_drop_0,rmsprop_batch_128_act_elu_drop_0,128,elu_drop_0,0.2,128,0.2,691.3235928421597,174.32101277677242,394.8802164601151,2501.4482042869813,234.47231607336673,863.1036231270788,11,691.3235928421597,222.48760986328125,2501.4482042869813,35857.80743408203,1806.627498626708,174.32101277677242,133.32669830322266,234.47231607336673,10556.876777648926,384.46228942871073,394.8802164601151,245.1894073486328,863.1036231270788,39227.27133178711,1382.9618682861328,,,,,,,,,,,,,,,
pcsa,cpu,raw,temporal,pcsa_arch_64_32_scaler_minmax_opt_rmsprop_batch_128_act_elu_drop_0.3,server/run_2025_12_27/results/pcsa/cpu/raw/temporal/pcsa_arch_64_32_scaler_minmax_opt_rmsprop_batch_128_act_elu_drop_0.3,64_32,minmax_opt_rmsprop_batch_128_act_elu_drop_0,rmsprop_batch_128_act_elu_drop_0,128,elu_drop_0,0.3,128,0.3,688.1605314217286,167.7736438045681,388.3635540011534,2499.5447207193524,233.81722131080383,862.2570317941489,11,688.1605314217286,215.37413787841797,2499.5447207193524,35844.907287597656,1792.893234252928,167.7736438045681,124.9390106201172,233.81722131080383,10547.37883758545,375.9466400146485,388.3635540011534,237.85421752929688,862.2570317941489,39212.87121582031,1376.4632263183594,,,,,,,,,,,,,,,
pcsa,cpu,raw,temporal,pcsa_arch_64_32_scaler_minmax_opt_rmsprop_batch_128_act_relu_drop_0.2,server/run_2025_12_27/results/pcsa/cpu/raw/temporal/pcsa_arch_64_32_scaler_minmax_opt_rmsprop_batch_128_act_relu_drop_0.2,64_32,minmax_opt_rmsprop_batch_128_act_relu_drop_0,rmsprop_batch_128_act_relu_drop_0,128,relu_drop_0,0.2,128,0.2,691.4501541162037,173.57333094378623,394.5439824921979,2500.5744728744735,234.70615585214085,863.1537151220208,11,691.4501541162037,223.0724105834961,2500.5744728744735,35848.8508605957,1800.6846130371086,173.57333094378623,130.22450256347656,234.70615585214085,10558.402084350586,384.54878616332974,394.5439824921979,244.91555786132812,863.1537151220208,39215.52735900879,1382.5359573364258,,,,,,,,,,,,,,,
pcsa,cpu,raw,temporal,pcsa_arch_64_32_scaler_minmax_opt_rmsprop_batch_128_act_relu_drop_0.3,server/run_2025_12_27/results/pcsa/cpu/raw/temporal/pcsa_arch_64_32_scaler_minmax_opt_rmsprop_batch_128_act_relu_drop_0.3,64_32,minmax_opt_rmsprop_batch_128_act_relu_drop_0,rmsprop_batch_128_act_relu_drop_0,128,relu_drop_0,0.3,128,0.3,694.3503702684174,180.2794213608888,400.9672992361356,2501.4315388874656,235.02342441045917,863.0779000536076,11,694.3503702684174,229.63712310791016,2501.4315388874656,35856.126525878906,1806.8479583740227,180.2794213608888,138.66352081298828,235.02342441045917,10562.202224731443,391.73708724975586,400.9672992361356,252.37057495117188,863.0779000536076,39223.34007263184,1388.983543395996,,,,,,,,,,,,,,,
pcsa,cpu,raw,temporal,pcsa_arch_64_32_scaler_minmax_opt_rmsprop_batch_64_act_elu_drop_0.2,server/run_2025_12_27/results/pcsa/cpu/raw/temporal/pcsa_arch_64_32_scaler_minmax_opt_rmsprop_batch_64_act_elu_drop_0.2,64_32,minmax_opt_rmsprop_batch_64_act_elu_drop_0,rmsprop_batch_64_act_elu_drop_0,64,elu_drop_0,0.2,64,0.2,652.6492815485649,221.70311639719995,264.3963323227572,2439.841371679044,205.6825773220613,825.9360072781042,11,652.6492815485649,236.93618774414065,2439.841371679044,35452.84112548828,1476.4870849609365,221.70311639719995,225.40777587890625,205.6825773220613,10270.980346679688,384.3109130859375,264.3963323227572,122.6484375,825.9360072781042,38821.05322265625,1077.0081481933594,,,,,,,,,,,,,,,
pcsa,cpu,raw,temporal,pcsa_arch_64_32_scaler_minmax_opt_rmsprop_batch_64_act_elu_drop_0.3,server/run_2025_12_27/results/pcsa/cpu/raw/temporal/pcsa_arch_64_32_scaler_minmax_opt_rmsprop_batch_64_act_elu_drop_0.3,64_32,minmax_opt_rmsprop_batch_64_act_elu_drop_0,rmsprop_batch_64_act_elu_drop_0,64,elu_drop_0,0.3,64,0.3,639.371741534921,124.2710306627997,253.58122526980964,2466.737121302082,212.16228659566343,847.596183857663,11,639.371741534921,216.04959106445312,2466.737121302082,35616.850646972656,1599.3422576904293,124.2710306627997,98.64407348632812,212.16228659566343,10368.985412597656,281.3558654785156,253.58122526980964,95.57757568359376,847.596183857663,38975.044006347656,1188.271942138672,,,,,,,,,,,,,,,
pcsa,cpu,raw,temporal,pcsa_arch_64_32_scaler_minmax_opt_rmsprop_batch_64_act_relu_drop_0.2,server/run_2025_12_27/results/pcsa/cpu/raw/temporal/pcsa_arch_64_32_scaler_minmax_opt_rmsprop_batch_64_act_relu_drop_0.2,64_32,minmax_opt_rmsprop_batch_64_act_relu_drop_0,rmsprop_batch_64_act_relu_drop_0,64,relu_drop_0,0.2,64,0.2,638.9167028413992,140.02003032720202,246.68476738785523,2460.8835692001294,211.4980008297473,846.7013702151917,11,638.9167028413992,216.1034393310547,2460.8835692001294,35565.08187866211,1581.745239257812,140.02003032720202,120.59161376953124,211.4980008297473,10371.031951904297,294.5571701049769,246.68476738785523,84.80743408203125,846.7013702151917,38922.31137084961,1177.46142578125,,,,,,,,,,,,,,,
pcsa,cpu,raw,temporal,pcsa_arch_64_32_scaler_minmax_opt_rmsprop_batch_64_act_relu_drop_0.3,server/run_2025_12_27/results/pcsa/cpu/raw/temporal/pcsa_arch_64_32_scaler_minmax_opt_rmsprop_batch_64_act_relu_drop_0.3,64_32,minmax_opt_rmsprop_batch_64_act_relu_drop_0,rmsprop_batch_64_act_relu_drop_0,64,relu_drop_0,0.3,64,0.3,642.5828165895092,116.53082971602772,263.71884975484164,2469.7327850550823,215.2782901408342,852.1918526839488,11,642.5828165895092,204.69332885742188,2469.7327850550823,35625.56915283203,1623.981637573242,116.53082971602772,84.50608825683594,215.2782901408342,10409.933715820312,261.28733520507757,263.71884975484164,99.2496337890625,852.1918526839488,38987.73205566406,1220.3521881103516,,,,,,,,,,,,,,,
pcsa,cpu,raw,temporal,pcsa_arch_64_32_scaler_standard_opt_adam_batch_128_act_elu_drop_0.2,server/run_2025_12_27/results/pcsa/cpu/raw/temporal/pcsa_arch_64_32_scaler_standard_opt_adam_batch_128_act_elu_drop_0.2,64_32,standard_opt_adam_batch_128_act_elu_drop_0,adam_batch_128_act_elu_drop_0,128,elu_drop_0,0.2,128,0.2,338.8744253406797,120.4744804011617,301.1002241921376,912.3034264659224,197.59103610082877,743.4947035505793,82,338.8744253406797,133.20809936523438,912.3034264659224,22256.34326171875,1118.704331207275,120.4744804011617,80.07135009765625,197.59103610082877,6294.041488647461,271.76861572265625,301.1002241921376,125.96463012695312,743.4947035505793,32328.57470703125,1285.0563507080078,,,,,,,,,,,,,,,
pcsa,cpu,raw,temporal,pcsa_arch_64_32_scaler_standard_opt_adam_batch_128_act_elu_drop_0.3,server/run_2025_12_27/results/pcsa/cpu/raw/temporal/pcsa_arch_64_32_scaler_standard_opt_adam_batch_128_act_elu_drop_0.3,64_32,standard_opt_adam_batch_128_act_elu_drop_0,adam_batch_128_act_elu_drop_0,128,elu_drop_0,0.3,128,0.3,361.7843954197926,135.42452486869308,311.5223586475227,1008.805726720615,216.73420906862344,702.1795483297328,62,361.7843954197926,140.9062042236328,1008.805726720615,23850.076171875,1117.7156524658203,135.42452486869308,87.07281494140625,216.73420906862344,6297.059173583984,322.247702026365,311.5223586475227,153.57846069335938,702.1795483297328,33506.6357421875,1274.2606201171875,,,,,,,,,,,,,,,
pcsa,cpu,raw,temporal,pcsa_arch_64_32_scaler_standard_opt_adam_batch_128_act_relu_drop_0.2,server/run_2025_12_27/results/pcsa/cpu/raw/temporal/pcsa_arch_64_32_scaler_standard_opt_adam_batch_128_act_relu_drop_0.2,64_32,standard_opt_adam_batch_128_act_relu_drop_0,adam_batch_128_act_relu_drop_0,128,relu_drop_0,0.2,128,0.2,489.3349227240344,167.17250160946742,307.3229362139263,1416.4968024138668,207.0619828611072,692.2113439043425,27,489.3349227240344,195.5433349609375,1416.4968024138668,34546.87109375,1812.3210571289053,167.17250160946742,119.08357238769533,207.0619828611072,6109.169982910156,491.8980682373044,307.3229362139263,145.80999755859375,692.2113439043425,31985.43603515625,1182.8021240234375,,,,,,,,,,,,,,,
pcsa,cpu,raw,temporal,pcsa_arch_64_32_scaler_standard_opt_adam_batch_128_act_relu_drop_0.3,server/run_2025_12_27/results/pcsa/cpu/raw/temporal/pcsa_arch_64_32_scaler_standard_opt_adam_batch_128_act_relu_drop_0.3,64_32,standard_opt_adam_batch_128_act_relu_drop_0,adam_batch_128_act_relu_drop_0,128,relu_drop_0,0.3,128,0.3,504.3153684722306,189.74356786614305,302.82322387457305,1455.6782230478457,194.44043655477637,686.8318412146424,28,504.3153684722306,189.49383544921875,1455.6782230478457,36336.140625,1895.251953125,189.74356786614305,159.48953247070312,194.44043655477637,6100.277984619141,440.9259643554687,302.82322387457305,137.26559448242188,686.8318412146424,31689.12109375,1095.8792724609375,,,,,,,,,,,,,,,
pcsa,cpu,raw,temporal,pcsa_arch_64_32_scaler_standard_opt_adam_batch_64_act_elu_drop_0.2,server/run_2025_12_27/results/pcsa/cpu/raw/temporal/pcsa_arch_64_32_scaler_standard_opt_adam_batch_64_act_elu_drop_0.2,64_32,standard_opt_adam_batch_64_act_elu_drop_0,adam_batch_64_act_elu_drop_0,64,elu_drop_0,0.2,64,0.2,473.4257985583321,161.78415850187918,306.3391357410516,1353.6821016384442,208.8279052536407,706.8588962933968,16,473.4257985583321,135.49224853515625,1353.6821016384442,32116.8359375,1819.0537109375,161.78415850187918,115.4748077392578,208.8279052536407,6628.553466796875,371.3243276596063,306.3391357410516,173.85110473632812,706.8588962933968,33359.3251953125,1073.428451538086,,,,,,,,,,,,,,,
pcsa,cpu,raw,temporal,pcsa_arch_64_32_scaler_standard_opt_adam_batch_64_act_elu_drop_0.3,server/run_2025_12_27/results/pcsa/cpu/raw/temporal/pcsa_arch_64_32_scaler_standard_opt_adam_batch_64_act_elu_drop_0.3,64_32,standard_opt_adam_batch_64_act_elu_drop_0,adam_batch_64_act_elu_drop_0,64,elu_drop_0,0.3,64,0.3,343.95297711328334,102.1165076539808,284.15207398556146,891.9426096345206,201.96433230668777,759.3311369560613,62,343.95297711328334,124.17221069335938,891.9426096345206,22281.5302734375,1183.1255859374992,102.1165076539808,57.79804992675781,201.96433230668777,6236.0672607421875,262.9842300415034,284.15207398556146,114.17221069335938,759.3311369560613,36886.48828125,1324.2789306640625,,,,,,,,,,,,,,,
pcsa,cpu,raw,temporal,pcsa_arch_64_32_scaler_standard_opt_adam_batch_64_act_relu_drop_0.2,server/run_2025_12_27/results/pcsa/cpu/raw/temporal/pcsa_arch_64_32_scaler_standard_opt_adam_batch_64_act_relu_drop_0.2,64_32,standard_opt_adam_batch_64_act_relu_drop_0,adam_batch_64_act_relu_drop_0,64,relu_drop_0,0.2,64,0.2,434.3667831865706,184.2715067346268,282.3408938579622,1325.5912569144189,210.10418182921697,700.3314421253774,27,434.3667831865706,146.43368530273438,1325.5912569144189,37347.15625,1414.9431884765622,184.2715067346268,169.3396453857422,210.10418182921697,6105.4462890625,397.3418701171872,282.3408938579622,100.7196044921875,700.3314421253774,32453.09130859375,1151.5601196289062,,,,,,,,,,,,,,,
pcsa,cpu,raw,temporal,pcsa_arch_64_32_scaler_standard_opt_adam_batch_64_act_relu_drop_0.3,server/run_2025_12_27/results/pcsa/cpu/raw/temporal/pcsa_arch_64_32_scaler_standard_opt_adam_batch_64_act_relu_drop_0.3,64_32,standard_opt_adam_batch_64_act_relu_drop_0,adam_batch_64_act_relu_drop_0,64,relu_drop_0,0.3,64,0.3,624.9180789349522,163.23580175178552,266.23372545991083,2269.671929854839,219.48930367336408,769.5511983632483,11,624.9180789349522,214.70675659179688,2269.671929854839,33938.56787109375,1179.6626586914062,163.23580175178552,121.71612548828124,219.48930367336408,9290.890869140623,279.72985076904223,266.23372545991083,117.2406768798828,769.5511983632483,36829.63525390625,1033.872802734375,,,,,,,,,,,,,,,
pcsa,cpu,raw,temporal,pcsa_arch_64_32_scaler_standard_opt_rmsprop_batch_128_act_elu_drop_0.2,server/run_2025_12_27/results/pcsa/cpu/raw/temporal/pcsa_arch_64_32_scaler_standard_opt_rmsprop_batch_128_act_elu_drop_0.2,64_32,standard_opt_rmsprop_batch_128_act_elu_drop_0,rmsprop_batch_128_act_elu_drop_0,128,elu_drop_0,0.2,128,0.2,387.8396020452882,127.73747115419202,277.7930733334437,1372.6172480550204,220.41376906615855,735.1957475602771,54,387.8396020452882,153.2280731201172,1372.6172480550204,81787.6171875,1076.1082519531244,127.73747115419202,86.50918579101562,220.41376906615855,6824.0595703125,287.30633544921875,277.7930733334437,121.65847778320312,735.1957475602771,34353.2431640625,1104.3353271484375,,,,,,,,,,,,,,,
pcsa,cpu,raw,temporal,pcsa_arch_64_32_scaler_standard_opt_rmsprop_batch_128_act_elu_drop_0.3,server/run_2025_12_27/results/pcsa/cpu/raw/temporal/pcsa_arch_64_32_scaler_standard_opt_rmsprop_batch_128_act_elu_drop_0.3,64_32,standard_opt_rmsprop_batch_128_act_elu_drop_0,rmsprop_batch_128_act_elu_drop_0,128,elu_drop_0,0.3,128,0.3,656.1143562149551,213.24785384463857,354.64326015322155,2227.563993754513,241.11300230944505,757.4467116345606,13,656.1143562149551,265.51683044433594,2227.563993754513,33536.472412109375,1253.6868530273418,213.24785384463857,205.31040811538696,241.11300230944505,9147.533081054688,399.08930167853833,354.64326015322155,269.1837994456291,757.4467116345606,36716.448486328125,1120.9377195835114,,,,,,,,,,,,,,,
pcsa,cpu,raw,temporal,pcsa_arch_64_32_scaler_standard_opt_rmsprop_batch_128_act_relu_drop_0.2,server/run_2025_12_27/results/pcsa/cpu/raw/temporal/pcsa_arch_64_32_scaler_standard_opt_rmsprop_batch_128_act_relu_drop_0.2,64_32,standard_opt_rmsprop_batch_128_act_relu_drop_0,rmsprop_batch_128_act_relu_drop_0,128,relu_drop_0,0.2,128,0.2,644.503882969745,140.83063377571705,288.6696947643589,2193.832296392168,229.94405472922392,735.1828318411679,13,644.503882969745,256.31793212890625,2193.832296392168,33286.318115234375,1207.4217163085934,140.83063377571705,127.2453842163086,229.94405472922392,8668.510009765625,275.4204208374021,288.6696947643589,135.32684326171875,735.1828318411679,35737.78076171875,987.854736328125,,,,,,,,,,,,,,,
pcsa,cpu,raw,temporal,pcsa_arch_64_32_scaler_standard_opt_rmsprop_batch_128_act_relu_drop_0.3,server/run_2025_12_27/results/pcsa/cpu/raw/temporal/pcsa_arch_64_32_scaler_standard_opt_rmsprop_batch_128_act_relu_drop_0.3,64_32,standard_opt_rmsprop_batch_128_act_relu_drop_0,rmsprop_batch_128_act_relu_drop_0,128,relu_drop_0,0.3,128,0.3,617.4615911051849,102.7645583257406,293.61126797342354,2387.2324685155686,228.5560706188241,801.4370681107347,12,617.4615911051849,185.7911071777344,2387.2324685155686,34924.6962890625,1424.5816101074188,102.7645583257406,51.61590576171875,228.5560706188241,9817.75811767578,273.3825088500975,293.61126797342354,156.83184814453125,801.4370681107347,37832.32763671875,1160.5530395507812,,,,,,,,,,,,,,,
pcsa,cpu,raw,temporal,pcsa_arch_64_32_scaler_standard_opt_rmsprop_batch_64_act_elu_drop_0.2,server/run_2025_12_27/results/pcsa/cpu/raw/temporal/pcsa_arch_64_32_scaler_standard_opt_rmsprop_batch_64_act_elu_drop_0.2,64_32,standard_opt_rmsprop_batch_64_act_elu_drop_0,rmsprop_batch_64_act_elu_drop_0,64,elu_drop_0,0.2,64,0.2,349.1523535149204,128.85806422696965,368.66302834728856,1375.3112177274436,199.47604684382773,817.2500545459047,75,349.1523535149204,123.8189697265625,1375.3112177274436,99166.375,1208.4163330078125,128.85806422696965,88.33935546875,199.47604684382773,6286.921096801758,302.2967529296875,368.66302834728856,140.90243530273438,817.2500545459047,33695.57275390625,1787.378662109375,,,,,,,,,,,,,,,
pcsa,cpu,raw,temporal,pcsa_arch_64_32_scaler_standard_opt_rmsprop_batch_64_act_elu_drop_0.3,server/run_2025_12_27/results/pcsa/cpu/raw/temporal/pcsa_arch_64_32_scaler_standard_opt_rmsprop_batch_64_act_elu_drop_0.3,64_32,standard_opt_rmsprop_batch_64_act_elu_drop_0,rmsprop_batch_64_act_elu_drop_0,64,elu_drop_0,0.3,64,0.3,621.4577124446586,173.76659996726295,303.6464015005749,2182.903908931068,229.2735538574616,737.6353485159918,12,621.4577124446586,218.2928771972656,2182.903908931068,33141.02587890625,1292.7030181884763,173.76659996726295,145.99424743652344,229.2735538574616,8748.382202148438,299.73370361328125,303.6464015005749,162.4671630859375,737.6353485159918,36276.188232421875,1034.1062316894531,,,,,,,,,,,,,,,
pcsa,cpu,raw,temporal,pcsa_arch_64_32_scaler_standard_opt_rmsprop_batch_64_act_relu_drop_0.2,server/run_2025_12_27/results/pcsa/cpu/raw/temporal/pcsa_arch_64_32_scaler_standard_opt_rmsprop_batch_64_act_relu_drop_0.2,64_32,standard_opt_rmsprop_batch_64_act_relu_drop_0,rmsprop_batch_64_act_relu_drop_0,64,relu_drop_0,0.2,64,0.2,619.3653413996468,102.10881252468192,277.91848421717043,2427.2138394330427,221.68416675137505,826.3402633453138,11,619.3653413996468,164.1609344482422,2427.2138394330427,35224.73602294922,1555.104885864252,102.10881252468192,67.02468872070312,221.68416675137505,10142.90347290039,243.68673706054688,277.91848421717043,128.9999237060547,826.3402633453138,38260.18835449219,1225.194091796875,,,,,,,,,,,,,,,
pcsa,cpu,raw,temporal,pcsa_arch_64_32_scaler_standard_opt_rmsprop_batch_64_act_relu_drop_0.3,server/run_2025_12_27/results/pcsa/cpu/raw/temporal/pcsa_arch_64_32_scaler_standard_opt_rmsprop_batch_64_act_relu_drop_0.3,64_32,standard_opt_rmsprop_batch_64_act_relu_drop_0,rmsprop_batch_64_act_relu_drop_0,64,relu_drop_0,0.3,64,0.3,637.867089755349,114.2885879217644,324.3184815971591,2441.025284281244,234.29786968719225,836.9738814538476,11,637.867089755349,174.01368713378906,2441.025284281244,35341.09045410156,1616.5954910278313,114.2885879217644,56.60205078125,234.29786968719225,10229.771484375,312.08958435058594,324.3184815971591,175.49508666992188,836.9738814538476,38513.99871826172,1291.2073364257812,,,,,,,,,,,,,,,
pcsa,memory,raw,record,pcsa_arch_128_64_scaler_minmax_opt_adam_batch_128_act_elu_drop_0.2,server/run_2025_12_27/results/pcsa/memory/raw/record/pcsa_arch_128_64_scaler_minmax_opt_adam_batch_128_act_elu_drop_0.2,128_64,minmax_opt_adam_batch_128_act_elu_drop_0,adam_batch_128_act_elu_drop_0,128,elu_drop_0,0.2,128,0.2,2314.0204975631036,1491.0966310889744,2777.9842373193796,4935.908039130572,3782.144870254576,7510.670539874339,12,,,,,,,,,,,,,,,,2314.0204975631036,1255.65625,4935.908039130572,149523.35961914062,8033.979077148436,1491.0966310889744,832.759033203125,3782.144870254576,39754.41455078125,3384.2154785156235,2777.9842373193796,1211.734375,7510.670539874339,111186.54956054688,9732.5146484375
pcsa,memory,raw,record,pcsa_arch_128_64_scaler_minmax_opt_adam_batch_128_act_elu_drop_0.3,server/run_2025_12_27/results/pcsa/memory/raw/record/pcsa_arch_128_64_scaler_minmax_opt_adam_batch_128_act_elu_drop_0.3,128_64,minmax_opt_adam_batch_128_act_elu_drop_0,adam_batch_128_act_elu_drop_0,128,elu_drop_0,0.3,128,0.3,2152.002361764339,1740.4872521857856,2838.7999037058257,4767.826319765685,3664.206312279735,7262.705245116645,13,,,,,,,,,,,,,,,,2152.002361764339,1122.799560546875,4767.826319765685,149076.76000976562,7026.542041015624,1740.4872521857856,1307.3963623046875,3664.206312279735,39286.818603515625,2625.73500976562,2838.7999037058257,1477.72998046875,7262.705245116645,109650.0009765625,8777.1455078125
pcsa,memory,raw,record,pcsa_arch_128_64_scaler_minmax_opt_adam_batch_128_act_relu_drop_0.2,server/run_2025_12_27/results/pcsa/memory/raw/record/pcsa_arch_128_64_scaler_minmax_opt_adam_batch_128_act_relu_drop_0.2,128_64,minmax_opt_adam_batch_128_act_relu_drop_0,adam_batch_128_act_relu_drop_0,128,relu_drop_0,0.2,128,0.2,2195.034292221774,1606.771562706639,2802.234217902146,4832.6683336614615,3716.9671424870457,7346.499429526959,12,,,,,,,,,,,,,,,,2195.034292221774,1136.6328125,4832.6683336614615,149337.16674804688,7365.894946289062,1606.771562706639,1056.869140625,3716.9671424870457,39493.30810546875,2906.7636230468743,2802.234217902146,1364.059814453125,7346.499429526959,110067.435546875,9150.296875
pcsa,memory,raw,record,pcsa_arch_128_64_scaler_minmax_opt_adam_batch_128_act_relu_drop_0.3,server/run_2025_12_27/results/pcsa/memory/raw/record/pcsa_arch_128_64_scaler_minmax_opt_adam_batch_128_act_relu_drop_0.3,128_64,minmax_opt_adam_batch_128_act_relu_drop_0,adam_batch_128_act_relu_drop_0,128,relu_drop_0,0.3,128,0.3,2214.7427363715824,1632.051788119612,2832.328930499542,4818.1051937940765,3707.162215727332,7326.464465059048,12,,,,,,,,,,,,,,,,2214.7427363715824,1157.58837890625,4818.1051937940765,149230.01782226562,7301.149291992183,1632.051788119612,1117.531982421875,3707.162215727332,39434.0234375,2853.0966796875,2832.328930499542,1393.995361328125,7326.464465059048,109990.791015625,9075.747802734377
pcsa,memory,raw,record,pcsa_arch_128_64_scaler_minmax_opt_adam_batch_64_act_elu_drop_0.2,server/run_2025_12_27/results/pcsa/memory/raw/record/pcsa_arch_128_64_scaler_minmax_opt_adam_batch_64_act_elu_drop_0.2,128_64,minmax_opt_adam_batch_64_act_elu_drop_0,adam_batch_64_act_elu_drop_0,64,elu_drop_0,0.2,64,0.2,2340.3905132446803,1526.0415379634844,2807.4887893502196,4904.454014927749,3756.4617111142593,7475.677865178795,11,,,,,,,,,,,,,,,,2340.3905132446803,1297.1318359375,4904.454014927749,149409.06030273438,7899.178833007806,1526.0415379634844,899.1290283203125,3756.4617111142593,39598.855224609375,3241.8395507812493,2807.4887893502196,1256.50244140625,7475.677865178795,111027.40258789062,9591.877685546877
pcsa,memory,raw,record,pcsa_arch_128_64_scaler_minmax_opt_adam_batch_64_act_elu_drop_0.3,server/run_2025_12_27/results/pcsa/memory/raw/record/pcsa_arch_128_64_scaler_minmax_opt_adam_batch_64_act_elu_drop_0.3,128_64,minmax_opt_adam_batch_64_act_elu_drop_0,adam_batch_64_act_elu_drop_0,64,elu_drop_0,0.3,64,0.3,2227.2506839463294,1455.315225650225,2744.347940372909,5068.041562658324,3864.293178441751,7639.22154375142,11,,,,,,,,,,,,,,,,2227.2506839463294,1096.138916015625,5068.041562658324,149864.74096679688,8525.855078124994,1455.315225650225,765.81689453125,3864.293178441751,40103.19189453125,3809.1393554687497,2744.347940372909,1067.9619140625,7639.22154375142,111871.1318359375,10221.994140625
pcsa,memory,raw,record,pcsa_arch_128_64_scaler_minmax_opt_adam_batch_64_act_relu_drop_0.2,server/run_2025_12_27/results/pcsa/memory/raw/record/pcsa_arch_128_64_scaler_minmax_opt_adam_batch_64_act_relu_drop_0.2,128_64,minmax_opt_adam_batch_64_act_relu_drop_0,adam_batch_64_act_relu_drop_0,64,relu_drop_0,0.2,64,0.2,2226.6445293067145,1638.898301347595,2838.21383501037,4811.050561836263,3699.832215127454,7323.945983771448,11,,,,,,,,,,,,,,,,2226.6445293067145,1190.662109375,4811.050561836263,149198.5048828125,7296.063623046864,1638.898301347595,1140.00732421875,3699.832215127454,39319.611572265625,2814.600244140625,2838.21383501037,1415.297119140625,7323.945983771448,109974.99658203124,9084.355224609377
pcsa,memory,raw,record,pcsa_arch_128_64_scaler_minmax_opt_adam_batch_64_act_relu_drop_0.3,server/run_2025_12_27/results/pcsa/memory/raw/record/pcsa_arch_128_64_scaler_minmax_opt_adam_batch_64_act_relu_drop_0.3,128_64,minmax_opt_adam_batch_64_act_relu_drop_0,adam_batch_64_act_relu_drop_0,64,relu_drop_0,0.3,64,0.3,2274.9023206806582,1534.6745057109008,2806.4765673399606,4894.242173220747,3751.192164383773,7436.982926985012,11,,,,,,,,,,,,,,,,2274.9023206806582,1228.62646484375,4894.242173220747,149432.56030273438,7758.103320312495,1534.6745057109008,905.875,3751.192164383773,39584.93408203125,3158.917065429687,2806.4765673399606,1285.037353515625,7436.982926985012,110689.92724609376,9472.7255859375
pcsa,memory,raw,record,pcsa_arch_128_64_scaler_minmax_opt_rmsprop_batch_128_act_elu_drop_0.2,server/run_2025_12_27/results/pcsa/memory/raw/record/pcsa_arch_128_64_scaler_minmax_opt_rmsprop_batch_128_act_elu_drop_0.2,128_64,minmax_opt_rmsprop_batch_128_act_elu_drop_0,rmsprop_batch_128_act_elu_drop_0,128,elu_drop_0,0.2,128,0.2,2353.184866950534,1550.241905590285,2817.5473618847395,4878.564430064871,3745.2965410081256,7446.413054042317,13,,,,,,,,,,,,,,,,2353.184866950534,1332.613037109375,4878.564430064871,149390.32592773438,7805.586743164063,1550.241905590285,890.6328125,3745.2965410081256,39601.848876953125,3143.819262695312,2817.5473618847395,1328.8798828125,7446.413054042317,110860.81518554688,9488.063720703123
pcsa,memory,raw,record,pcsa_arch_128_64_scaler_minmax_opt_rmsprop_batch_128_act_elu_drop_0.3,server/run_2025_12_27/results/pcsa/memory/raw/record/pcsa_arch_128_64_scaler_minmax_opt_rmsprop_batch_128_act_elu_drop_0.3,128_64,minmax_opt_rmsprop_batch_128_act_elu_drop_0,rmsprop_batch_128_act_elu_drop_0,128,elu_drop_0,0.3,128,0.3,2289.000639422951,1682.261091637686,2855.357832410795,4775.4803793410365,3680.1993931194183,7307.887406974385,14,,,,,,,,,,,,,,,,2289.000639422951,1256.419189453125,4775.4803793410365,149109.70043945312,7211.8727539062365,1682.261091637686,1248.7039794921875,3680.1993931194183,39357.251220703125,2749.59423828125,2855.357832410795,1526.64697265625,7307.887406974385,110047.04248046876,8932.841552734375
pcsa,memory,raw,record,pcsa_arch_128_64_scaler_minmax_opt_rmsprop_batch_128_act_relu_drop_0.2,server/run_2025_12_27/results/pcsa/memory/raw/record/pcsa_arch_128_64_scaler_minmax_opt_rmsprop_batch_128_act_relu_drop_0.2,128_64,minmax_opt_rmsprop_batch_128_act_relu_drop_0,rmsprop_batch_128_act_relu_drop_0,128,relu_drop_0,0.2,128,0.2,2210.9529659580644,1654.8487145115962,2836.718822733322,4797.3525220751435,3697.76744143778,7304.397528514811,13,,,,,,,,,,,,,,,,2210.9529659580644,1150.6416015625,4797.3525220751435,149158.71362304688,7177.8324707031215,1654.8487145115962,1173.784423828125,3697.76744143778,39396.59912109375,2785.7665527343743,2836.718822733322,1423.98583984375,7304.397528514811,109882.55810546876,8971.9921875
pcsa,memory,raw,record,pcsa_arch_128_64_scaler_minmax_opt_rmsprop_batch_128_act_relu_drop_0.3,server/run_2025_12_27/results/pcsa/memory/raw/record/pcsa_arch_128_64_scaler_minmax_opt_rmsprop_batch_128_act_relu_drop_0.3,128_64,minmax_opt_rmsprop_batch_128_act_relu_drop_0,rmsprop_batch_128_act_relu_drop_0,128,relu_drop_0,0.3,128,0.3,2272.1669041738824,1710.6080550334298,2881.0838061955783,4765.537506188641,3680.7639841464343,7274.176651290626,13,,,,,,,,,,,,,,,,2272.1669041738824,1236.848388671875,4765.537506188641,149075.4345703125,7082.45344238281,1710.6080550334298,1301.066162109375,3680.7639841464343,39295.591796875,2670.0419921875,2881.0838061955783,1511.82373046875,7274.176651290626,109741.462890625,8901.739013671875
pcsa,memory,raw,record,pcsa_arch_128_64_scaler_minmax_opt_rmsprop_batch_64_act_elu_drop_0.2,server/run_2025_12_27/results/pcsa/memory/raw/record/pcsa_arch_128_64_scaler_minmax_opt_rmsprop_batch_64_act_elu_drop_0.2,128_64,minmax_opt_rmsprop_batch_64_act_elu_drop_0,rmsprop_batch_64_act_elu_drop_0,64,elu_drop_0,0.2,64,0.2,2360.3687652593017,1591.9427478754408,2839.525223847225,4827.974636115198,3716.983324771848,7389.599141678407,12,,,,,,,,,,,,,,,,2360.3687652593017,1345.464111328125,4827.974636115198,149230.40771484375,7573.514111328124,1591.9427478754408,1020.711181640625,3716.983324771848,39488.8857421875,3005.1842773437493,2839.525223847225,1459.9990234375,7389.599141678407,110565.56396484376,9224.063232421877
pcsa,memory,raw,record,pcsa_arch_128_64_scaler_minmax_opt_rmsprop_batch_64_act_elu_drop_0.3,server/run_2025_12_27/results/pcsa/memory/raw/record/pcsa_arch_128_64_scaler_minmax_opt_rmsprop_batch_64_act_elu_drop_0.3,128_64,minmax_opt_rmsprop_batch_64_act_elu_drop_0,rmsprop_batch_64_act_elu_drop_0,64,elu_drop_0,0.3,64,0.3,2318.2213839063156,1580.2468127785803,2808.4668816221374,4838.2077549910255,3725.010811824273,7399.328942186458,12,,,,,,,,,,,,,,,,2318.2213839063156,1293.5263671875,4838.2077549910255,149288.62548828125,7585.044873046873,1580.2468127785803,979.71826171875,3725.010811824273,39592.927734375,3045.4650390624993,2808.4668816221374,1456.39794921875,7399.328942186458,110599.4345703125,9215.280517578123
pcsa,memory,raw,record,pcsa_arch_128_64_scaler_minmax_opt_rmsprop_batch_64_act_relu_drop_0.2,server/run_2025_12_27/results/pcsa/memory/raw/record/pcsa_arch_128_64_scaler_minmax_opt_rmsprop_batch_64_act_relu_drop_0.2,128_64,minmax_opt_rmsprop_batch_64_act_relu_drop_0,rmsprop_batch_64_act_relu_drop_0,64,relu_drop_0,0.2,64,0.2,2138.115819057974,2002.5832988679224,2942.3041797441256,4663.756105522221,3602.2509675102374,7099.888763311177,12,,,,,,,,,,,,,,,,2138.115819057974,1104.08203125,4663.756105522221,148810.294921875,6428.595605468749,2002.5832988679224,1632.075927734375,3602.2509675102374,39022.76611328125,2959.99560546875,2942.3041797441256,1570.036865234375,7099.888763311177,108529.5185546875,8244.2421875
pcsa,memory,raw,record,pcsa_arch_128_64_scaler_minmax_opt_rmsprop_batch_64_act_relu_drop_0.3,server/run_2025_12_27/results/pcsa/memory/raw/record/pcsa_arch_128_64_scaler_minmax_opt_rmsprop_batch_64_act_relu_drop_0.3,128_64,minmax_opt_rmsprop_batch_64_act_relu_drop_0,rmsprop_batch_64_act_relu_drop_0,64,relu_drop_0,0.3,64,0.3,2143.45112499836,1766.2635734916855,2864.9236785262156,4749.716633226944,3662.4189937375113,7220.184743265933,12,,,,,,,,,,,,,,,,2143.45112499836,1105.3603515625,4749.716633226944,149005.6591796875,6892.614990234374,1766.2635734916855,1350.288330078125,3662.4189937375113,39291.635498046875,2627.86767578125,2864.9236785262156,1506.608642578125,7220.184743265933,109317.12060546876,8686.6845703125
pcsa,memory,raw,record,pcsa_arch_128_64_scaler_standard_opt_adam_batch_128_act_elu_drop_0.2,server/run_2025_12_27/results/pcsa/memory/raw/record/pcsa_arch_128_64_scaler_standard_opt_adam_batch_128_act_elu_drop_0.2,128_64,standard_opt_adam_batch_128_act_elu_drop_0,adam_batch_128_act_elu_drop_0,128,elu_drop_0,0.2,128,0.2,2194.9223803621417,1673.3832945294514,2682.933639373026,3889.046772709462,3730.0014447824983,6177.624815521175,12,,,,,,,,,,,,,,,,2194.9223803621417,1450.0389976501465,3889.046772709462,148118.4345703125,5476.377832031248,1673.3832945294514,806.39599609375,3730.0014447824983,40092.43310546875,5017.0615234375,2682.933639373026,1557.65771484375,6177.624815521175,97892.2421875,5822.6005859375
pcsa,memory,raw,record,pcsa_arch_128_64_scaler_standard_opt_adam_batch_128_act_elu_drop_0.3,server/run_2025_12_27/results/pcsa/memory/raw/record/pcsa_arch_128_64_scaler_standard_opt_adam_batch_128_act_elu_drop_0.3,128_64,standard_opt_adam_batch_128_act_elu_drop_0,adam_batch_128_act_elu_drop_0,128,elu_drop_0,0.3,128,0.3,2209.893889388474,1636.1867519414536,2600.942712271481,3944.8701576524745,3694.125060454825,6276.122100855138,12,,,,,,,,,,,,,,,,2209.893889388474,1500.507318019867,3944.8701576524745,148410.88647460938,5360.772070312497,1636.1867519414536,964.527099609375,3694.125060454825,39882.902587890625,4723.5927734375,2600.942712271481,1487.94921875,6276.122100855138,98965.18359375,5579.72216796875
pcsa,memory,raw,record,pcsa_arch_128_64_scaler_standard_opt_adam_batch_128_act_relu_drop_0.2,server/run_2025_12_27/results/pcsa/memory/raw/record/pcsa_arch_128_64_scaler_standard_opt_adam_batch_128_act_relu_drop_0.2,128_64,standard_opt_adam_batch_128_act_relu_drop_0,adam_batch_128_act_relu_drop_0,128,relu_drop_0,0.2,128,0.2,1377.2387575156265,1718.386327627535,2411.8894200219647,3745.0728459326833,3586.0716771658253,5725.652547591173,13,,,,,,,,,,,,,,,,1377.2387575156265,315.6103515625,3745.0728459326833,146081.85888671875,5292.033203125,1718.386327627535,903.93798828125,3586.0716771658253,38638.88916015625,4172.640258789042,2411.8894200219647,1138.6318359375,5725.652547591173,90441.033203125,6210.60302734375
pcsa,memory,raw,record,pcsa_arch_128_64_scaler_standard_opt_adam_batch_128_act_relu_drop_0.3,server/run_2025_12_27/results/pcsa/memory/raw/record/pcsa_arch_128_64_scaler_standard_opt_adam_batch_128_act_relu_drop_0.3,128_64,standard_opt_adam_batch_128_act_relu_drop_0,adam_batch_128_act_relu_drop_0,128,relu_drop_0,0.3,128,0.3,1758.2417830536888,1693.9574249554578,2457.6490062814655,3873.905534992591,3629.703837972696,6059.135534150972,12,,,,,,,,,,,,,,,,1758.2417830536888,881.42822265625,3873.905534992591,147451.408203125,5483.508984374996,1693.9574249554578,934.990966796875,3629.703837972696,39193.84326171875,4734.650097656249,2457.6490062814655,1139.6943359375,6059.135534150972,95580.466796875,6112.85009765625
pcsa,memory,raw,record,pcsa_arch_128_64_scaler_standard_opt_adam_batch_64_act_elu_drop_0.2,server/run_2025_12_27/results/pcsa/memory/raw/record/pcsa_arch_128_64_scaler_standard_opt_adam_batch_64_act_elu_drop_0.2,128_64,standard_opt_adam_batch_64_act_elu_drop_0,adam_batch_64_act_elu_drop_0,64,elu_drop_0,0.2,64,0.2,2207.7893971247436,1729.9122880319817,2639.361194287324,3990.033950179653,3699.575718997133,6343.511973366573,11,,,,,,,,,,,,,,,,2207.7893971247436,1450.288818359375,3990.033950179653,148460.947265625,5440.100976562498,1729.9122880319817,1109.8466796875,3699.575718997133,40064.390625,4758.6240234375,2639.361194287324,1459.4703369140625,6343.511973366573,99999.5400390625,5624.861328125
pcsa,memory,raw,record,pcsa_arch_128_64_scaler_standard_opt_adam_batch_64_act_elu_drop_0.3,server/run_2025_12_27/results/pcsa/memory/raw/record/pcsa_arch_128_64_scaler_standard_opt_adam_batch_64_act_elu_drop_0.3,128_64,standard_opt_adam_batch_64_act_elu_drop_0,adam_batch_64_act_elu_drop_0,64,elu_drop_0,0.3,64,0.3,2216.736619428591,1790.6787295828792,2641.6792297458933,4007.007978672608,3668.459205878849,6371.107827934415,11,,,,,,,,,,,,,,,,2216.736619428591,1447.4225902557373,4007.007978672608,148456.5048828125,5426.204589843748,1790.6787295828792,1196.12255859375,3668.459205878849,39819.68310546875,4848.45751953125,2641.6792297458933,1382.9716796875,6371.107827934415,100435.751953125,5737.17578125
pcsa,memory,raw,record,pcsa_arch_128_64_scaler_standard_opt_adam_batch_64_act_relu_drop_0.2,server/run_2025_12_27/results/pcsa/memory/raw/record/pcsa_arch_128_64_scaler_standard_opt_adam_batch_64_act_relu_drop_0.2,128_64,standard_opt_adam_batch_64_act_relu_drop_0,adam_batch_64_act_relu_drop_0,64,relu_drop_0,0.2,64,0.2,1319.58275742948,1670.022409995148,2308.641996774941,3753.1382159002537,3584.7386093154746,5763.899200757546,12,,,,,,,,,,,,,,,,1319.58275742948,328.961669921875,3753.1382159002537,146321.09326171875,5047.0595703125,1670.022409995148,875.4447021484375,3584.7386093154746,39071.84619140625,3740.067651367187,2308.641996774941,1069.3748779296875,5763.899200757546,91188.435546875,5856.44580078125
pcsa,memory,raw,record,pcsa_arch_128_64_scaler_standard_opt_adam_batch_64_act_relu_drop_0.3,server/run_2025_12_27/results/pcsa/memory/raw/record/pcsa_arch_128_64_scaler_standard_opt_adam_batch_64_act_relu_drop_0.3,128_64,standard_opt_adam_batch_64_act_relu_drop_0,adam_batch_64_act_relu_drop_0,64,relu_drop_0,0.3,64,0.3,1324.6092775841305,1769.1020909898334,2433.6438261939898,3721.154246406499,3573.9954091068753,5692.664099211455,12,,,,,,,,,,,,,,,,1324.6092775841305,293.2821044921875,3721.154246406499,145765.6982421875,5220.770703124997,1769.1020909898334,1079.03515625,3573.9954091068753,38821.398193359375,3962.69963378906,2433.6438261939898,1206.45361328125,5692.664099211455,90126.373046875,6115.9853515625
pcsa,memory,raw,record,pcsa_arch_128_64_scaler_standard_opt_rmsprop_batch_128_act_elu_drop_0.2,server/run_2025_12_27/results/pcsa/memory/raw/record/pcsa_arch_128_64_scaler_standard_opt_rmsprop_batch_128_act_elu_drop_0.2,128_64,standard_opt_rmsprop_batch_128_act_elu_drop_0,rmsprop_batch_128_act_elu_drop_0,128,elu_drop_0,0.2,128,0.2,2216.22993590889,1476.7619109162715,2574.673644913866,4276.703724004644,3757.032903909323,6745.195535760192,12,,,,,,,,,,,,,,,,2216.22993590889,1527.5760765075684,4276.703724004644,149711.87426757812,5354.577880859375,1476.7619109162715,733.6040649414062,3757.032903909323,40550.956298828125,3359.72265625,2574.673644913866,1337.59912109375,6745.195535760192,103832.857421875,6938.73291015625
pcsa,memory,raw,record,pcsa_arch_128_64_scaler_standard_opt_rmsprop_batch_128_act_elu_drop_0.3,server/run_2025_12_27/results/pcsa/memory/raw/record/pcsa_arch_128_64_scaler_standard_opt_rmsprop_batch_128_act_elu_drop_0.3,128_64,standard_opt_rmsprop_batch_128_act_elu_drop_0,rmsprop_batch_128_act_elu_drop_0,128,elu_drop_0,0.3,128,0.3,2194.3178065893453,1798.497478516199,2655.601920687355,3973.03061471007,3705.395006234345,6311.091015012351,13,,,,,,,,,,,,,,,,2194.3178065893453,1465.7005138397217,3973.03061471007,148270.28759765625,5375.534228515621,1798.497478516199,1164.5496826171875,3705.395006234345,40094.135009765625,5007.767578125,2655.601920687355,1467.030029296875,6311.091015012351,99583.9658203125,5691.6181640625
pcsa,memory,raw,record,pcsa_arch_128_64_scaler_standard_opt_rmsprop_batch_128_act_relu_drop_0.2,server/run_2025_12_27/results/pcsa/memory/raw/record/pcsa_arch_128_64_scaler_standard_opt_rmsprop_batch_128_act_relu_drop_0.2,128_64,standard_opt_rmsprop_batch_128_act_relu_drop_0,rmsprop_batch_128_act_relu_drop_0,128,relu_drop_0,0.2,128,0.2,1972.111731537403,1510.1131729556475,2463.3718066207293,4222.651579957776,3727.4913487157614,6631.947124020442,12,,,,,,,,,,,,,,,,1972.111731537403,1207.5001525878906,4222.651579957776,149484.12548828125,5277.672180175776,1510.1131729556475,884.133056640625,3727.4913487157614,40286.561279296875,3683.7326171874993,2463.3718066207293,1226.552734375,6631.947124020442,102573.638671875,6355.34130859375
pcsa,memory,raw,record,pcsa_arch_128_64_scaler_standard_opt_rmsprop_batch_128_act_relu_drop_0.3,server/run_2025_12_27/results/pcsa/memory/raw/record/pcsa_arch_128_64_scaler_standard_opt_rmsprop_batch_128_act_relu_drop_0.3,128_64,standard_opt_rmsprop_batch_128_act_relu_drop_0,rmsprop_batch_128_act_relu_drop_0,128,relu_drop_0,0.3,128,0.3,1368.711583854874,1721.5290330366654,2369.9392560639926,3778.10148951124,3621.824661207878,5805.5443335049895,14,,,,,,,,,,,,,,,,1368.711583854874,316.2178955078125,3778.10148951124,146457.2041015625,5214.072265625,1721.5290330366654,903.4852294921876,3621.824661207878,39194.4208984375,4305.66064453125,2369.9392560639926,1092.963623046875,5805.5443335049895,91706.56640625,6088.8369140625
pcsa,memory,raw,record,pcsa_arch_128_64_scaler_standard_opt_rmsprop_batch_64_act_elu_drop_0.2,server/run_2025_12_27/results/pcsa/memory/raw/record/pcsa_arch_128_64_scaler_standard_opt_rmsprop_batch_64_act_elu_drop_0.2,128_64,standard_opt_rmsprop_batch_64_act_elu_drop_0,rmsprop_batch_64_act_elu_drop_0,64,elu_drop_0,0.2,64,0.2,2242.2709456846565,1421.7660318870903,2751.4163427887956,4618.785102237742,3871.179604668856,7121.252797821476,11,,,,,,,,,,,,,,,,2242.2709456846565,1445.694091796875,4618.785102237742,150353.873046875,6590.393066406246,1421.7660318870903,712.9402465820312,3871.179604668856,41092.13659667969,3525.926513671875,2751.4163427887956,1376.6538696289062,7121.252797821476,107350.4111328125,8528.480712890625
pcsa,memory,raw,record,pcsa_arch_128_64_scaler_standard_opt_rmsprop_batch_64_act_elu_drop_0.3,server/run_2025_12_27/results/pcsa/memory/raw/record/pcsa_arch_128_64_scaler_standard_opt_rmsprop_batch_64_act_elu_drop_0.3,128_64,standard_opt_rmsprop_batch_64_act_elu_drop_0,rmsprop_batch_64_act_elu_drop_0,64,elu_drop_0,0.3,64,0.3,2127.8148700074003,1880.0547115313968,2695.3480848084982,3930.339300432433,3713.342621018787,6234.8633906497835,12,,,,,,,,,,,,,,,,2127.8148700074003,1455.256209373474,3930.339300432433,147732.484375,5503.891210937499,1880.0547115313968,1140.69482421875,3713.342621018787,40367.150146484375,4986.3095703125,2695.3480848084982,1553.7897396087646,6234.8633906497835,98780.07421875,5902.0849609375
pcsa,memory,raw,record,pcsa_arch_128_64_scaler_standard_opt_rmsprop_batch_64_act_relu_drop_0.2,server/run_2025_12_27/results/pcsa/memory/raw/record/pcsa_arch_128_64_scaler_standard_opt_rmsprop_batch_64_act_relu_drop_0.2,128_64,standard_opt_rmsprop_batch_64_act_relu_drop_0,rmsprop_batch_64_act_relu_drop_0,64,relu_drop_0,0.2,64,0.2,1441.9044880105507,1870.0185778578991,2417.250900672682,3920.018604759891,3578.01143988916,6010.36085204942,12,,,,,,,,,,,,,,,,1441.9044880105507,348.1737060546875,3920.018604759891,147096.8330078125,5427.322802734375,1870.0185778578991,1155.28857421875,3578.01143988916,39035.748779296875,4778.875708007796,2417.250900672682,1220.4293212890625,6010.36085204942,94872.556640625,6238.63232421875
pcsa,memory,raw,record,pcsa_arch_128_64_scaler_standard_opt_rmsprop_batch_64_act_relu_drop_0.3,server/run_2025_12_27/results/pcsa/memory/raw/record/pcsa_arch_128_64_scaler_standard_opt_rmsprop_batch_64_act_relu_drop_0.3,128_64,standard_opt_rmsprop_batch_64_act_relu_drop_0,rmsprop_batch_64_act_relu_drop_0,64,relu_drop_0,0.3,64,0.3,1577.6028463721416,1909.4665385183496,2496.283765497822,3853.117292787347,3558.327724806254,5955.537542083265,12,,,,,,,,,,,,,,,,1577.6028463721416,633.631103515625,3853.117292787347,146758.390625,5354.378222656248,1909.4665385183496,1104.4420166015625,3558.327724806254,38919.92724609375,4593.569042968749,2496.283765497822,1192.657470703125,5955.537542083265,94087.322265625,6326.8916015625
pcsa,memory,raw,record,pcsa_arch_64_32_scaler_minmax_opt_adam_batch_128_act_elu_drop_0.2,server/run_2025_12_27/results/pcsa/memory/raw/record/pcsa_arch_64_32_scaler_minmax_opt_adam_batch_128_act_elu_drop_0.2,64_32,minmax_opt_adam_batch_128_act_elu_drop_0,adam_batch_128_act_elu_drop_0,128,elu_drop_0,0.2,128,0.2,2255.512163705001,1610.7508882432896,2819.1018594784564,4826.85840000766,3710.828969138043,7360.940559529417,14,,,,,,,,,,,,,,,,2255.512163705001,1212.3740234375,4826.85840000766,149244.04272460938,7434.381811523432,1610.7508882432896,1087.3525390625,3710.828969138043,39468.21044921875,2930.2587402343743,2819.1018594784564,1416.3017578125,7360.940559529417,110281.580078125,9142.39111328125
pcsa,memory,raw,record,pcsa_arch_64_32_scaler_minmax_opt_adam_batch_128_act_elu_drop_0.3,server/run_2025_12_27/results/pcsa/memory/raw/record/pcsa_arch_64_32_scaler_minmax_opt_adam_batch_128_act_elu_drop_0.3,64_32,minmax_opt_adam_batch_128_act_elu_drop_0,adam_batch_128_act_elu_drop_0,128,elu_drop_0,0.3,128,0.3,2029.6162496146228,1593.6907620708023,2737.20602660425,4865.593801501542,3718.520427342357,7362.028982478691,16,,,,,,,,,,,,,,,,2029.6162496146228,947.072509765625,4865.593801501542,149340.41088867188,7365.301464843747,1593.6907620708023,1049.59228515625,3718.520427342357,39578.81787109375,2949.2306640624993,2737.20602660425,1323.56396484375,7362.028982478691,110136.82958984376,9122.923828125
pcsa,memory,raw,record,pcsa_arch_64_32_scaler_minmax_opt_adam_batch_128_act_relu_drop_0.2,server/run_2025_12_27/results/pcsa/memory/raw/record/pcsa_arch_64_32_scaler_minmax_opt_adam_batch_128_act_relu_drop_0.2,64_32,minmax_opt_adam_batch_128_act_relu_drop_0,adam_batch_128_act_relu_drop_0,128,relu_drop_0,0.2,128,0.2,2201.6748990393444,1586.092717300463,2809.2154705536027,4843.520231768728,3722.619979192958,7360.553326354973,13,,,,,,,,,,,,,,,,2201.6748990393444,1135.849853515625,4843.520231768728,149265.9990234375,7425.737866210931,1586.092717300463,1032.6944580078125,3722.619979192958,39505.682861328125,2973.2697998046783,2809.2154705536027,1357.8828125,7360.553326354973,110181.86669921876,9186.892578125
pcsa,memory,raw,record,pcsa_arch_64_32_scaler_minmax_opt_adam_batch_128_act_relu_drop_0.3,server/run_2025_12_27/results/pcsa/memory/raw/record/pcsa_arch_64_32_scaler_minmax_opt_adam_batch_128_act_relu_drop_0.3,64_32,minmax_opt_adam_batch_128_act_relu_drop_0,adam_batch_128_act_relu_drop_0,128,relu_drop_0,0.3,128,0.3,2179.6139326852435,1529.9388278112142,2776.673739857891,4894.974086864624,3751.5684343040457,7416.550504995275,13,,,,,,,,,,,,,,,,2179.6139326852435,1096.531005859375,4894.974086864624,149417.35375976562,7659.23945312499,1529.9388278112142,906.4833984375,3751.5684343040457,39626.453369140625,3126.806494140619,2776.673739857891,1269.157470703125,7416.550504995275,110497.8349609375,9388.4951171875
pcsa,memory,raw,record,pcsa_arch_64_32_scaler_minmax_opt_adam_batch_64_act_elu_drop_0.2,server/run_2025_12_27/results/pcsa/memory/raw/record/pcsa_arch_64_32_scaler_minmax_opt_adam_batch_64_act_elu_drop_0.2,64_32,minmax_opt_adam_batch_64_act_elu_drop_0,adam_batch_64_act_elu_drop_0,64,elu_drop_0,0.2,64,0.2,2277.0850731560927,1543.1932524582437,2792.493526676945,4869.6598872181285,3739.579892063056,7423.585285249571,12,,,,,,,,,,,,,,,,2277.0850731560927,1236.708251953125,4869.6598872181285,149357.15502929688,7686.129028320312,1543.1932524582437,911.931640625,3739.579892063056,39577.968994140625,3123.748291015624,2792.493526676945,1325.833984375,7423.585285249571,110639.0263671875,9366.20458984375
pcsa,memory,raw,record,pcsa_arch_64_32_scaler_minmax_opt_adam_batch_64_act_elu_drop_0.3,server/run_2025_12_27/results/pcsa/memory/raw/record/pcsa_arch_64_32_scaler_minmax_opt_adam_batch_64_act_elu_drop_0.3,64_32,minmax_opt_adam_batch_64_act_elu_drop_0,adam_batch_64_act_elu_drop_0,64,elu_drop_0,0.3,64,0.3,2206.698157457789,1479.963882264523,2738.37447064604,4954.2948869903885,3786.464055013586,7511.777534430866,12,,,,,,,,,,,,,,,,2206.698157457789,1116.294921875,4954.2948869903885,149585.87353515625,8023.318847656243,1479.963882264523,832.390869140625,3786.464055013586,39785.911865234375,3383.2584960937493,2738.37447064604,1166.04248046875,7511.777534430866,111091.37524414062,9680.137451171877
pcsa,memory,raw,record,pcsa_arch_64_32_scaler_minmax_opt_adam_batch_64_act_relu_drop_0.2,server/run_2025_12_27/results/pcsa/memory/raw/record/pcsa_arch_64_32_scaler_minmax_opt_adam_batch_64_act_relu_drop_0.2,64_32,minmax_opt_adam_batch_64_act_relu_drop_0,adam_batch_64_act_relu_drop_0,64,relu_drop_0,0.2,64,0.2,2088.6580745155725,1908.2142850965545,2890.4997873860752,4695.78167300151,3620.606167693575,7138.970317044294,12,,,,,,,,,,,,,,,,2088.6580745155725,1055.007080078125,4695.78167300151,148869.669921875,6540.733398437493,1908.2142850965545,1545.686767578125,3620.606167693575,39086.65869140625,2864.373486328116,2890.4997873860752,1526.650634765625,7138.970317044294,108718.94873046876,8407.59814453125
pcsa,memory,raw,record,pcsa_arch_64_32_scaler_minmax_opt_adam_batch_64_act_relu_drop_0.3,server/run_2025_12_27/results/pcsa/memory/raw/record/pcsa_arch_64_32_scaler_minmax_opt_adam_batch_64_act_relu_drop_0.3,64_32,minmax_opt_adam_batch_64_act_relu_drop_0,adam_batch_64_act_relu_drop_0,64,relu_drop_0,0.3,64,0.3,2102.4376991744725,1863.968633822737,2871.280561003859,4708.823651035516,3628.815793406268,7166.854831106285,12,,,,,,,,,,,,,,,,2102.4376991744725,1086.53271484375,4708.823651035516,148925.8369140625,6625.121972656249,1863.968633822737,1465.166748046875,3628.815793406268,39088.014404296875,2867.6891601562493,2871.280561003859,1566.04541015625,7166.854831106285,108875.3720703125,8514.41845703125
pcsa,memory,raw,record,pcsa_arch_64_32_scaler_minmax_opt_rmsprop_batch_128_act_elu_drop_0.2,server/run_2025_12_27/results/pcsa/memory/raw/record/pcsa_arch_64_32_scaler_minmax_opt_rmsprop_batch_128_act_elu_drop_0.2,64_32,minmax_opt_rmsprop_batch_128_act_elu_drop_0,rmsprop_batch_128_act_elu_drop_0,128,elu_drop_0,0.2,128,0.2,2343.583232028298,1600.3175921305594,2833.8702972799497,4825.717154998803,3718.025850528902,7383.10512579751,16,,,,,,,,,,,,,,,,2343.583232028298,1329.861083984375,4825.717154998803,149257.00708007812,7523.480249023432,1600.3175921305594,1054.02978515625,3718.025850528902,39521.253662109375,2979.427001953125,2833.8702972799497,1456.935546875,7383.10512579751,110498.619140625,9215.53466796875
pcsa,memory,raw,record,pcsa_arch_64_32_scaler_minmax_opt_rmsprop_batch_128_act_elu_drop_0.3,server/run_2025_12_27/results/pcsa/memory/raw/record/pcsa_arch_64_32_scaler_minmax_opt_rmsprop_batch_128_act_elu_drop_0.3,64_32,minmax_opt_rmsprop_batch_128_act_elu_drop_0,rmsprop_batch_128_act_elu_drop_0,128,elu_drop_0,0.3,128,0.3,2307.723836816488,1571.0331362733273,2804.96801038514,4848.4035013204875,3728.76771756575,7408.256043015949,16,,,,,,,,,,,,,,,,2307.723836816488,1278.470703125,4848.4035013204875,149313.49658203125,7616.471728515623,1571.0331362733273,960.858154296875,3728.76771756575,39560.09619140625,3055.1396484375,2804.96801038514,1397.09375,7408.256043015949,110610.12890625,9269.4072265625
pcsa,memory,raw,record,pcsa_arch_64_32_scaler_minmax_opt_rmsprop_batch_128_act_relu_drop_0.2,server/run_2025_12_27/results/pcsa/memory/raw/record/pcsa_arch_64_32_scaler_minmax_opt_rmsprop_batch_128_act_relu_drop_0.2,64_32,minmax_opt_rmsprop_batch_128_act_relu_drop_0,rmsprop_batch_128_act_relu_drop_0,128,relu_drop_0,0.2,128,0.2,2246.983182863993,1697.1483318077733,2865.016632170947,4774.190971373309,3686.06984781124,7277.67830239465,15,,,,,,,,,,,,,,,,2246.983182863993,1203.407470703125,4774.190971373309,149128.29248046875,7105.3124267578005,1697.1483318077733,1277.4078369140625,3686.06984781124,39348.37646484375,2693.4760253906243,2865.016632170947,1475.4921875,7277.67830239465,109740.0029296875,8903.70361328125
pcsa,memory,raw,record,pcsa_arch_64_32_scaler_minmax_opt_rmsprop_batch_128_act_relu_drop_0.3,server/run_2025_12_27/results/pcsa/memory/raw/record/pcsa_arch_64_32_scaler_minmax_opt_rmsprop_batch_128_act_relu_drop_0.3,64_32,minmax_opt_rmsprop_batch_128_act_relu_drop_0,rmsprop_batch_128_act_relu_drop_0,128,relu_drop_0,0.3,128,0.3,2257.721514352435,1664.1528253346028,2849.825037372914,4794.0122088091875,3696.8666815751767,7310.32027039041,15,,,,,,,,,,,,,,,,2257.721514352435,1216.654296875,4794.0122088091875,149230.04931640625,7223.527832031242,1664.1528253346028,1201.658935546875,3696.8666815751767,39397.015380859375,2764.853515625,2849.825037372914,1451.674072265625,7310.32027039041,109933.2392578125,9006.0244140625
pcsa,memory,raw,record,pcsa_arch_64_32_scaler_minmax_opt_rmsprop_batch_64_act_elu_drop_0.2,server/run_2025_12_27/results/pcsa/memory/raw/record/pcsa_arch_64_32_scaler_minmax_opt_rmsprop_batch_64_act_elu_drop_0.2,64_32,minmax_opt_rmsprop_batch_64_act_elu_drop_0,rmsprop_batch_64_act_elu_drop_0,64,elu_drop_0,0.2,64,0.2,2320.468765587282,1559.183801116465,2811.7745927775695,4856.520075344589,3732.9068012987086,7418.653462557491,13,,,,,,,,,,,,,,,,2320.468765587282,1291.8681640625,4856.520075344589,149302.75756835938,7672.32131347656,1559.183801116465,921.969970703125,3732.9068012987086,39569.068603515625,3095.876953125,2811.7745927775695,1389.020263671875,7418.653462557491,110689.4013671875,9320.27099609375
pcsa,memory,raw,record,pcsa_arch_64_32_scaler_minmax_opt_rmsprop_batch_64_act_elu_drop_0.3,server/run_2025_12_27/results/pcsa/memory/raw/record/pcsa_arch_64_32_scaler_minmax_opt_rmsprop_batch_64_act_elu_drop_0.3,64_32,minmax_opt_rmsprop_batch_64_act_elu_drop_0,rmsprop_batch_64_act_elu_drop_0,64,elu_drop_0,0.3,64,0.3,2141.153444354796,1714.0298186777527,2822.2348184016146,4784.811005360188,3671.8951360234064,7283.840457508059,14,,,,,,,,,,,,,,,,2141.153444354796,1078.802734375,4784.811005360188,149107.60131835938,7120.216577148433,1714.0298186777527,1290.13525390625,3671.8951360234064,39388.621337890625,2707.9701171874985,2822.2348184016146,1485.286376953125,7283.840457508059,109826.1240234375,8826.560302734375
pcsa,memory,raw,record,pcsa_arch_64_32_scaler_minmax_opt_rmsprop_batch_64_act_relu_drop_0.2,server/run_2025_12_27/results/pcsa/memory/raw/record/pcsa_arch_64_32_scaler_minmax_opt_rmsprop_batch_64_act_relu_drop_0.2,64_32,minmax_opt_rmsprop_batch_64_act_relu_drop_0,rmsprop_batch_64_act_relu_drop_0,64,relu_drop_0,0.2,64,0.2,2122.753299887502,1816.972696544683,2868.336141849644,4730.4063425483755,3648.79746034508,7194.445182701252,13,,,,,,,,,,,,,,,,2122.753299887502,1100.728759765625,4730.4063425483755,148982.16357421875,6740.468261718746,1816.972696544683,1417.7259521484375,3648.79746034508,39197.267333984375,2756.23046875,2868.336141849644,1515.03955078125,7194.445182701252,109127.14208984376,8591.599609375
pcsa,memory,raw,record,pcsa_arch_64_32_scaler_minmax_opt_rmsprop_batch_64_act_relu_drop_0.3,server/run_2025_12_27/results/pcsa/memory/raw/record/pcsa_arch_64_32_scaler_minmax_opt_rmsprop_batch_64_act_relu_drop_0.3,64_32,minmax_opt_rmsprop_batch_64_act_relu_drop_0,rmsprop_batch_64_act_relu_drop_0,64,relu_drop_0,0.3,64,0.3,2209.1131070225583,1551.7979024187523,2788.5392686096297,4884.956441509573,3745.1604568646217,7412.184805687545,13,,,,,,,,,,,,,,,,2209.1131070225583,1144.44091796875,4884.956441509573,149410.685546875,7633.478735351558,1551.7979024187523,935.635986328125,3745.1604568646217,39602.853271484375,3084.596923828125,2788.5392686096297,1306.9443359375,7412.184805687545,110519.7060546875,9373.152587890623
pcsa,memory,raw,record,pcsa_arch_64_32_scaler_standard_opt_adam_batch_128_act_elu_drop_0.2,server/run_2025_12_27/results/pcsa/memory/raw/record/pcsa_arch_64_32_scaler_standard_opt_adam_batch_128_act_elu_drop_0.2,64_32,standard_opt_adam_batch_128_act_elu_drop_0,adam_batch_128_act_elu_drop_0,128,elu_drop_0,0.2,128,0.2,2192.774070099271,1550.7403932529558,2613.917271282284,3930.469443761934,3727.4055623171,6253.052430627617,13,,,,,,,,,,,,,,,,2192.774070099271,1489.352508544922,3930.469443761934,148464.60375976562,5394.7142578124985,1550.7403932529558,687.273193359375,3727.4055623171,40097.166015625,4671.4990234375,2613.917271282284,1526.0205078125,6253.052430627617,98808.1806640625,5503.8330078125
pcsa,memory,raw,record,pcsa_arch_64_32_scaler_standard_opt_adam_batch_128_act_elu_drop_0.3,server/run_2025_12_27/results/pcsa/memory/raw/record/pcsa_arch_64_32_scaler_standard_opt_adam_batch_128_act_elu_drop_0.3,64_32,standard_opt_adam_batch_128_act_elu_drop_0,adam_batch_128_act_elu_drop_0,128,elu_drop_0,0.3,128,0.3,2177.1553506651094,1441.7503193057069,2575.9944719923383,4115.936306746841,3758.017405965629,6521.316503270424,13,,,,,,,,,,,,,,,,2177.1553506651094,1473.3503454327583,4115.936306746841,149101.06982421875,5235.386389160146,1441.7503193057069,750.095703125,3758.017405965629,40531.93896484375,3912.3154296875,2575.9944719923383,1360.7763671875,6521.316503270424,101729.6279296875,5945.2783203125
pcsa,memory,raw,record,pcsa_arch_64_32_scaler_standard_opt_adam_batch_128_act_relu_drop_0.2,server/run_2025_12_27/results/pcsa/memory/raw/record/pcsa_arch_64_32_scaler_standard_opt_adam_batch_128_act_relu_drop_0.2,64_32,standard_opt_adam_batch_128_act_relu_drop_0,adam_batch_128_act_relu_drop_0,128,relu_drop_0,0.2,128,0.2,1639.9721105352316,1690.8848829598262,2460.64666928828,3774.976579524253,3633.1209313647496,5854.409934298226,14,,,,,,,,,,,,,,,,1639.9721105352316,745.1368408203125,3774.976579524253,146727.51025390625,5342.617187499996,1690.8848829598262,765.019287109375,3633.1209313647496,39024.197021484375,4564.486254882807,2460.64666928828,1120.2919921875,5854.409934298226,92498.8984375,6200.3525390625
pcsa,memory,raw,record,pcsa_arch_64_32_scaler_standard_opt_adam_batch_128_act_relu_drop_0.3,server/run_2025_12_27/results/pcsa/memory/raw/record/pcsa_arch_64_32_scaler_standard_opt_adam_batch_128_act_relu_drop_0.3,64_32,standard_opt_adam_batch_128_act_relu_drop_0,adam_batch_128_act_relu_drop_0,128,relu_drop_0,0.3,128,0.3,1617.7617306188013,1577.1401800938909,2383.0006110115573,3826.787707311692,3626.252316686574,5947.696753582505,14,,,,,,,,,,,,,,,,1617.7617306188013,758.4139404296875,3826.787707311692,147169.40234375,5206.0388671875,1577.1401800938909,707.06396484375,3626.252316686574,38951.619140625,4470.296875,2383.0006110115573,950.05419921875,5947.696753582505,93778.435546875,5998.1015625
pcsa,memory,raw,record,pcsa_arch_64_32_scaler_standard_opt_adam_batch_64_act_elu_drop_0.2,server/run_2025_12_27/results/pcsa/memory/raw/record/pcsa_arch_64_32_scaler_standard_opt_adam_batch_64_act_elu_drop_0.2,64_32,standard_opt_adam_batch_64_act_elu_drop_0,adam_batch_64_act_elu_drop_0,64,elu_drop_0,0.2,64,0.2,2125.330143608691,1518.649736234163,2513.8947266664854,3856.822031525926,3717.648008569364,6135.9849462348575,12,,,,,,,,,,,,,,,,2125.330143608691,1476.16064453125,3856.822031525926,147818.4072265625,5165.549169921875,1518.649736234163,672.0869140625,3717.648008569364,40180.4580078125,3943.03125,2513.8947266664854,1477.1435546875,6135.9849462348575,97389.80078125,5211.3369140625
pcsa,memory,raw,record,pcsa_arch_64_32_scaler_standard_opt_adam_batch_64_act_elu_drop_0.3,server/run_2025_12_27/results/pcsa/memory/raw/record/pcsa_arch_64_32_scaler_standard_opt_adam_batch_64_act_elu_drop_0.3,64_32,standard_opt_adam_batch_64_act_elu_drop_0,adam_batch_64_act_elu_drop_0,64,elu_drop_0,0.3,64,0.3,2119.7958092996996,1612.8208506949643,2587.694344136917,3895.506137162201,3741.1073194330343,6193.246969690721,12,,,,,,,,,,,,,,,,2119.7958092996996,1396.103367805481,3895.506137162201,147799.4541015625,5445.350585937498,1612.8208506949643,750.4970703125,3741.1073194330343,40465.826416015625,4212.04296875,2587.694344136917,1390.2275390625,6193.246969690721,98364.076171875,5279.13037109375
pcsa,memory,raw,record,pcsa_arch_64_32_scaler_standard_opt_adam_batch_64_act_relu_drop_0.2,server/run_2025_12_27/results/pcsa/memory/raw/record/pcsa_arch_64_32_scaler_standard_opt_adam_batch_64_act_relu_drop_0.2,64_32,standard_opt_adam_batch_64_act_relu_drop_0,adam_batch_64_act_relu_drop_0,64,relu_drop_0,0.2,64,0.2,1333.2504600061118,1774.4545938043384,2421.1312918149647,3737.79401719436,3567.2376773493406,5708.745632261738,13,,,,,,,,,,,,,,,,1333.2504600061118,303.24381256103516,3737.79401719436,145815.04443359375,5195.411035156248,1774.4545938043384,1015.35986328125,3567.2376773493406,38666.5595703125,4058.853515625,2421.1312918149647,1203.1485595703125,5708.745632261738,90414.580078125,6052.13916015625
pcsa,memory,raw,record,pcsa_arch_64_32_scaler_standard_opt_adam_batch_64_act_relu_drop_0.3,server/run_2025_12_27/results/pcsa/memory/raw/record/pcsa_arch_64_32_scaler_standard_opt_adam_batch_64_act_relu_drop_0.3,64_32,standard_opt_adam_batch_64_act_relu_drop_0,adam_batch_64_act_relu_drop_0,64,relu_drop_0,0.3,64,0.3,1429.9993974984502,1737.2722950137147,2410.857378315354,3899.221299321862,3561.80002812317,5999.637312678467,12,,,,,,,,,,,,,,,,1429.9993974984502,333.2442626953125,3899.221299321862,147134.0068359375,5379.2396484374985,1737.2722950137147,961.06982421875,3561.80002812317,38781.305908203125,4514.6787109375,2410.857378315354,1167.322998046875,5999.637312678467,94685.046875,6292.8828125
pcsa,memory,raw,record,pcsa_arch_64_32_scaler_standard_opt_rmsprop_batch_128_act_elu_drop_0.2,server/run_2025_12_27/results/pcsa/memory/raw/record/pcsa_arch_64_32_scaler_standard_opt_rmsprop_batch_128_act_elu_drop_0.2,64_32,standard_opt_rmsprop_batch_128_act_elu_drop_0,rmsprop_batch_128_act_elu_drop_0,128,elu_drop_0,0.2,128,0.2,2173.971276788431,1570.621303787949,2591.0564939775095,4064.9448735222354,3741.7461770178297,6451.021835900594,15,,,,,,,,,,,,,,,,2173.971276788431,1435.9160766601562,4064.9448735222354,148966.6650390625,5225.292114257812,1570.621303787949,924.133544921875,3741.7461770178297,40416.791015625,4414.6337890625,2591.0564939775095,1426.86572265625,6451.021835900594,101164.6748046875,5642.5751953125
pcsa,memory,raw,record,pcsa_arch_64_32_scaler_standard_opt_rmsprop_batch_128_act_elu_drop_0.3,server/run_2025_12_27/results/pcsa/memory/raw/record/pcsa_arch_64_32_scaler_standard_opt_rmsprop_batch_128_act_elu_drop_0.3,64_32,standard_opt_rmsprop_batch_128_act_elu_drop_0,rmsprop_batch_128_act_elu_drop_0,128,elu_drop_0,0.3,128,0.3,2178.644411204664,1401.3967907113342,2577.463812841515,4330.2766068076935,3787.204889584196,6803.988075622221,14,,,,,,,,,,,,,,,,2178.644411204664,1465.0453041791916,4330.2766068076935,149640.97436523438,5518.324755859375,1401.3967907113342,670.697998046875,3787.204889584196,40755.86328125,3172.3678710937493,2577.463812841515,1308.4178844690323,6803.988075622221,104451.9716796875,7142.04736328125
pcsa,memory,raw,record,pcsa_arch_64_32_scaler_standard_opt_rmsprop_batch_128_act_relu_drop_0.2,server/run_2025_12_27/results/pcsa/memory/raw/record/pcsa_arch_64_32_scaler_standard_opt_rmsprop_batch_128_act_relu_drop_0.2,64_32,standard_opt_rmsprop_batch_128_act_relu_drop_0,rmsprop_batch_128_act_relu_drop_0,128,relu_drop_0,0.2,128,0.2,1319.7456841082058,1624.9375544628754,2288.58308400362,3707.531116968,3610.712203931536,5678.733104227948,17,,,,,,,,,,,,,,,,1319.7456841082058,330.7840576171875,3707.531116968,146219.466796875,5090.426757812496,1624.9375544628754,748.390869140625,3610.712203931536,39075.808837890625,4062.7392578125,2288.58308400362,1035.23583984375,5678.733104227948,89820.4453125,5924.3115234375
pcsa,memory,raw,record,pcsa_arch_64_32_scaler_standard_opt_rmsprop_batch_128_act_relu_drop_0.3,server/run_2025_12_27/results/pcsa/memory/raw/record/pcsa_arch_64_32_scaler_standard_opt_rmsprop_batch_128_act_relu_drop_0.3,64_32,standard_opt_rmsprop_batch_128_act_relu_drop_0,rmsprop_batch_128_act_relu_drop_0,128,relu_drop_0,0.3,128,0.3,1329.7140466767255,1678.502023009297,2316.354567723408,3788.3196333457536,3607.458475924861,5832.059846298788,17,,,,,,,,,,,,,,,,1329.7140466767255,304.458251953125,3788.3196333457536,146476.15576171875,5024.488964843748,1678.502023009297,953.69482421875,3607.458475924861,39192.666259765625,4082.322265625,2316.354567723408,1071.035400390625,5832.059846298788,92182.943359375,5798.8251953125
pcsa,memory,raw,record,pcsa_arch_64_32_scaler_standard_opt_rmsprop_batch_64_act_elu_drop_0.2,server/run_2025_12_27/results/pcsa/memory/raw/record/pcsa_arch_64_32_scaler_standard_opt_rmsprop_batch_64_act_elu_drop_0.2,64_32,standard_opt_rmsprop_batch_64_act_elu_drop_0,rmsprop_batch_64_act_elu_drop_0,64,elu_drop_0,0.2,64,0.2,2195.7720775353578,1378.131211335233,2619.440800160081,4437.538426707536,3810.034819792134,6915.469576929156,12,,,,,,,,,,,,,,,,2195.7720775353578,1457.194640159607,4437.538426707536,149972.53588867188,5807.902197265623,1378.131211335233,595.10986328125,3810.034819792134,40834.548095703125,3189.728515625,2619.440800160081,1471.259521484375,6915.469576929156,105450.9931640625,7559.57177734375
pcsa,memory,raw,record,pcsa_arch_64_32_scaler_standard_opt_rmsprop_batch_64_act_elu_drop_0.3,server/run_2025_12_27/results/pcsa/memory/raw/record/pcsa_arch_64_32_scaler_standard_opt_rmsprop_batch_64_act_elu_drop_0.3,64_32,standard_opt_rmsprop_batch_64_act_elu_drop_0,rmsprop_batch_64_act_elu_drop_0,64,elu_drop_0,0.3,64,0.3,2152.06802228026,1547.847163154339,2540.3410225936823,4115.299427826593,3710.760411761084,6519.508599284954,13,,,,,,,,,,,,,,,,2152.06802228026,1400.955322265625,4115.299427826593,148681.91625976562,5029.881933593748,1547.847163154339,887.2216796875,3710.760411761084,40207.2744140625,4070.4296875,2540.3410225936823,1331.2098846435547,6519.508599284954,101844.1748046875,5749.4384765625
pcsa,memory,raw,record,pcsa_arch_64_32_scaler_standard_opt_rmsprop_batch_64_act_relu_drop_0.2,server/run_2025_12_27/results/pcsa/memory/raw/record/pcsa_arch_64_32_scaler_standard_opt_rmsprop_batch_64_act_relu_drop_0.2,64_32,standard_opt_rmsprop_batch_64_act_relu_drop_0,rmsprop_batch_64_act_relu_drop_0,64,relu_drop_0,0.2,64,0.2,2020.7544810058569,1541.9538908955446,2427.914643797451,4197.79077540573,3690.377285497833,6595.169609771019,12,,,,,,,,,,,,,,,,2020.7544810058569,1267.7243041992188,4197.79077540573,148994.06567382812,5087.7955078125,1541.9538908955446,936.979736328125,3690.377285497833,39930.76318359375,3768.205078125,2427.914643797451,1148.933837890625,6595.169609771019,102293.0849609375,6090.3388671875
pcsa,memory,raw,record,pcsa_arch_64_32_scaler_standard_opt_rmsprop_batch_64_act_relu_drop_0.3,server/run_2025_12_27/results/pcsa/memory/raw/record/pcsa_arch_64_32_scaler_standard_opt_rmsprop_batch_64_act_relu_drop_0.3,64_32,standard_opt_rmsprop_batch_64_act_relu_drop_0,rmsprop_batch_64_act_relu_drop_0,64,relu_drop_0,0.3,64,0.3,1734.4618402238616,1519.6995955799066,2335.904179156826,4279.657891490369,3695.538134359239,6649.64155323263,12,,,,,,,,,,,,,,,,1734.4618402238616,885.2505493164062,4279.657891490369,149046.52954101562,5060.921630859371,1519.6995955799066,908.00732421875,3695.538134359239,39932.40625,3716.3857421875,2335.904179156826,944.8544921875,6649.64155323263,102553.3115234375,6375.40576171875
pcsa,memory,raw,temporal,pcsa_arch_128_64_scaler_minmax_opt_adam_batch_128_act_elu_drop_0.2,server/run_2025_12_27/results/pcsa/memory/raw/temporal/pcsa_arch_128_64_scaler_minmax_opt_adam_batch_128_act_elu_drop_0.2,128_64,minmax_opt_adam_batch_128_act_elu_drop_0,adam_batch_128_act_elu_drop_0,128,elu_drop_0,0.2,128,0.2,1638.4049529634694,638.0060722757656,1738.672816496698,4268.162135932729,843.0655403903232,2588.4334341629656,24,,,,,,,,,,,,,,,,1638.4049529634694,673.18505859375,4268.162135932729,146578.47412109375,5420.008789062499,638.0060722757656,663.9714965820312,843.0655403903232,47860.92932128906,952.841552734375,1738.672816496698,788.5191040039062,2588.4334341629656,55631.82568359375,5958.0634765625
pcsa,memory,raw,temporal,pcsa_arch_128_64_scaler_minmax_opt_adam_batch_128_act_elu_drop_0.3,server/run_2025_12_27/results/pcsa/memory/raw/temporal/pcsa_arch_128_64_scaler_minmax_opt_adam_batch_128_act_elu_drop_0.3,128_64,minmax_opt_adam_batch_128_act_elu_drop_0,adam_batch_128_act_elu_drop_0,128,elu_drop_0,0.3,128,0.3,1559.05095227758,604.4350171749868,1697.23191338261,4041.361660040373,835.5990819268258,2838.9230407949094,27,,,,,,,,,,,,,,,,1559.05095227758,672.1002197265625,4041.361660040373,147008.84716796875,5129.8529296874985,604.4350171749868,620.8350830078125,835.5990819268258,47815.52197265625,907.45263671875,1697.23191338261,741.4933471679688,2838.9230407949094,55399.93103027344,6577.9140625
pcsa,memory,raw,temporal,pcsa_arch_128_64_scaler_minmax_opt_adam_batch_128_act_relu_drop_0.2,server/run_2025_12_27/results/pcsa/memory/raw/temporal/pcsa_arch_128_64_scaler_minmax_opt_adam_batch_128_act_relu_drop_0.2,128_64,minmax_opt_adam_batch_128_act_relu_drop_0,adam_batch_128_act_relu_drop_0,128,relu_drop_0,0.2,128,0.2,1616.8394766914373,305.3632459251858,1582.9642087203772,4225.262031322781,835.1165981909326,2712.989826607963,27,,,,,,,,,,,,,,,,1616.8394766914373,609.1947021484375,4225.262031322781,145081.71533203125,6130.949902343749,305.3632459251858,224.023193359375,835.1165981909326,47322.9677734375,693.4734558105447,1582.9642087203772,495.6829833984375,2712.989826607963,55998.62115478515,6367.60888671875
pcsa,memory,raw,temporal,pcsa_arch_128_64_scaler_minmax_opt_adam_batch_128_act_relu_drop_0.3,server/run_2025_12_27/results/pcsa/memory/raw/temporal/pcsa_arch_128_64_scaler_minmax_opt_adam_batch_128_act_relu_drop_0.3,128_64,minmax_opt_adam_batch_128_act_relu_drop_0,adam_batch_128_act_relu_drop_0,128,relu_drop_0,0.3,128,0.3,1587.5182556111347,324.20718086744927,1597.3629291189482,4195.130749094176,833.4725407984688,2729.079733644152,28,,,,,,,,,,,,,,,,1587.5182556111347,603.2470703125,4195.130749094176,144919.94921875,6073.996874999998,324.20718086744927,217.3590087890625,833.4725407984688,47287.192138671875,718.7590240478514,1597.3629291189482,481.4022216796875,2729.079733644152,55986.52471923828,6369.6474609375
pcsa,memory,raw,temporal,pcsa_arch_128_64_scaler_minmax_opt_adam_batch_64_act_elu_drop_0.2,server/run_2025_12_27/results/pcsa/memory/raw/temporal/pcsa_arch_128_64_scaler_minmax_opt_adam_batch_64_act_elu_drop_0.2,128_64,minmax_opt_adam_batch_64_act_elu_drop_0,adam_batch_64_act_elu_drop_0,64,elu_drop_0,0.2,64,0.2,1551.420322927736,495.89495156028056,1622.551281286807,4221.583131451335,838.952794268966,2678.379790478735,20,,,,,,,,,,,,,,,,1551.420322927736,612.6653442382812,4221.583131451335,146971.0849609375,5263.6005859375,495.89495156028056,500.812744140625,838.952794268966,47659.539794921875,791.8270324707031,1622.551281286807,659.1837768554688,2678.379790478735,55472.31970214844,6194.251953125
pcsa,memory,raw,temporal,pcsa_arch_128_64_scaler_minmax_opt_adam_batch_64_act_elu_drop_0.3,server/run_2025_12_27/results/pcsa/memory/raw/temporal/pcsa_arch_128_64_scaler_minmax_opt_adam_batch_64_act_elu_drop_0.3,128_64,minmax_opt_adam_batch_64_act_elu_drop_0,adam_batch_64_act_elu_drop_0,64,elu_drop_0,0.3,64,0.3,1533.794788977225,549.0937940113223,1625.9957784734313,4040.111739223653,828.5960101839323,2822.607056789936,22,,,,,,,,,,,,,,,,1533.794788977225,669.9888916015625,4040.111739223653,147005.0771484375,5108.543847656249,549.0937940113223,559.5341186523438,828.5960101839323,47749.09338378906,842.1335723876946,1625.9957784734313,671.1649169921875,2822.607056789936,55239.84765625,6444.2333984375
pcsa,memory,raw,temporal,pcsa_arch_128_64_scaler_minmax_opt_adam_batch_64_act_relu_drop_0.2,server/run_2025_12_27/results/pcsa/memory/raw/temporal/pcsa_arch_128_64_scaler_minmax_opt_adam_batch_64_act_relu_drop_0.2,128_64,minmax_opt_adam_batch_64_act_relu_drop_0,adam_batch_64_act_relu_drop_0,64,relu_drop_0,0.2,64,0.2,1686.5731291028335,365.45197141163027,1683.1649861577123,4258.810118278569,831.9852965792247,2752.9629873011763,21,,,,,,,,,,,,,,,,1686.5731291028335,687.3056640625,4258.810118278569,144803.9111328125,6427.626562499999,365.45197141163027,286.6125793457031,831.9852965792247,47381.6875,735.1765991210931,1683.1649861577123,537.2432861328125,2752.9629873011763,56001.86688232422,6774.5048828125
pcsa,memory,raw,temporal,pcsa_arch_128_64_scaler_minmax_opt_adam_batch_64_act_relu_drop_0.3,server/run_2025_12_27/results/pcsa/memory/raw/temporal/pcsa_arch_128_64_scaler_minmax_opt_adam_batch_64_act_relu_drop_0.3,128_64,minmax_opt_adam_batch_64_act_relu_drop_0,adam_batch_64_act_relu_drop_0,64,relu_drop_0,0.3,64,0.3,1674.6619416318392,402.85383931222754,1644.004115104825,4354.859267442162,830.4758538177377,2624.4739527355255,21,,,,,,,,,,,,,,,,1674.6619416318392,662.684326171875,4354.859267442162,145230.1650390625,6228.630175781248,402.85383931222754,330.0204162597656,830.4758538177377,47455.402099609375,793.0688476562493,1644.004115104825,597.609619140625,2624.4739527355255,56095.18133544922,6686.15234375
pcsa,memory,raw,temporal,pcsa_arch_128_64_scaler_minmax_opt_rmsprop_batch_128_act_elu_drop_0.2,server/run_2025_12_27/results/pcsa/memory/raw/temporal/pcsa_arch_128_64_scaler_minmax_opt_rmsprop_batch_128_act_elu_drop_0.2,128_64,minmax_opt_rmsprop_batch_128_act_elu_drop_0,rmsprop_batch_128_act_elu_drop_0,128,elu_drop_0,0.2,128,0.2,2027.1062411776395,883.00547588462,1621.5985205344991,4864.734543792924,1007.1811505718543,2338.469107187456,22,,,,,,,,,,,,,,,,2027.1062411776395,1099.08837890625,4864.734543792924,146831.15625,5757.285742187499,883.00547588462,725.0102233886719,1007.1811505718543,48191.990966796875,1287.949462890625,1621.5985205344991,729.6546630859375,2338.469107187456,57083.90559387207,5309.6669921875
pcsa,memory,raw,temporal,pcsa_arch_128_64_scaler_minmax_opt_rmsprop_batch_128_act_elu_drop_0.3,server/run_2025_12_27/results/pcsa/memory/raw/temporal/pcsa_arch_128_64_scaler_minmax_opt_rmsprop_batch_128_act_elu_drop_0.3,128_64,minmax_opt_rmsprop_batch_128_act_elu_drop_0,rmsprop_batch_128_act_elu_drop_0,128,elu_drop_0,0.3,128,0.3,2007.557252317824,900.3786716804983,1626.859571236463,4884.890208071566,1013.7711250816571,2339.6253449721276,23,,,,,,,,,,,,,,,,2007.557252317824,1055.845947265625,4884.890208071566,146713.66845703125,5708.74633789062,900.3786716804983,787.9198608398438,1013.7711250816571,48219.19094848633,1326.8648559570313,1626.859571236463,790.8927001953125,2339.6253449721276,57281.95114135742,5264.552734375
pcsa,memory,raw,temporal,pcsa_arch_128_64_scaler_minmax_opt_rmsprop_batch_128_act_relu_drop_0.2,server/run_2025_12_27/results/pcsa/memory/raw/temporal/pcsa_arch_128_64_scaler_minmax_opt_rmsprop_batch_128_act_relu_drop_0.2,128_64,minmax_opt_rmsprop_batch_128_act_relu_drop_0,rmsprop_batch_128_act_relu_drop_0,128,relu_drop_0,0.2,128,0.2,1623.8841379540072,301.6231492380363,1615.8940328201368,4193.082418528383,830.2395090337942,2773.785256528424,33,,,,,,,,,,,,,,,,1623.8841379540072,605.74462890625,4193.082418528383,145533.568359375,6175.5390625,301.6231492380363,203.4141540527344,830.2395090337942,47288.177490234375,670.3839111328118,1615.8940328201368,473.96826171875,2773.785256528424,56052.94641113281,6661.3818359375
pcsa,memory,raw,temporal,pcsa_arch_128_64_scaler_minmax_opt_rmsprop_batch_128_act_relu_drop_0.3,server/run_2025_12_27/results/pcsa/memory/raw/temporal/pcsa_arch_128_64_scaler_minmax_opt_rmsprop_batch_128_act_relu_drop_0.3,128_64,minmax_opt_rmsprop_batch_128_act_relu_drop_0,rmsprop_batch_128_act_relu_drop_0,128,relu_drop_0,0.3,128,0.3,1593.914067878883,360.54051199407786,1605.6310321979436,4245.76167532443,823.7820864118285,2658.9022394492436,33,,,,,,,,,,,,,,,,1593.914067878883,602.7576904296875,4245.76167532443,145749.24609375,6004.296337890624,360.54051199407786,270.3004150390625,823.7820864118285,47364.021240234375,728.4568603515625,1605.6310321979436,540.4332275390625,2658.9022394492436,56130.53869628906,6333.859375
pcsa,memory,raw,temporal,pcsa_arch_128_64_scaler_minmax_opt_rmsprop_batch_64_act_elu_drop_0.2,server/run_2025_12_27/results/pcsa/memory/raw/temporal/pcsa_arch_128_64_scaler_minmax_opt_rmsprop_batch_64_act_elu_drop_0.2,128_64,minmax_opt_rmsprop_batch_64_act_elu_drop_0,rmsprop_batch_64_act_elu_drop_0,64,elu_drop_0,0.2,64,0.2,2127.2517128491663,668.171058515172,1495.3341248342936,4918.592757243666,1028.45119401078,2416.1971949986114,17,,,,,,,,,,,,,,,,2127.2517128491663,1125.508544921875,4918.592757243666,146420.166015625,6013.921582031245,668.171058515172,417.3135986328125,1028.45119401078,48063.030700683594,1152.0647583007812,1495.3341248342936,466.35107421875,2416.1971949986114,56600.859375,5581.95458984375
pcsa,memory,raw,temporal,pcsa_arch_128_64_scaler_minmax_opt_rmsprop_batch_64_act_elu_drop_0.3,server/run_2025_12_27/results/pcsa/memory/raw/temporal/pcsa_arch_128_64_scaler_minmax_opt_rmsprop_batch_64_act_elu_drop_0.3,128_64,minmax_opt_rmsprop_batch_64_act_elu_drop_0,rmsprop_batch_64_act_elu_drop_0,64,elu_drop_0,0.3,64,0.3,1192.9379750913015,319.53736021227223,1059.7663373852986,3493.368665749856,1053.7587729803165,3458.2743970835973,62,,,,,,,,,,,,,,,,1192.9379750913015,502.876708984375,3493.368665749856,146805.37353515625,3909.2409179687497,319.53736021227223,264.848388671875,1053.7587729803165,47454.913818359375,624.91455078125,1059.7663373852986,402.01763916015625,3458.2743970835973,58810.359375,3424.0380859375
pcsa,memory,raw,temporal,pcsa_arch_128_64_scaler_minmax_opt_rmsprop_batch_64_act_relu_drop_0.2,server/run_2025_12_27/results/pcsa/memory/raw/temporal/pcsa_arch_128_64_scaler_minmax_opt_rmsprop_batch_64_act_relu_drop_0.2,128_64,minmax_opt_rmsprop_batch_64_act_relu_drop_0,rmsprop_batch_64_act_relu_drop_0,64,relu_drop_0,0.2,64,0.2,1627.665362450434,349.29085489589966,1630.3983974555429,4266.900361807879,827.245590257848,2699.734333056062,26,,,,,,,,,,,,,,,,1627.665362450434,646.990478515625,4266.900361807879,146002.43603515625,6073.116210937499,349.29085489589966,261.993896484375,827.245590257848,47339.91711425781,760.3969696044919,1630.3983974555429,520.97216796875,2699.734333056062,56170.62335205078,6572.30078125
pcsa,memory,raw,temporal,pcsa_arch_128_64_scaler_minmax_opt_rmsprop_batch_64_act_relu_drop_0.3,server/run_2025_12_27/results/pcsa/memory/raw/temporal/pcsa_arch_128_64_scaler_minmax_opt_rmsprop_batch_64_act_relu_drop_0.3,128_64,minmax_opt_rmsprop_batch_64_act_relu_drop_0,rmsprop_batch_64_act_relu_drop_0,64,relu_drop_0,0.3,64,0.3,1619.1351838301011,323.360822384634,1621.9186961597418,4266.0431199351215,827.1257124821333,2713.8464212803246,26,,,,,,,,,,,,,,,,1619.1351838301011,626.528564453125,4266.0431199351215,145771.58984375,6094.031201171874,323.360822384634,222.7169189453125,827.1257124821333,47308.106689453125,702.9393371582023,1621.9186961597418,495.9993896484375,2713.8464212803246,56030.50787353515,6643.32763671875
pcsa,memory,raw,temporal,pcsa_arch_128_64_scaler_standard_opt_adam_batch_128_act_elu_drop_0.2,server/run_2025_12_27/results/pcsa/memory/raw/temporal/pcsa_arch_128_64_scaler_standard_opt_adam_batch_128_act_elu_drop_0.2,128_64,standard_opt_adam_batch_128_act_elu_drop_0,adam_batch_128_act_elu_drop_0,128,elu_drop_0,0.2,128,0.2,1107.9785171894102,433.98909518203016,1045.9111409165646,3121.730391695235,969.1802653339598,3298.810005021749,81,,,,,,,,,,,,,,,,1107.9785171894102,452.0283203125,3121.730391695235,134175.080078125,3806.84404296875,433.98909518203016,393.7161254882813,969.1802653339598,47464.637939453125,655.1766052246091,1045.9111409165646,378.4755859375,3298.810005021749,62225.59375,3643.4921875
pcsa,memory,raw,temporal,pcsa_arch_128_64_scaler_standard_opt_adam_batch_128_act_elu_drop_0.3,server/run_2025_12_27/results/pcsa/memory/raw/temporal/pcsa_arch_128_64_scaler_standard_opt_adam_batch_128_act_elu_drop_0.3,128_64,standard_opt_adam_batch_128_act_elu_drop_0,adam_batch_128_act_elu_drop_0,128,elu_drop_0,0.3,128,0.3,1091.2970931190728,393.27632688683775,1060.9784102446606,3155.682582702067,987.7605954531792,3338.291543711946,82,,,,,,,,,,,,,,,,1091.2970931190728,439.2996826171875,3155.682582702067,135292.26953125,3789.067535400389,393.27632688683775,313.5513916015625,987.7605954531792,47371.324951171875,650.7564758300779,1060.9784102446606,374.2756958007813,3338.291543711946,62841.125,3997.4375
pcsa,memory,raw,temporal,pcsa_arch_128_64_scaler_standard_opt_adam_batch_128_act_relu_drop_0.2,server/run_2025_12_27/results/pcsa/memory/raw/temporal/pcsa_arch_128_64_scaler_standard_opt_adam_batch_128_act_relu_drop_0.2,128_64,standard_opt_adam_batch_128_act_relu_drop_0,adam_batch_128_act_relu_drop_0,128,relu_drop_0,0.2,128,0.2,1667.735429310194,443.4152042496541,1462.3745623231214,4293.196796783071,822.3023023579349,2783.136451759655,14,,,,,,,,,,,,,,,,1667.735429310194,520.042724609375,4293.196796783071,145044.60888671875,5752.39599609375,443.4152042496541,409.61279296875,822.3023023579349,47095.62219238281,812.328369140625,1462.3745623231214,390.1026611328125,2783.136451759655,56228.399169921875,6182.39208984375
pcsa,memory,raw,temporal,pcsa_arch_128_64_scaler_standard_opt_adam_batch_128_act_relu_drop_0.3,server/run_2025_12_27/results/pcsa/memory/raw/temporal/pcsa_arch_128_64_scaler_standard_opt_adam_batch_128_act_relu_drop_0.3,128_64,standard_opt_adam_batch_128_act_relu_drop_0,adam_batch_128_act_relu_drop_0,128,relu_drop_0,0.3,128,0.3,1591.7454747716486,293.4101892453376,1496.696216687871,3997.531331207539,868.9364448083599,2975.0639883754693,16,,,,,,,,,,,,,,,,1591.7454747716486,528.886962890625,3997.531331207539,144596.97021484375,5171.1371093749985,293.4101892453376,180.099853515625,868.9364448083599,47424.310791015625,664.85693359375,1496.696216687871,527.1357421875,2975.0639883754693,56352.42401123047,6575.703125
pcsa,memory,raw,temporal,pcsa_arch_128_64_scaler_standard_opt_adam_batch_64_act_elu_drop_0.2,server/run_2025_12_27/results/pcsa/memory/raw/temporal/pcsa_arch_128_64_scaler_standard_opt_adam_batch_64_act_elu_drop_0.2,128_64,standard_opt_adam_batch_64_act_elu_drop_0,adam_batch_64_act_elu_drop_0,64,elu_drop_0,0.2,64,0.2,2140.599060858387,1372.909115929243,2099.386107117727,3936.737357091962,819.3427225838135,2303.4300169125368,13,,,,,,,,,,,,,,,,2140.599060858387,1519.461181640625,3936.737357091962,143422.42578125,4935.763726806636,1372.909115929243,1337.6180360913277,819.3427225838135,48636.61803370714,1959.618034183979,2099.386107117727,1699.618035376072,2303.4300169125368,56894.64630794525,5187.966796875
pcsa,memory,raw,temporal,pcsa_arch_128_64_scaler_standard_opt_adam_batch_64_act_elu_drop_0.3,server/run_2025_12_27/results/pcsa/memory/raw/temporal/pcsa_arch_128_64_scaler_standard_opt_adam_batch_64_act_elu_drop_0.3,128_64,standard_opt_adam_batch_64_act_elu_drop_0,adam_batch_64_act_elu_drop_0,64,elu_drop_0,0.3,64,0.3,1026.6739637059388,296.76546006157855,961.107025646263,3075.2441763758934,978.4568312518112,3312.1038315747364,78,,,,,,,,,,,,,,,,1026.6739637059388,370.9473876953125,3075.2441763758934,134164.10546875,3682.710351562499,296.76546006157855,263.126220703125,978.4568312518112,47230.68115234375,470.435791015625,961.107025646263,240.3944091796875,3312.1038315747364,61324.3828125,3591.8837890625
pcsa,memory,raw,temporal,pcsa_arch_128_64_scaler_standard_opt_adam_batch_64_act_relu_drop_0.2,server/run_2025_12_27/results/pcsa/memory/raw/temporal/pcsa_arch_128_64_scaler_standard_opt_adam_batch_64_act_relu_drop_0.2,128_64,standard_opt_adam_batch_64_act_relu_drop_0,adam_batch_64_act_relu_drop_0,64,relu_drop_0,0.2,64,0.2,1586.007725142087,377.34641970452094,1382.0685157985115,4156.641572826181,823.7554776529715,2831.4126901429763,13,,,,,,,,,,,,,,,,1586.007725142087,428.6083984375,4156.641572826181,144718.2900390625,5394.863867187497,377.34641970452094,327.236083984375,823.7554776529715,47037.13903808594,636.8195495605469,1382.0685157985115,286.96533203125,2831.4126901429763,56029.57220458984,5705.27490234375
pcsa,memory,raw,temporal,pcsa_arch_128_64_scaler_standard_opt_adam_batch_64_act_relu_drop_0.3,server/run_2025_12_27/results/pcsa/memory/raw/temporal/pcsa_arch_128_64_scaler_standard_opt_adam_batch_64_act_relu_drop_0.3,128_64,standard_opt_adam_batch_64_act_relu_drop_0,adam_batch_64_act_relu_drop_0,64,relu_drop_0,0.3,64,0.3,1520.318247951761,326.48619532570194,1345.8047441973654,4047.383155351016,836.101572215344,2977.259949029647,14,,,,,,,,,,,,,,,,1520.318247951761,437.6739501953125,4047.383155351016,144677.49365234375,5197.57373046875,326.48619532570194,258.17584228515625,836.101572215344,47116.37805175781,682.6071960449216,1345.8047441973654,265.18115234375,2977.259949029647,56039.41632080078,6185.900390625
pcsa,memory,raw,temporal,pcsa_arch_128_64_scaler_standard_opt_rmsprop_batch_128_act_elu_drop_0.2,server/run_2025_12_27/results/pcsa/memory/raw/temporal/pcsa_arch_128_64_scaler_standard_opt_rmsprop_batch_128_act_elu_drop_0.2,128_64,standard_opt_rmsprop_batch_128_act_elu_drop_0,rmsprop_batch_128_act_elu_drop_0,128,elu_drop_0,0.2,128,0.2,1698.2972969217883,1035.962169336301,1958.522806309286,3515.2245733858904,1071.9602310256955,3046.4605253426575,31,,,,,,,,,,,,,,,,1698.2972969217883,1082.973876953125,3515.2245733858904,141982.0400390625,4396.069128417968,1035.962169336301,1076.4928436279297,1071.9602310256955,48607.479791641235,1929.479118347168,1958.522806309286,1398.4783878326416,3046.4605253426575,56864.47838783264,5417.599609375
pcsa,memory,raw,temporal,pcsa_arch_128_64_scaler_standard_opt_rmsprop_batch_128_act_elu_drop_0.3,server/run_2025_12_27/results/pcsa/memory/raw/temporal/pcsa_arch_128_64_scaler_standard_opt_rmsprop_batch_128_act_elu_drop_0.3,128_64,standard_opt_rmsprop_batch_128_act_elu_drop_0,rmsprop_batch_128_act_elu_drop_0,128,elu_drop_0,0.3,128,0.3,1632.3446220713438,977.9847880151204,1779.1196363038391,3535.885447087781,1091.9496402894265,3009.7409996069255,33,,,,,,,,,,,,,,,,1632.3446220713438,1040.0346641540527,3535.885447087781,142078.4052734375,4252.793945312496,977.9847880151204,1077.0526313781738,1091.9496402894265,48609.036041259766,1931.0346641540527,1779.1196363038391,1388.042743682861,3009.7409996069255,56866.03466415405,5301.435546875
pcsa,memory,raw,temporal,pcsa_arch_128_64_scaler_standard_opt_rmsprop_batch_128_act_relu_drop_0.2,server/run_2025_12_27/results/pcsa/memory/raw/temporal/pcsa_arch_128_64_scaler_standard_opt_rmsprop_batch_128_act_relu_drop_0.2,128_64,standard_opt_rmsprop_batch_128_act_relu_drop_0,rmsprop_batch_128_act_relu_drop_0,128,relu_drop_0,0.2,128,0.2,1602.497054101542,429.454555733899,1475.7708460597516,4150.928478882236,832.8738482155146,2896.150720805747,17,,,,,,,,,,,,,,,,1602.497054101542,489.6463623046875,4150.928478882236,144740.5458984375,5387.764160156249,429.454555733899,386.6925048828125,832.8738482155146,47094.66491699219,827.9448486328125,1475.7708460597516,385.3316650390625,2896.150720805747,56070.788513183594,5806.689453125
pcsa,memory,raw,temporal,pcsa_arch_128_64_scaler_standard_opt_rmsprop_batch_128_act_relu_drop_0.3,server/run_2025_12_27/results/pcsa/memory/raw/temporal/pcsa_arch_128_64_scaler_standard_opt_rmsprop_batch_128_act_relu_drop_0.3,128_64,standard_opt_rmsprop_batch_128_act_relu_drop_0,rmsprop_batch_128_act_relu_drop_0,128,relu_drop_0,0.3,128,0.3,1605.6290792313712,361.4417486352233,1420.0206108386194,4137.582732470625,827.3445036102447,2869.459528276137,17,,,,,,,,,,,,,,,,1605.6290792313712,470.3096923828125,4137.582732470625,144833.83544921875,5359.9509765625,361.4417486352233,303.25445556640625,827.3445036102447,47184.05505371094,674.4512390136715,1420.0206108386194,337.0802001953125,2869.459528276137,56209.2548828125,5722.7529296875
pcsa,memory,raw,temporal,pcsa_arch_128_64_scaler_standard_opt_rmsprop_batch_64_act_elu_drop_0.2,server/run_2025_12_27/results/pcsa/memory/raw/temporal/pcsa_arch_128_64_scaler_standard_opt_rmsprop_batch_64_act_elu_drop_0.2,128_64,standard_opt_rmsprop_batch_64_act_elu_drop_0,rmsprop_batch_64_act_elu_drop_0,64,elu_drop_0,0.2,64,0.2,990.519991218317,330.1320542984248,949.9251898188816,3157.987046516804,918.8180335455952,3129.086284030001,90,,,,,,,,,,,,,,,,990.519991218317,310.8133544921875,3157.987046516804,135786.107421875,3621.7999023437496,330.1320542984248,296.012939453125,918.8180335455952,47177.59362792969,495.7394775390625,949.9251898188816,257.0458984375,3129.086284030001,56918.8828125,3857.7267150878906
pcsa,memory,raw,temporal,pcsa_arch_128_64_scaler_standard_opt_rmsprop_batch_64_act_elu_drop_0.3,server/run_2025_12_27/results/pcsa/memory/raw/temporal/pcsa_arch_128_64_scaler_standard_opt_rmsprop_batch_64_act_elu_drop_0.3,128_64,standard_opt_rmsprop_batch_64_act_elu_drop_0,rmsprop_batch_64_act_elu_drop_0,64,elu_drop_0,0.3,64,0.3,1079.9164373012193,411.3611878876402,1097.2944543530923,3284.5301414513715,943.6521699967012,3112.5012381972015,72,,,,,,,,,,,,,,,,1079.9164373012193,405.0518798828125,3284.5301414513715,136907.2109375,3681.937207031247,411.3611878876402,374.0475845336914,943.6521699967012,47275.57873535156,790.506591796875,1097.2944543530923,414.4744873046875,3112.5012381972015,59908.6640625,4499.6123046875
pcsa,memory,raw,temporal,pcsa_arch_128_64_scaler_standard_opt_rmsprop_batch_64_act_relu_drop_0.2,server/run_2025_12_27/results/pcsa/memory/raw/temporal/pcsa_arch_128_64_scaler_standard_opt_rmsprop_batch_64_act_relu_drop_0.2,128_64,standard_opt_rmsprop_batch_64_act_relu_drop_0,rmsprop_batch_64_act_relu_drop_0,64,relu_drop_0,0.2,64,0.2,1559.2382079405509,375.0875029752247,1366.3546351193822,4257.43561338735,815.72836451494,2747.3393170046093,14,,,,,,,,,,,,,,,,1559.2382079405509,445.575927734375,4257.43561338735,145283.986328125,5261.91728515625,375.0875029752247,321.27069091796875,815.72836451494,47076.13232421875,690.5785095214841,1366.3546351193822,298.7332763671875,2747.3393170046093,55993.73272705078,5294.55712890625
pcsa,memory,raw,temporal,pcsa_arch_128_64_scaler_standard_opt_rmsprop_batch_64_act_relu_drop_0.3,server/run_2025_12_27/results/pcsa/memory/raw/temporal/pcsa_arch_128_64_scaler_standard_opt_rmsprop_batch_64_act_relu_drop_0.3,128_64,standard_opt_rmsprop_batch_64_act_relu_drop_0,rmsprop_batch_64_act_relu_drop_0,64,relu_drop_0,0.3,64,0.3,1556.3760987103235,347.0904442192245,1371.0644179444164,4134.526869486837,824.406687167051,2857.238716748415,15,,,,,,,,,,,,,,,,1556.3760987103235,455.4422607421875,4134.526869486837,145125.861328125,5255.094140624996,347.0904442192245,288.78399658203125,824.406687167051,47059.698486328125,589.1602783203125,1371.0644179444164,270.5548095703125,2857.238716748415,56069.13415527344,5664.171875
pcsa,memory,raw,temporal,pcsa_arch_64_32_scaler_minmax_opt_adam_batch_128_act_elu_drop_0.2,server/run_2025_12_27/results/pcsa/memory/raw/temporal/pcsa_arch_64_32_scaler_minmax_opt_adam_batch_128_act_elu_drop_0.2,64_32,minmax_opt_adam_batch_128_act_elu_drop_0,adam_batch_128_act_elu_drop_0,128,elu_drop_0,0.2,128,0.2,1675.2465599227892,835.3286684102026,1853.7211110734245,4383.475597648184,867.1702355671714,2477.202588766843,34,,,,,,,,,,,,,,,,1675.2465599227892,726.8217163085938,4383.475597648184,146669.26025390625,5292.063073730467,835.3286684102026,865.4306945800781,867.1702355671714,48052.32598876953,1143.2244720458984,1853.7211110734245,946.4118041992188,2477.202588766843,55908.36975097656,5903.7568359375
pcsa,memory,raw,temporal,pcsa_arch_64_32_scaler_minmax_opt_adam_batch_128_act_elu_drop_0.3,server/run_2025_12_27/results/pcsa/memory/raw/temporal/pcsa_arch_64_32_scaler_minmax_opt_adam_batch_128_act_elu_drop_0.3,64_32,minmax_opt_adam_batch_128_act_elu_drop_0,adam_batch_128_act_elu_drop_0,128,elu_drop_0,0.3,128,0.3,2357.520694699996,673.5654019920804,1512.197502735247,5444.4714560634875,1271.5927983706997,2790.1273029449344,17,,,,,,,,,,,,,,,,2357.520694699996,1304.296630859375,5444.4714560634875,148023.05419921875,5876.963574218748,673.5654019920804,459.9563598632813,1271.5927983706997,47787.73699951172,2489.514270019531,1512.197502735247,628.80810546875,2790.1273029449344,53482.280029296875,5532.73828125
pcsa,memory,raw,temporal,pcsa_arch_64_32_scaler_minmax_opt_adam_batch_128_act_relu_drop_0.2,server/run_2025_12_27/results/pcsa/memory/raw/temporal/pcsa_arch_64_32_scaler_minmax_opt_adam_batch_128_act_relu_drop_0.2,64_32,minmax_opt_adam_batch_128_act_relu_drop_0,adam_batch_128_act_relu_drop_0,128,relu_drop_0,0.2,128,0.2,1584.5740664613918,483.5280135576254,1680.6316454118742,4124.721849362666,843.9963771356908,2775.0720733358185,43,,,,,,,,,,,,,,,,1584.5740664613918,623.806884765625,4124.721849362666,145609.43505859375,5846.831152343746,483.5280135576254,419.3016357421875,843.9963771356908,47373.53210449219,870.4304382324219,1680.6316454118742,695.7350769042969,2775.0720733358185,56418.63262939453,6226.44140625
pcsa,memory,raw,temporal,pcsa_arch_64_32_scaler_minmax_opt_adam_batch_128_act_relu_drop_0.3,server/run_2025_12_27/results/pcsa/memory/raw/temporal/pcsa_arch_64_32_scaler_minmax_opt_adam_batch_128_act_relu_drop_0.3,64_32,minmax_opt_adam_batch_128_act_relu_drop_0,adam_batch_128_act_relu_drop_0,128,relu_drop_0,0.3,128,0.3,1644.7204300600656,436.898340862597,1623.5823651164178,4331.0513735465,831.7201306999771,2580.6683890839868,40,,,,,,,,,,,,,,,,1644.7204300600656,650.7607421875,4331.0513735465,145406.978515625,5982.612988281248,436.898340862597,366.4886474609375,831.7201306999771,47435.14489746094,805.5511047363274,1623.5823651164178,586.7425537109375,2580.6683890839868,56200.143493652344,6247.3447265625
pcsa,memory,raw,temporal,pcsa_arch_64_32_scaler_minmax_opt_adam_batch_64_act_elu_drop_0.2,server/run_2025_12_27/results/pcsa/memory/raw/temporal/pcsa_arch_64_32_scaler_minmax_opt_adam_batch_64_act_elu_drop_0.2,64_32,minmax_opt_adam_batch_64_act_elu_drop_0,adam_batch_64_act_elu_drop_0,64,elu_drop_0,0.2,64,0.2,1530.910184087361,618.0191227545185,1633.4336414322213,4067.026576403791,810.0042259199365,2710.89432944716,29,,,,,,,,,,,,,,,,1530.910184087361,640.9688720703125,4067.026576403791,147391.40234375,5082.201513671875,618.0191227545185,609.3490295410156,810.0042259199365,47873.82501220703,971.7767181396484,1633.4336414322213,757.601806640625,2710.89432944716,55326.77685546875,5997.615234375
pcsa,memory,raw,temporal,pcsa_arch_64_32_scaler_minmax_opt_adam_batch_64_act_elu_drop_0.3,server/run_2025_12_27/results/pcsa/memory/raw/temporal/pcsa_arch_64_32_scaler_minmax_opt_adam_batch_64_act_elu_drop_0.3,64_32,minmax_opt_adam_batch_64_act_elu_drop_0,adam_batch_64_act_elu_drop_0,64,elu_drop_0,0.3,64,0.3,1546.572626071677,657.6281214412103,1632.2934626077265,4154.683005480667,809.5006110294714,2574.900819664854,29,,,,,,,,,,,,,,,,1546.572626071677,661.8494873046875,4154.683005480667,147129.8896484375,5088.029199218749,657.6281214412103,651.4668884277344,809.5006110294714,47924.14013671875,1028.0950927734375,1632.2934626077265,811.9974975585938,2574.900819664854,55351.58898925781,5747.8671875
pcsa,memory,raw,temporal,pcsa_arch_64_32_scaler_minmax_opt_adam_batch_64_act_relu_drop_0.2,server/run_2025_12_27/results/pcsa/memory/raw/temporal/pcsa_arch_64_32_scaler_minmax_opt_adam_batch_64_act_relu_drop_0.2,64_32,minmax_opt_adam_batch_64_act_relu_drop_0,adam_batch_64_act_relu_drop_0,64,relu_drop_0,0.2,64,0.2,1603.8076615848108,366.1116139546457,1633.5537015397504,4248.287842978933,830.9946092452699,2696.31564779706,28,,,,,,,,,,,,,,,,1603.8076615848108,597.542724609375,4248.287842978933,145421.42431640625,6104.203564453122,366.1116139546457,259.953125,830.9946092452699,47343.78674316406,784.6624145507812,1633.5537015397504,553.4677734375,2696.31564779706,56162.950439453125,6431.01953125
pcsa,memory,raw,temporal,pcsa_arch_64_32_scaler_minmax_opt_adam_batch_64_act_relu_drop_0.3,server/run_2025_12_27/results/pcsa/memory/raw/temporal/pcsa_arch_64_32_scaler_minmax_opt_adam_batch_64_act_relu_drop_0.3,64_32,minmax_opt_adam_batch_64_act_relu_drop_0,adam_batch_64_act_relu_drop_0,64,relu_drop_0,0.3,64,0.3,1583.3694278489631,413.0022096735557,1638.9774558362196,4259.369323002663,830.5630340494716,2664.748308273256,33,,,,,,,,,,,,,,,,1583.3694278489631,575.59375,4259.369323002663,145208.38623046875,6039.086279296875,413.0022096735557,331.1832275390625,830.5630340494716,47408.801513671875,789.0059814453103,1638.9774558362196,576.923583984375,2664.748308273256,56157.86413574219,6311.0146484375
pcsa,memory,raw,temporal,pcsa_arch_64_32_scaler_minmax_opt_rmsprop_batch_128_act_elu_drop_0.2,server/run_2025_12_27/results/pcsa/memory/raw/temporal/pcsa_arch_64_32_scaler_minmax_opt_rmsprop_batch_128_act_elu_drop_0.2,64_32,minmax_opt_rmsprop_batch_128_act_elu_drop_0,rmsprop_batch_128_act_elu_drop_0,128,elu_drop_0,0.2,128,0.2,2527.011699015812,462.8095145007286,1706.5846074481983,6517.670173749692,1398.2519688640773,3987.5722486568056,13,,,,,,,,,,,,,,,,2527.011699015812,625.3233642578125,6517.670173749692,151131.61096191406,10645.455395507812,462.8095145007286,313.24444580078125,1398.2519688640773,47256.227294921875,862.37451171875,1706.5846074481983,419.540283203125,3987.5722486568056,55470.98986816406,10408.463989257812
pcsa,memory,raw,temporal,pcsa_arch_64_32_scaler_minmax_opt_rmsprop_batch_128_act_elu_drop_0.3,server/run_2025_12_27/results/pcsa/memory/raw/temporal/pcsa_arch_64_32_scaler_minmax_opt_rmsprop_batch_128_act_elu_drop_0.3,64_32,minmax_opt_rmsprop_batch_128_act_elu_drop_0,rmsprop_batch_128_act_elu_drop_0,128,elu_drop_0,0.3,128,0.3,1454.472342595918,698.6386820048748,1714.8106594471287,3872.380212205489,882.506334699528,3122.0752865995214,56,,,,,,,,,,,,,,,,1454.472342595918,639.9569854736328,3872.380212205489,147840.033203125,4758.61142578125,698.6386820048748,797.0380249023438,882.506334699528,47908.02471923828,1014.8457092285156,1714.8106594471287,895.03515625,3122.0752865995214,55684.771484375,7180.4140625
pcsa,memory,raw,temporal,pcsa_arch_64_32_scaler_minmax_opt_rmsprop_batch_128_act_relu_drop_0.2,server/run_2025_12_27/results/pcsa/memory/raw/temporal/pcsa_arch_64_32_scaler_minmax_opt_rmsprop_batch_128_act_relu_drop_0.2,64_32,minmax_opt_rmsprop_batch_128_act_relu_drop_0,rmsprop_batch_128_act_relu_drop_0,128,relu_drop_0,0.2,128,0.2,1691.8134583841704,336.44875714053927,1566.0414437702168,4365.836616423958,825.9934354296834,2591.8000297205135,41,,,,,,,,,,,,,,,,1691.8134583841704,692.452392578125,4365.836616423958,145541.701171875,6215.584277343747,336.44875714053927,253.6156005859375,825.9934354296834,47363.61413574219,700.9195068359375,1566.0414437702168,521.8232421875,2591.8000297205135,56164.551696777344,6539.43017578125
pcsa,memory,raw,temporal,pcsa_arch_64_32_scaler_minmax_opt_rmsprop_batch_128_act_relu_drop_0.3,server/run_2025_12_27/results/pcsa/memory/raw/temporal/pcsa_arch_64_32_scaler_minmax_opt_rmsprop_batch_128_act_relu_drop_0.3,64_32,minmax_opt_rmsprop_batch_128_act_relu_drop_0,rmsprop_batch_128_act_relu_drop_0,128,relu_drop_0,0.3,128,0.3,1806.6679728398935,406.5203010869998,1506.866015148656,4571.366522193048,854.893491821746,2448.9252701025375,41,,,,,,,,,,,,,,,,1806.6679728398935,751.21142578125,4571.366522193048,145723.32568359375,6229.301562499997,406.5203010869998,367.239501953125,854.893491821746,47519.34814453125,741.5051940917954,1506.866015148656,598.866455078125,2448.9252701025375,56238.03894042969,6462.59130859375
pcsa,memory,raw,temporal,pcsa_arch_64_32_scaler_minmax_opt_rmsprop_batch_64_act_elu_drop_0.2,server/run_2025_12_27/results/pcsa/memory/raw/temporal/pcsa_arch_64_32_scaler_minmax_opt_rmsprop_batch_64_act_elu_drop_0.2,64_32,minmax_opt_rmsprop_batch_64_act_elu_drop_0,rmsprop_batch_64_act_elu_drop_0,64,elu_drop_0,0.2,64,0.2,1616.4976691960128,656.6995914853852,1695.3564522185309,4259.603187557308,829.6864845014277,2505.9973189566017,32,,,,,,,,,,,,,,,,1616.4976691960128,678.510009765625,4259.603187557308,147154.54541015625,5309.863378906248,656.6995914853852,658.498779296875,829.6864845014277,47896.08514404297,986.039306640625,1695.3564522185309,778.8660888671875,2505.9973189566017,55582.00622558594,5885.2392578125
pcsa,memory,raw,temporal,pcsa_arch_64_32_scaler_minmax_opt_rmsprop_batch_64_act_elu_drop_0.3,server/run_2025_12_27/results/pcsa/memory/raw/temporal/pcsa_arch_64_32_scaler_minmax_opt_rmsprop_batch_64_act_elu_drop_0.3,64_32,minmax_opt_rmsprop_batch_64_act_elu_drop_0,rmsprop_batch_64_act_elu_drop_0,64,elu_drop_0,0.3,64,0.3,1364.439078289195,516.5790466882592,1540.5596941810588,3843.792022351804,867.5350226464791,3231.626112372346,50,,,,,,,,,,,,,,,,1364.439078289195,550.296875,3843.792022351804,147766.73828125,4636.754882812497,516.5790466882592,498.5159301757813,867.5350226464791,47711.670654296875,874.5408538818359,1540.5596941810588,684.4933471679688,3231.626112372346,55523.74938964844,7356.3046875
pcsa,memory,raw,temporal,pcsa_arch_64_32_scaler_minmax_opt_rmsprop_batch_64_act_relu_drop_0.2,server/run_2025_12_27/results/pcsa/memory/raw/temporal/pcsa_arch_64_32_scaler_minmax_opt_rmsprop_batch_64_act_relu_drop_0.2,64_32,minmax_opt_rmsprop_batch_64_act_relu_drop_0,rmsprop_batch_64_act_relu_drop_0,64,relu_drop_0,0.2,64,0.2,1473.6078744442775,378.1491869552756,1598.2915829908247,4075.260571748838,850.1866111518408,2839.853050315667,41,,,,,,,,,,,,,,,,1473.6078744442775,508.9813232421875,4075.260571748838,146021.1865234375,5682.149511718747,378.1491869552756,301.860107421875,850.1866111518408,47337.70446777344,701.5611755371086,1598.2915829908247,534.616455078125,2839.853050315667,56188.341552734375,6055.15087890625
pcsa,memory,raw,temporal,pcsa_arch_64_32_scaler_minmax_opt_rmsprop_batch_64_act_relu_drop_0.3,server/run_2025_12_27/results/pcsa/memory/raw/temporal/pcsa_arch_64_32_scaler_minmax_opt_rmsprop_batch_64_act_relu_drop_0.3,64_32,minmax_opt_rmsprop_batch_64_act_relu_drop_0,rmsprop_batch_64_act_relu_drop_0,64,relu_drop_0,0.3,64,0.3,1524.80133893017,409.6051787648455,1631.9216411036396,4163.602523928764,830.6659706565775,2723.829669079502,39,,,,,,,,,,,,,,,,1524.80133893017,544.268798828125,4163.602523928764,145924.986328125,5792.8812499999985,409.6051787648455,303.5135498046875,830.6659706565775,47351.86315917969,787.2603912353508,1631.9216411036396,564.9140930175781,2723.829669079502,56357.846740722656,6256.5361328125
pcsa,memory,raw,temporal,pcsa_arch_64_32_scaler_standard_opt_adam_batch_128_act_elu_drop_0.2,server/run_2025_12_27/results/pcsa/memory/raw/temporal/pcsa_arch_64_32_scaler_standard_opt_adam_batch_128_act_elu_drop_0.2,64_32,standard_opt_adam_batch_128_act_elu_drop_0,adam_batch_128_act_elu_drop_0,128,elu_drop_0,0.2,128,0.2,2092.907180428829,1356.6337475559928,2067.832364521847,3982.5616702523544,825.8138576306527,2289.5394117077835,18,,,,,,,,,,,,,,,,2092.907180428829,1494.5407848358154,3982.5616702523544,143852.2353515625,4947.496777343748,1356.6337475559928,1329.540759086609,825.8138576306527,48628.54075908661,1952.590759086608,2067.832364521847,1691.540759086609,2289.5394117077835,56885.54077529907,4969.9931640625
pcsa,memory,raw,temporal,pcsa_arch_64_32_scaler_standard_opt_adam_batch_128_act_elu_drop_0.3,server/run_2025_12_27/results/pcsa/memory/raw/temporal/pcsa_arch_64_32_scaler_standard_opt_adam_batch_128_act_elu_drop_0.3,64_32,standard_opt_adam_batch_128_act_elu_drop_0,adam_batch_128_act_elu_drop_0,128,elu_drop_0,0.3,128,0.3,2113.002327812813,1366.8129992352196,2099.7991487762433,4025.7099655774546,822.2835947681973,2254.409126385693,18,,,,,,,,,,,,,,,,2113.002327812813,1492.3372292518616,4025.7099655774546,144177.708984375,5008.952246093747,1366.8129992352196,1334.3365592956543,822.2835947681973,48633.33656358719,1956.3365671634672,2099.7991487762433,1718.350218296051,2254.409126385693,56891.80145716667,4812.87109375
pcsa,memory,raw,temporal,pcsa_arch_64_32_scaler_standard_opt_adam_batch_128_act_relu_drop_0.2,server/run_2025_12_27/results/pcsa/memory/raw/temporal/pcsa_arch_64_32_scaler_standard_opt_adam_batch_128_act_relu_drop_0.2,64_32,standard_opt_adam_batch_128_act_relu_drop_0,adam_batch_128_act_relu_drop_0,128,relu_drop_0,0.2,128,0.2,1608.5422219269542,266.31604310038693,1455.525984739738,4105.90320561725,839.8281837315175,2956.4121397758436,18,,,,,,,,,,,,,,,,1608.5422219269542,437.3349609375,4105.90320561725,144290.31884765625,5562.8552734375,266.31604310038693,202.64093017578125,839.8281837315175,47166.55578613281,579.3883850097654,1455.525984739738,359.6053466796875,2956.4121397758436,56236.02716064453,6110.3896484375
pcsa,memory,raw,temporal,pcsa_arch_64_32_scaler_standard_opt_adam_batch_128_act_relu_drop_0.3,server/run_2025_12_27/results/pcsa/memory/raw/temporal/pcsa_arch_64_32_scaler_standard_opt_adam_batch_128_act_relu_drop_0.3,64_32,standard_opt_adam_batch_128_act_relu_drop_0,adam_batch_128_act_relu_drop_0,128,relu_drop_0,0.3,128,0.3,1588.459664539174,388.868386477288,1431.823148004352,4150.3522383055815,827.1921229989019,2846.0572775874384,19,,,,,,,,,,,,,,,,1588.459664539174,425.04974365234375,4150.3522383055815,144548.75634765625,5467.767480468749,388.868386477288,328.588623046875,827.1921229989019,47085.64794921875,757.368896484375,1431.823148004352,302.43035888671875,2846.0572775874384,56123.24792480469,5840.45166015625
pcsa,memory,raw,temporal,pcsa_arch_64_32_scaler_standard_opt_adam_batch_64_act_elu_drop_0.2,server/run_2025_12_27/results/pcsa/memory/raw/temporal/pcsa_arch_64_32_scaler_standard_opt_adam_batch_64_act_elu_drop_0.2,64_32,standard_opt_adam_batch_64_act_elu_drop_0,adam_batch_64_act_elu_drop_0,64,elu_drop_0,0.2,64,0.2,1189.4044357308132,528.5266038189113,1239.0867787420775,3327.7995800977187,981.7585425065804,3197.0000577571727,52,,,,,,,,,,,,,,,,1189.4044357308132,476.3988037109375,3327.7995800977187,137742.3212890625,3976.040234374999,528.5266038189113,424.4949789047241,981.7585425065804,47332.93469238281,1187.5638427734375,1239.0867787420775,515.8486328125,3197.0000577571727,60539.515625,4147.0400390625
pcsa,memory,raw,temporal,pcsa_arch_64_32_scaler_standard_opt_adam_batch_64_act_elu_drop_0.3,server/run_2025_12_27/results/pcsa/memory/raw/temporal/pcsa_arch_64_32_scaler_standard_opt_adam_batch_64_act_elu_drop_0.3,64_32,standard_opt_adam_batch_64_act_elu_drop_0,adam_batch_64_act_elu_drop_0,64,elu_drop_0,0.3,64,0.3,1097.409836190942,413.0239032506195,1037.4239933762387,3179.1350928469556,959.604105015698,3255.732477835899,89,,,,,,,,,,,,,,,,1097.409836190942,399.861328125,3179.1350928469556,136033.9384765625,3692.93994140625,413.0239032506195,358.02056884765625,959.604105015698,47383.01379394531,607.8347656249996,1037.4239933762387,414.035400390625,3255.732477835899,63479.125,3940.583984375
pcsa,memory,raw,temporal,pcsa_arch_64_32_scaler_standard_opt_adam_batch_64_act_relu_drop_0.2,server/run_2025_12_27/results/pcsa/memory/raw/temporal/pcsa_arch_64_32_scaler_standard_opt_adam_batch_64_act_relu_drop_0.2,64_32,standard_opt_adam_batch_64_act_relu_drop_0,adam_batch_64_act_relu_drop_0,64,relu_drop_0,0.2,64,0.2,1568.2918157848803,346.795074108925,1367.3298045476577,4142.741107941352,818.162329391545,2786.4047301976034,15,,,,,,,,,,,,,,,,1568.2918157848803,442.8753662109375,4142.741107941352,144773.11083984375,5340.329687499996,346.795074108925,285.69305419921875,818.162329391545,47096.420654296875,644.17431640625,1367.3298045476577,297.749755859375,2786.4047301976034,56092.15643310547,5607.86181640625
pcsa,memory,raw,temporal,pcsa_arch_64_32_scaler_standard_opt_adam_batch_64_act_relu_drop_0.3,server/run_2025_12_27/results/pcsa/memory/raw/temporal/pcsa_arch_64_32_scaler_standard_opt_adam_batch_64_act_relu_drop_0.3,64_32,standard_opt_adam_batch_64_act_relu_drop_0,adam_batch_64_act_relu_drop_0,64,relu_drop_0,0.3,64,0.3,1579.4748427863003,283.8375484717677,1412.204238549648,4025.5171184148103,849.6887561414953,2886.5369756771497,16,,,,,,,,,,,,,,,,1579.4748427863003,533.4140625,4025.5171184148103,144402.603515625,5151.477148437495,283.8375484717677,190.478271484375,849.6887561414953,47357.26770019531,637.3982238769531,1412.204238549648,453.966796875,2886.5369756771497,56322.791748046875,6156.466796875
pcsa,memory,raw,temporal,pcsa_arch_64_32_scaler_standard_opt_rmsprop_batch_128_act_elu_drop_0.2,server/run_2025_12_27/results/pcsa/memory/raw/temporal/pcsa_arch_64_32_scaler_standard_opt_rmsprop_batch_128_act_elu_drop_0.2,64_32,standard_opt_rmsprop_batch_128_act_elu_drop_0,rmsprop_batch_128_act_elu_drop_0,128,elu_drop_0,0.2,128,0.2,2132.1423505540297,1356.2682229046911,2150.0063139772064,4036.982326732137,832.3666932089229,2294.426010931131,21,,,,,,,,,,,,,,,,2132.1423505540297,1481.483642578125,4036.982326732137,144500.6806640625,5380.84619140625,1356.2682229046911,1333.0072022676468,832.3666932089229,48632.01724529266,1955.0227954387665,2150.0063139772064,1753.4238114356997,2294.426010931131,56891.18776965141,5008.337890625
pcsa,memory,raw,temporal,pcsa_arch_64_32_scaler_standard_opt_rmsprop_batch_128_act_elu_drop_0.3,server/run_2025_12_27/results/pcsa/memory/raw/temporal/pcsa_arch_64_32_scaler_standard_opt_rmsprop_batch_128_act_elu_drop_0.3,64_32,standard_opt_rmsprop_batch_128_act_elu_drop_0,rmsprop_batch_128_act_elu_drop_0,128,elu_drop_0,0.3,128,0.3,1503.418817921982,670.876722000983,1622.4762806745182,3620.8660623267374,978.1183412057366,2969.366964039579,50,,,,,,,,,,,,,,,,1503.418817921982,825.14453125,3620.8660623267374,142829.87890625,4171.84326171875,670.876722000983,465.13010263442993,978.1183412057366,47474.53576660156,1852.376983642578,1622.4762806745182,946.376983642578,2969.366964039579,56831.37698364258,6155.484375
pcsa,memory,raw,temporal,pcsa_arch_64_32_scaler_standard_opt_rmsprop_batch_128_act_relu_drop_0.2,server/run_2025_12_27/results/pcsa/memory/raw/temporal/pcsa_arch_64_32_scaler_standard_opt_rmsprop_batch_128_act_relu_drop_0.2,64_32,standard_opt_rmsprop_batch_128_act_relu_drop_0,rmsprop_batch_128_act_relu_drop_0,128,relu_drop_0,0.2,128,0.2,1576.7971920226744,233.659471278654,1418.4628968806014,4084.108124866708,840.1594825852969,2953.773550108994,21,,,,,,,,,,,,,,,,1576.7971920226744,458.548583984375,4084.108124866708,144759.0,5228.727233886719,233.659471278654,122.13916015625,840.1594825852969,47255.76550292969,536.0546142578106,1418.4628968806014,356.64111328125,2953.773550108994,56131.909423828125,6104.1318359375
pcsa,memory,raw,temporal,pcsa_arch_64_32_scaler_standard_opt_rmsprop_batch_128_act_relu_drop_0.3,server/run_2025_12_27/results/pcsa/memory/raw/temporal/pcsa_arch_64_32_scaler_standard_opt_rmsprop_batch_128_act_relu_drop_0.3,64_32,standard_opt_rmsprop_batch_128_act_relu_drop_0,rmsprop_batch_128_act_relu_drop_0,128,relu_drop_0,0.3,128,0.3,1542.0016791729804,360.1054113597332,1342.8584767233856,4209.445970556879,818.3926934723648,2807.2338949259647,21,,,,,,,,,,,,,,,,1542.0016791729804,404.974609375,4209.445970556879,145136.0537109375,5261.690869140622,360.1054113597332,306.491455078125,818.3926934723648,47020.88391113281,596.4727783203125,1342.8584767233856,252.900146484375,2807.2338949259647,56000.55291748047,5517.59375
pcsa,memory,raw,temporal,pcsa_arch_64_32_scaler_standard_opt_rmsprop_batch_64_act_elu_drop_0.2,server/run_2025_12_27/results/pcsa/memory/raw/temporal/pcsa_arch_64_32_scaler_standard_opt_rmsprop_batch_64_act_elu_drop_0.2,64_32,standard_opt_rmsprop_batch_64_act_elu_drop_0,rmsprop_batch_64_act_elu_drop_0,64,elu_drop_0,0.2,64,0.2,1393.9241983593702,686.2179672534189,1636.6807189840374,3527.8759953235476,996.6875721441507,3108.0716213917613,45,,,,,,,,,,,,,,,,1393.9241983593702,697.5653076171875,3527.8759953235476,141511.7607421875,4061.2868164062497,686.2179672534189,483.5023956298828,996.6875721441507,47450.43640136719,1839.5023956298828,1636.6807189840374,916.5023956298828,3108.0716213917613,56820.50239562988,6247.3955078125
pcsa,memory,raw,temporal,pcsa_arch_64_32_scaler_standard_opt_rmsprop_batch_64_act_elu_drop_0.3,server/run_2025_12_27/results/pcsa/memory/raw/temporal/pcsa_arch_64_32_scaler_standard_opt_rmsprop_batch_64_act_elu_drop_0.3,64_32,standard_opt_rmsprop_batch_64_act_elu_drop_0,rmsprop_batch_64_act_elu_drop_0,64,elu_drop_0,0.3,64,0.3,1459.8776373335857,696.3531734320063,1625.483628534109,3606.7329810448673,978.1288252412872,3021.532452465492,38,,,,,,,,,,,,,,,,1459.8776373335857,754.65625,3606.7329810448673,141969.7294921875,4175.886718749995,696.3531734320063,483.7825012207031,978.1288252412872,47363.419921875,1868.7825012207031,1625.483628534109,944.7825012207032,3021.532452465492,56847.7825012207,6724.275390625
pcsa,memory,raw,temporal,pcsa_arch_64_32_scaler_standard_opt_rmsprop_batch_64_act_relu_drop_0.2,server/run_2025_12_27/results/pcsa/memory/raw/temporal/pcsa_arch_64_32_scaler_standard_opt_rmsprop_batch_64_act_relu_drop_0.2,64_32,standard_opt_rmsprop_batch_64_act_relu_drop_0,rmsprop_batch_64_act_relu_drop_0,64,relu_drop_0,0.2,64,0.2,1583.7761463078805,298.0214639645759,1442.750357712311,4165.706614405465,829.0556702803086,2974.3946163386645,17,,,,,,,,,,,,,,,,1583.7761463078805,478.2359619140625,4165.706614405465,144806.78564453125,5268.655224609374,298.0214639645759,237.9793701171875,829.0556702803086,47202.4052734375,583.7005737304687,1442.750357712311,347.74169921875,2974.3946163386645,56086.82818603515,5784.302734375
pcsa,memory,raw,temporal,pcsa_arch_64_32_scaler_standard_opt_rmsprop_batch_64_act_relu_drop_0.3,server/run_2025_12_27/results/pcsa/memory/raw/temporal/pcsa_arch_64_32_scaler_standard_opt_rmsprop_batch_64_act_relu_drop_0.3,64_32,standard_opt_rmsprop_batch_64_act_relu_drop_0,rmsprop_batch_64_act_relu_drop_0,64,relu_drop_0,0.3,64,0.3,1508.9317829007166,286.7627498614751,1364.3456027436416,4101.909581552075,841.5855382458043,2884.5591402519913,19,,,,,,,,,,,,,,,,1508.9317829007166,466.51416015625,4101.909581552075,145252.9853515625,4886.0126953125,286.7627498614751,201.55694580078125,841.5855382458043,47267.05798339844,631.7960205078125,1364.3456027436416,425.2972412109375,2884.5591402519913,56060.10858154297,5853.986328125
