method,target,feature_space,split_mode,grid_config_name,split,prediction_target,count_topN,mean_absolute_error,median_absolute_error,max_absolute_error,mean_relative_error,median_relative_error,max_relative_error
2dsa,cpu,raw,record,2dsa_arch_128_64_scaler_minmax_opt_adam_batch_128_act_elu_drop_0.2,test,CPUTime,100,32725.82115600586,26040.13165283203,75262.28515625,0.9135765103568607,0.9301910906379114,0.9721141540051436
2dsa,cpu,raw,record,2dsa_arch_128_64_scaler_minmax_opt_adam_batch_128_act_elu_drop_0.2,train,CPUTime,100,41717.09710083008,31543.24609375,246189.0615234375,1.7588011468830482,0.8639433057491408,69.02680121527777
2dsa,cpu,raw,record,2dsa_arch_128_64_scaler_minmax_opt_adam_batch_128_act_elu_drop_0.2,val,CPUTime,100,17460.867365112306,13326.3857421875,65751.412109375,1.2515218618943167,0.7511383401624674,9.315277321072204
2dsa,cpu,raw,record,2dsa_arch_128_64_scaler_minmax_opt_adam_batch_128_act_elu_drop_0.3,test,CPUTime,100,32653.087841796874,26018.621154785156,75103.86401367188,0.9113252314825481,0.9246085083075689,0.9714415124517668
2dsa,cpu,raw,record,2dsa_arch_128_64_scaler_minmax_opt_adam_batch_128_act_elu_drop_0.3,train,CPUTime,100,41749.27120727539,32820.35595703125,246807.1083984375,1.7562239628255207,0.8570623324530641,68.80807382089121
2dsa,cpu,raw,record,2dsa_arch_128_64_scaler_minmax_opt_adam_batch_128_act_elu_drop_0.3,val,CPUTime,100,17363.97367980957,13204.03564453125,65633.244140625,1.2552864716259864,0.7646487081090456,9.361392614976417
2dsa,cpu,raw,record,2dsa_arch_128_64_scaler_minmax_opt_adam_batch_128_act_relu_drop_0.2,test,CPUTime,100,33435.58717956543,26600.41033935547,75651.65100097656,5.131087160898059,0.9379284711603599,302.2589128521127
2dsa,cpu,raw,record,2dsa_arch_128_64_scaler_minmax_opt_adam_batch_128_act_relu_drop_0.2,train,CPUTime,100,41516.81018432617,31297.5947265625,247997.26953125,1.3868345924535783,0.8495328171340981,43.078274197048614
2dsa,cpu,raw,record,2dsa_arch_128_64_scaler_minmax_opt_adam_batch_128_act_relu_drop_0.2,val,CPUTime,100,19731.392445983885,16300.382568359375,69270.9912109375,2.0610281460715614,0.7443563901689612,16.77215762200653
2dsa,cpu,raw,record,2dsa_arch_128_64_scaler_minmax_opt_adam_batch_128_act_relu_drop_0.3,test,CPUTime,100,34299.73032043457,27087.99688720703,76034.1376953125,9.121504845121205,0.9519271944400286,605.5346610915493
2dsa,cpu,raw,record,2dsa_arch_128_64_scaler_minmax_opt_adam_batch_128_act_relu_drop_0.3,train,CPUTime,100,40865.34415649414,30990.2705078125,248262.28100585935,0.8535652097639996,0.8462660932934611,3.122350249691104
2dsa,cpu,raw,record,2dsa_arch_128_64_scaler_minmax_opt_adam_batch_128_act_relu_drop_0.3,val,CPUTime,100,20184.68295227051,16342.2890625,68445.5185546875,2.451366259766169,0.7600677143052935,19.45875759706096
2dsa,cpu,raw,record,2dsa_arch_128_64_scaler_minmax_opt_adam_batch_64_act_elu_drop_0.2,test,CPUTime,100,32989.171231689455,26080.101989746094,75424.35791015625,0.9159473450250097,0.9345407171135096,0.9738151687860024
2dsa,cpu,raw,record,2dsa_arch_128_64_scaler_minmax_opt_adam_batch_64_act_elu_drop_0.2,train,CPUTime,100,42223.00509887695,32797.222900390625,247196.64306640625,1.7365550724998176,0.8658860583379175,67.02189127604167
2dsa,cpu,raw,record,2dsa_arch_128_64_scaler_minmax_opt_adam_batch_64_act_elu_drop_0.2,val,CPUTime,100,17785.57721130371,13657.00634765625,66728.498046875,1.2894178010558184,0.7514670262656946,9.92128537735849
2dsa,cpu,raw,record,2dsa_arch_128_64_scaler_minmax_opt_adam_batch_64_act_elu_drop_0.3,test,CPUTime,100,32944.93976196289,26080.150634765625,75555.89135742188,0.9200832505698936,0.9328891007189701,0.979813867609868
2dsa,cpu,raw,record,2dsa_arch_128_64_scaler_minmax_opt_adam_batch_64_act_elu_drop_0.3,train,CPUTime,100,41530.59219909668,32954.753662109375,246798.642578125,1.6521931685959015,0.8562633385371352,59.621591073495374
2dsa,cpu,raw,record,2dsa_arch_128_64_scaler_minmax_opt_adam_batch_64_act_elu_drop_0.3,val,CPUTime,100,17308.614413146974,13718.1884765625,65865.06103515625,1.563266163589588,0.8741418461167516,10.685824677975326
2dsa,cpu,raw,record,2dsa_arch_128_64_scaler_minmax_opt_adam_batch_64_act_relu_drop_0.2,test,CPUTime,100,36409.8009135437,29289.780822753906,119395.3828125,22.149959781977717,0.9643665583143892,1681.6251100352113
2dsa,cpu,raw,record,2dsa_arch_128_64_scaler_minmax_opt_adam_batch_64_act_relu_drop_0.2,train,CPUTime,100,39262.17504211426,29634.051513671875,246706.0517578125,1.293522125617585,0.8189664596474329,41.176002273383375
2dsa,cpu,raw,record,2dsa_arch_128_64_scaler_minmax_opt_adam_batch_64_act_relu_drop_0.2,val,CPUTime,100,18549.739706115724,15227.033935546875,67703.5263671875,1.8669971305700404,0.7471461563612871,11.605290162373004
2dsa,cpu,raw,record,2dsa_arch_128_64_scaler_minmax_opt_adam_batch_64_act_relu_drop_0.3,test,CPUTime,100,35538.62335327148,27146.402099609375,102755.765625,19.423822748866822,0.9535594623770998,1447.2643045774648
2dsa,cpu,raw,record,2dsa_arch_128_64_scaler_minmax_opt_adam_batch_64_act_relu_drop_0.3,train,CPUTime,100,39280.78358154297,30195.468505859375,245940.4423828125,0.8454898569711371,0.8202634493932734,3.9511522472199343
2dsa,cpu,raw,record,2dsa_arch_128_64_scaler_minmax_opt_adam_batch_64_act_relu_drop_0.3,val,CPUTime,100,19324.462047729492,16827.903289794922,67965.130859375,2.0426225545944585,0.7884610502896066,14.834344384978229
2dsa,cpu,raw,record,2dsa_arch_128_64_scaler_minmax_opt_rmsprop_batch_128_act_elu_drop_0.2,test,CPUTime,100,32904.92653442383,25960.286682128906,75815.05187988281,1.3231664826551233,0.9298267376939391,42.075757087628865
2dsa,cpu,raw,record,2dsa_arch_128_64_scaler_minmax_opt_rmsprop_batch_128_act_elu_drop_0.2,train,CPUTime,100,43784.321155395504,35237.02111816406,248310.33129882812,2.1383652065175123,0.9012660066078426,95.4280960648148
2dsa,cpu,raw,record,2dsa_arch_128_64_scaler_minmax_opt_rmsprop_batch_128_act_elu_drop_0.2,val,CPUTime,100,16739.687011413575,11645.36767578125,68459.92431640625,1.2102031622386726,0.818505414735404,9.060504761238812
2dsa,cpu,raw,record,2dsa_arch_128_64_scaler_minmax_opt_rmsprop_batch_128_act_elu_drop_0.3,test,CPUTime,100,33316.13200195313,26204.451599121094,75657.38146972656,0.9059954213713947,0.9306748748398299,0.9755359283804484
2dsa,cpu,raw,record,2dsa_arch_128_64_scaler_minmax_opt_rmsprop_batch_128_act_elu_drop_0.3,train,CPUTime,100,44544.879998779295,34499.35437011719,249210.41259765625,1.6244806650819124,0.911616040922602,57.35656286168982
2dsa,cpu,raw,record,2dsa_arch_128_64_scaler_minmax_opt_rmsprop_batch_128_act_elu_drop_0.3,val,CPUTime,100,18107.264009094237,14009.0068359375,68706.4296875,0.7399309888633797,0.7415399164522603,0.9782905044973296
2dsa,cpu,raw,record,2dsa_arch_128_64_scaler_minmax_opt_rmsprop_batch_128_act_relu_drop_0.2,test,CPUTime,100,35030.9646875,26793.49560546875,106678.9296875,19.958525715042335,0.9331304967276869,1502.520136443662
2dsa,cpu,raw,record,2dsa_arch_128_64_scaler_minmax_opt_rmsprop_batch_128_act_relu_drop_0.2,train,CPUTime,100,44044.56707641602,34513.84484863281,249261.4978027344,1.5740780991138112,0.8987349857073426,53.35546422887732
2dsa,cpu,raw,record,2dsa_arch_128_64_scaler_minmax_opt_rmsprop_batch_128_act_relu_drop_0.2,val,CPUTime,100,20040.76692871094,17043.5625,70005.81811523438,2.3221363088204052,0.8382738932913212,16.19730956322569
2dsa,cpu,raw,record,2dsa_arch_128_64_scaler_minmax_opt_rmsprop_batch_128_act_relu_drop_0.3,test,CPUTime,100,35172.82321533203,27210.2783203125,104653.921875,19.24046608923689,0.9325529493151561,1473.9988996478874
2dsa,cpu,raw,record,2dsa_arch_128_64_scaler_minmax_opt_rmsprop_batch_128_act_relu_drop_0.3,train,CPUTime,100,44588.07612426758,34659.36730957031,249499.3377685547,0.8760253421858399,0.9044148173468304,0.9920648035489956
2dsa,cpu,raw,record,2dsa_arch_128_64_scaler_minmax_opt_rmsprop_batch_128_act_relu_drop_0.3,val,CPUTime,100,20174.30620361328,16779.103515625,70935.94995117188,2.2185088300936138,0.8469806258487749,15.276246711719883
2dsa,cpu,raw,record,2dsa_arch_128_64_scaler_minmax_opt_rmsprop_batch_64_act_elu_drop_0.2,test,CPUTime,100,33054.6166986084,26370.971618652344,76447.38879394531,0.9099939281259161,0.9404582544375473,0.9858268970182856
2dsa,cpu,raw,record,2dsa_arch_128_64_scaler_minmax_opt_rmsprop_batch_64_act_elu_drop_0.2,train,CPUTime,100,44141.36898803711,34505.22302246094,248726.0517578125,0.8651751967669504,0.9115004015669814,0.9954688982493464
2dsa,cpu,raw,record,2dsa_arch_128_64_scaler_minmax_opt_rmsprop_batch_64_act_elu_drop_0.2,val,CPUTime,100,17336.392973022463,12995.99169921875,68247.7470703125,0.7938238748804235,0.8013623065672818,5.2602303375852575
2dsa,cpu,raw,record,2dsa_arch_128_64_scaler_minmax_opt_rmsprop_batch_64_act_elu_drop_0.3,test,CPUTime,100,33088.08817077637,26180.03155517578,76253.7333984375,0.8995649375215125,0.9327361335832043,0.9833934609026386
2dsa,cpu,raw,record,2dsa_arch_128_64_scaler_minmax_opt_rmsprop_batch_64_act_elu_drop_0.3,train,CPUTime,100,44397.51771087646,35518.76159667969,248527.47338867188,1.4831501121972055,0.9133704040422645,46.71013274016204
2dsa,cpu,raw,record,2dsa_arch_128_64_scaler_minmax_opt_rmsprop_batch_64_act_elu_drop_0.3,val,CPUTime,100,17641.738166809082,13637.662841796875,68476.45947265625,0.7424430373414588,0.7718444092632084,0.9816503124550284
2dsa,cpu,raw,record,2dsa_arch_128_64_scaler_minmax_opt_rmsprop_batch_64_act_relu_drop_0.2,test,CPUTime,100,36417.92715698242,27680.73651123047,150579.90625,27.374347777672593,0.9426860368621266,2120.84375
2dsa,cpu,raw,record,2dsa_arch_128_64_scaler_minmax_opt_rmsprop_batch_64_act_relu_drop_0.2,train,CPUTime,100,45229.3795111084,35549.85595703125,249929.17504882812,0.8894292470776572,0.9170321216217203,0.9937739320814654
2dsa,cpu,raw,record,2dsa_arch_128_64_scaler_minmax_opt_rmsprop_batch_64_act_relu_drop_0.2,val,CPUTime,100,20477.603399658205,17041.37890625,71637.66357421875,2.258951732305299,0.8621712157904746,15.516493842978957
2dsa,cpu,raw,record,2dsa_arch_128_64_scaler_minmax_opt_rmsprop_batch_64_act_relu_drop_0.3,test,CPUTime,100,40068.73062744141,27038.616638183594,350387.1875,62.02478720377115,0.9411377248763622,4935.030809859155
2dsa,cpu,raw,record,2dsa_arch_128_64_scaler_minmax_opt_rmsprop_batch_64_act_relu_drop_0.3,train,CPUTime,100,42823.85297088623,33384.822509765625,248293.9978027344,1.7682307342441315,0.8944971800405215,35.80508397905314
2dsa,cpu,raw,record,2dsa_arch_128_64_scaler_minmax_opt_rmsprop_batch_64_act_relu_drop_0.3,val,CPUTime,100,17986.682467803956,14258.958984375,68144.7509765625,1.354090547116513,0.811746780384193,8.113229516282656
2dsa,cpu,raw,record,2dsa_arch_128_64_scaler_standard_opt_adam_batch_128_act_elu_drop_0.2,test,CPUTime,100,32735.82318786621,25536.356353759766,74948.41967773438,0.9076459624773185,0.9410615728378572,0.9783098967014844
2dsa,cpu,raw,record,2dsa_arch_128_64_scaler_standard_opt_adam_batch_128_act_elu_drop_0.2,train,CPUTime,100,41120.05799255371,32958.8359375,244752.669921875,0.8089164696089054,0.8267762937954787,0.9991489790587808
2dsa,cpu,raw,record,2dsa_arch_128_64_scaler_standard_opt_adam_batch_128_act_elu_drop_0.2,val,CPUTime,100,19011.665405807496,15230.467041015625,66624.15283203125,0.7689712698567931,0.7108123935511633,0.9943003749157514
2dsa,cpu,raw,record,2dsa_arch_128_64_scaler_standard_opt_adam_batch_128_act_elu_drop_0.3,test,CPUTime,100,32622.912427978517,25312.68621826172,74460.70190429688,0.887923425106395,0.9258466565556952,0.9717046179297576
2dsa,cpu,raw,record,2dsa_arch_128_64_scaler_standard_opt_adam_batch_128_act_elu_drop_0.3,train,CPUTime,100,41409.205770874025,32726.383544921875,245654.30810546875,0.8113353842716999,0.8088896312536351,1.2831275338988826
2dsa,cpu,raw,record,2dsa_arch_128_64_scaler_standard_opt_adam_batch_128_act_elu_drop_0.3,val,CPUTime,100,19284.917425231935,16238.7783203125,66772.7744140625,0.7659821639840578,0.7416351982033621,0.97947519153722
2dsa,cpu,raw,record,2dsa_arch_128_64_scaler_standard_opt_adam_batch_128_act_relu_drop_0.2,test,CPUTime,100,33533.35296813965,26471.158264160156,75033.76098632812,5.425142967889999,0.9361465538709726,364.784413512324
2dsa,cpu,raw,record,2dsa_arch_128_64_scaler_standard_opt_adam_batch_128_act_relu_drop_0.2,train,CPUTime,100,40651.65850708008,31178.651611328125,246791.095703125,1.3710685081798135,0.8247860377731453,40.09674750434028
2dsa,cpu,raw,record,2dsa_arch_128_64_scaler_standard_opt_adam_batch_128_act_relu_drop_0.2,val,CPUTime,100,19763.922873535157,16751.45458984375,71315.779296875,0.7911403765481161,0.8190303136455688,0.9642298992140548
2dsa,cpu,raw,record,2dsa_arch_128_64_scaler_standard_opt_adam_batch_128_act_relu_drop_0.3,test,CPUTime,100,34337.6813470459,26530.99755859375,74927.30078125,12.042970220606703,0.9360770319225695,898.7795444542254
2dsa,cpu,raw,record,2dsa_arch_128_64_scaler_standard_opt_adam_batch_128_act_relu_drop_0.3,train,CPUTime,100,40566.02837036133,30493.310546875,246278.23193359375,20.809536106126696,0.8356439685404959,591.960009765625
2dsa,cpu,raw,record,2dsa_arch_128_64_scaler_standard_opt_adam_batch_128_act_relu_drop_0.3,val,CPUTime,100,20362.916571044923,17361.215698242188,72387.04052734375,0.8228866537761312,0.8635954024536148,0.9680905031778798
2dsa,cpu,raw,record,2dsa_arch_128_64_scaler_standard_opt_adam_batch_64_act_elu_drop_0.2,test,CPUTime,100,32471.82158569336,25204.967864990234,75435.98364257812,0.9099537594693403,0.948374508517372,0.9800679432757096
2dsa,cpu,raw,record,2dsa_arch_128_64_scaler_standard_opt_adam_batch_64_act_elu_drop_0.2,train,CPUTime,100,40001.025186157225,32724.214111328125,243865.64794921875,0.8034039703396992,0.8126335537891538,0.9761338416194232
2dsa,cpu,raw,record,2dsa_arch_128_64_scaler_standard_opt_adam_batch_64_act_elu_drop_0.2,val,CPUTime,100,18417.34100463867,14894.381103515625,64669.4306640625,0.8365958925798077,0.7034320694136771,7.067982648642322
2dsa,cpu,raw,record,2dsa_arch_128_64_scaler_standard_opt_adam_batch_64_act_elu_drop_0.3,test,CPUTime,100,32866.18411560058,25512.66552734375,75079.39965820312,0.8982502466865907,0.9398315644782615,0.9755906147798832
2dsa,cpu,raw,record,2dsa_arch_128_64_scaler_standard_opt_adam_batch_64_act_elu_drop_0.3,train,CPUTime,100,41608.146455078124,33381.732421875,246164.42431640625,0.8190923066721179,0.8203258438503865,1.0665315253929315
2dsa,cpu,raw,record,2dsa_arch_128_64_scaler_standard_opt_adam_batch_64_act_elu_drop_0.3,val,CPUTime,100,19740.789452438356,16137.663330078125,66828.28076171875,0.7929473430875055,0.7446324437988296,0.996088500509976
2dsa,cpu,raw,record,2dsa_arch_128_64_scaler_standard_opt_adam_batch_64_act_relu_drop_0.2,test,CPUTime,100,33668.94203735352,26650.89910888672,75521.92358398438,9.803401171874386,0.9298731019779577,713.7302486795775
2dsa,cpu,raw,record,2dsa_arch_128_64_scaler_standard_opt_adam_batch_64_act_relu_drop_0.2,train,CPUTime,100,39138.89734252929,28872.925537109375,245674.001953125,3.850793237416302,0.7918309458493751,257.26934895833335
2dsa,cpu,raw,record,2dsa_arch_128_64_scaler_standard_opt_adam_batch_64_act_relu_drop_0.2,val,CPUTime,100,19199.517929992675,16168.527587890625,70265.0751953125,0.8053770619715995,0.8045647833550027,1.4341231405417407
2dsa,cpu,raw,record,2dsa_arch_128_64_scaler_standard_opt_adam_batch_64_act_relu_drop_0.3,test,CPUTime,100,33399.846027832034,26447.203735351562,74700.09326171875,7.683093705767061,0.9198999055529178,546.1281910211268
2dsa,cpu,raw,record,2dsa_arch_128_64_scaler_standard_opt_adam_batch_64_act_relu_drop_0.3,train,CPUTime,100,41327.381679077145,31092.370361328125,247036.39599609375,241.34839966569913,0.8127538998611341,23974.213541666668
2dsa,cpu,raw,record,2dsa_arch_128_64_scaler_standard_opt_adam_batch_64_act_relu_drop_0.3,val,CPUTime,100,20208.37547241211,17223.965454101562,71833.82421875,0.8130687279033494,0.8663950230236872,0.9667773165973368
2dsa,cpu,raw,record,2dsa_arch_128_64_scaler_standard_opt_rmsprop_batch_128_act_elu_drop_0.2,test,CPUTime,100,33057.43333801269,25943.987884521484,76516.58764648438,0.91512680112903,0.9465487118284943,0.9881986377176504
2dsa,cpu,raw,record,2dsa_arch_128_64_scaler_standard_opt_rmsprop_batch_128_act_elu_drop_0.2,train,CPUTime,100,42525.680509033205,33946.68811035156,245625.77587890625,151.3101604424223,0.8685940233523365,15047.97265625
2dsa,cpu,raw,record,2dsa_arch_128_64_scaler_standard_opt_rmsprop_batch_128_act_elu_drop_0.2,val,CPUTime,100,19121.96052642822,15215.684173583984,68077.39453125,0.7777477743674912,0.723666229914766,0.9892497067331356
2dsa,cpu,raw,record,2dsa_arch_128_64_scaler_standard_opt_rmsprop_batch_128_act_elu_drop_0.3,test,CPUTime,100,32856.84945556641,25769.128509521484,76557.8656616211,0.9082676821911946,0.9369439261993644,0.9882827251278168
2dsa,cpu,raw,record,2dsa_arch_128_64_scaler_standard_opt_rmsprop_batch_128_act_elu_drop_0.3,train,CPUTime,100,42834.19704711914,34163.712951660156,245372.2587890625,222.1647644788623,0.8627854129668419,22134.216145833332
2dsa,cpu,raw,record,2dsa_arch_128_64_scaler_standard_opt_rmsprop_batch_128_act_elu_drop_0.3,val,CPUTime,100,19779.766907653808,16007.320495605469,69100.5703125,0.798158053770677,0.7852575648042638,0.9863733056081974
2dsa,cpu,raw,record,2dsa_arch_128_64_scaler_standard_opt_rmsprop_batch_128_act_relu_drop_0.2,test,CPUTime,100,33802.86356079102,26978.616973876953,76739.97143554688,8.685640799173706,0.943958697685574,632.0767495598592
2dsa,cpu,raw,record,2dsa_arch_128_64_scaler_standard_opt_rmsprop_batch_128_act_relu_drop_0.2,train,CPUTime,100,60518.74495025635,35667.180908203125,1669031.0,5614.704250964706,0.8780912655842841,556343.6666666666
2dsa,cpu,raw,record,2dsa_arch_128_64_scaler_standard_opt_rmsprop_batch_128_act_relu_drop_0.2,val,CPUTime,100,19858.67876525879,17385.757080078125,70233.46557617188,0.8056326825019733,0.8507205123486131,0.9736046416119992
2dsa,cpu,raw,record,2dsa_arch_128_64_scaler_standard_opt_rmsprop_batch_128_act_relu_drop_0.3,test,CPUTime,100,33236.81363525391,26559.347534179688,76566.09100341797,0.9108755533199426,0.9357011270028979,0.989939033404196
2dsa,cpu,raw,record,2dsa_arch_128_64_scaler_standard_opt_rmsprop_batch_128_act_relu_drop_0.3,train,CPUTime,100,63534.3919543457,36181.64416503906,1925450.0,6464.9026475934525,0.881904960200212,641816.6666666666
2dsa,cpu,raw,record,2dsa_arch_128_64_scaler_standard_opt_rmsprop_batch_128_act_relu_drop_0.3,val,CPUTime,100,20017.863576049804,16885.0146484375,70910.69750976562,0.8033354109713339,0.8324422292609356,0.9640863174416566
2dsa,cpu,raw,record,2dsa_arch_128_64_scaler_standard_opt_rmsprop_batch_64_act_elu_drop_0.2,test,CPUTime,100,32671.530177001954,25727.49005126953,76555.24890136719,0.9002789349277157,0.9301248914496534,0.9871810998858924
2dsa,cpu,raw,record,2dsa_arch_128_64_scaler_standard_opt_rmsprop_batch_64_act_elu_drop_0.2,train,CPUTime,100,42782.896077423095,33990.01721191406,245846.830078125,93.93940297553206,0.8776415314622259,9311.245442708334
2dsa,cpu,raw,record,2dsa_arch_128_64_scaler_standard_opt_rmsprop_batch_64_act_elu_drop_0.2,val,CPUTime,100,19364.004593658447,15364.6474609375,68675.56787109375,0.7715121603358632,0.7285342223248116,0.9913116771354908
2dsa,cpu,raw,record,2dsa_arch_128_64_scaler_standard_opt_rmsprop_batch_64_act_elu_drop_0.3,test,CPUTime,100,32819.32700805664,25999.18084716797,76632.53930664062,0.907105396776592,0.9345251298476518,0.9891863426966974
2dsa,cpu,raw,record,2dsa_arch_128_64_scaler_standard_opt_rmsprop_batch_64_act_elu_drop_0.3,train,CPUTime,100,43389.903358612064,34444.59326171875,245521.107421875,77.7919502894258,0.8830284937406163,7696.03515625
2dsa,cpu,raw,record,2dsa_arch_128_64_scaler_standard_opt_rmsprop_batch_64_act_elu_drop_0.3,val,CPUTime,100,19906.062192687987,16048.451171875,70464.69458007812,0.8007629370121149,0.7867552544579592,0.9901281091323
2dsa,cpu,raw,record,2dsa_arch_128_64_scaler_standard_opt_rmsprop_batch_64_act_relu_drop_0.2,test,CPUTime,100,34362.02045288086,26905.782806396484,76702.50830078125,12.624137604719342,0.9504977954366371,951.6387544014084
2dsa,cpu,raw,record,2dsa_arch_128_64_scaler_standard_opt_rmsprop_batch_64_act_relu_drop_0.2,train,CPUTime,100,60545.81234008789,35825.06396484375,1526646.0,5135.7822086661545,0.9009146656082525,508882.0
2dsa,cpu,raw,record,2dsa_arch_128_64_scaler_standard_opt_rmsprop_batch_64_act_relu_drop_0.2,val,CPUTime,100,20092.198466186524,17109.045288085938,70826.529296875,0.802691137442645,0.8486697613326315,0.96274954736699
2dsa,cpu,raw,record,2dsa_arch_128_64_scaler_standard_opt_rmsprop_batch_64_act_relu_drop_0.3,test,CPUTime,100,33744.072653808595,27172.117919921875,76678.73260498047,6.219149733164019,0.9588843015362409,430.338633362676
2dsa,cpu,raw,record,2dsa_arch_128_64_scaler_standard_opt_rmsprop_batch_64_act_relu_drop_0.3,train,CPUTime,100,66355.92970916748,35756.13330078125,2303721.25,7709.965062474099,0.883265279428874,767907.0833333334
2dsa,cpu,raw,record,2dsa_arch_128_64_scaler_standard_opt_rmsprop_batch_64_act_relu_drop_0.3,val,CPUTime,100,19686.574726257324,16970.707397460938,71330.97216796875,0.7993789735560576,0.8086078709429914,1.361737020796329
2dsa,cpu,raw,record,2dsa_arch_64_32_scaler_minmax_opt_adam_batch_128_act_elu_drop_0.2,test,CPUTime,100,33095.97872314453,26301.381286621094,75259.07934570312,0.9171182978029513,0.9331074043202052,0.9744498381140636
2dsa,cpu,raw,record,2dsa_arch_64_32_scaler_minmax_opt_adam_batch_128_act_elu_drop_0.2,train,CPUTime,100,41908.28663635254,32979.327880859375,244571.919921875,1.5540252735263538,0.8541132183906106,53.9716796875
2dsa,cpu,raw,record,2dsa_arch_64_32_scaler_minmax_opt_adam_batch_128_act_elu_drop_0.2,val,CPUTime,100,18389.474372558594,15021.068603515625,67480.4716796875,1.4558569137085875,0.7597372274479623,12.426852775761974
2dsa,cpu,raw,record,2dsa_arch_64_32_scaler_minmax_opt_adam_batch_128_act_elu_drop_0.3,test,CPUTime,100,33215.70257202149,26249.095153808594,75387.18505859375,0.9128840246793638,0.9361278415596491,0.9781021932412308
2dsa,cpu,raw,record,2dsa_arch_64_32_scaler_minmax_opt_adam_batch_128_act_elu_drop_0.3,train,CPUTime,100,42277.273856811524,33313.20458984375,244894.1494140625,1.4899879543428396,0.8664262641827395,49.3932201244213
2dsa,cpu,raw,record,2dsa_arch_64_32_scaler_minmax_opt_adam_batch_128_act_elu_drop_0.3,val,CPUTime,100,18670.877507324218,14681.4775390625,67566.5546875,1.3818175173570382,0.7334954168003274,11.368929438044267
2dsa,cpu,raw,record,2dsa_arch_64_32_scaler_minmax_opt_adam_batch_128_act_relu_drop_0.2,test,CPUTime,100,33800.62856140137,26802.784057617188,75832.99389648438,7.932886943558803,0.9398515326102167,514.5480853873239
2dsa,cpu,raw,record,2dsa_arch_64_32_scaler_minmax_opt_adam_batch_128_act_relu_drop_0.2,train,CPUTime,100,40937.53931884766,30791.671875,248029.0546875,0.8471633660631914,0.8517963183469623,2.8465648167215813
2dsa,cpu,raw,record,2dsa_arch_64_32_scaler_minmax_opt_adam_batch_128_act_relu_drop_0.2,val,CPUTime,100,20141.2401953125,16211.5283203125,68158.0107421875,2.448936889538241,0.7541442135793819,19.57984851233672
2dsa,cpu,raw,record,2dsa_arch_64_32_scaler_minmax_opt_adam_batch_128_act_relu_drop_0.3,test,CPUTime,100,34120.80381347656,26015.60614013672,76611.50994873047,1.635136275055158,0.9615050355684271,11.95730408538054
2dsa,cpu,raw,record,2dsa_arch_64_32_scaler_minmax_opt_adam_batch_128_act_relu_drop_0.3,train,CPUTime,100,39242.90582519531,29988.546875,245257.63525390625,1.456358801654715,0.8536610085235976,44.43141456886574
2dsa,cpu,raw,record,2dsa_arch_64_32_scaler_minmax_opt_adam_batch_128_act_relu_drop_0.3,val,CPUTime,100,19348.655778503417,15978.952880859375,68030.0439453125,2.0677761600779574,0.7355203087872605,17.787158982674164
2dsa,cpu,raw,record,2dsa_arch_64_32_scaler_minmax_opt_adam_batch_64_act_elu_drop_0.2,test,CPUTime,100,32911.70957397461,26089.492431640625,75168.26000976562,0.9115900177597535,0.9287737066313844,0.9788564009043672
2dsa,cpu,raw,record,2dsa_arch_64_32_scaler_minmax_opt_adam_batch_64_act_elu_drop_0.2,train,CPUTime,100,41849.30789855957,32939.008056640625,244435.68310546875,1.4964599439990713,0.8593871611309369,49.639309353298614
2dsa,cpu,raw,record,2dsa_arch_64_32_scaler_minmax_opt_adam_batch_64_act_elu_drop_0.2,val,CPUTime,100,18419.402215270995,14972.73681640625,67112.94140625,1.4334550663665526,0.707761859803469,12.238906306694483
2dsa,cpu,raw,record,2dsa_arch_64_32_scaler_minmax_opt_adam_batch_64_act_elu_drop_0.3,test,CPUTime,100,33271.46220214844,26225.71697998047,75374.74291992188,0.9065720265006185,0.9334028201275181,0.9791885193793164
2dsa,cpu,raw,record,2dsa_arch_64_32_scaler_minmax_opt_adam_batch_64_act_elu_drop_0.3,train,CPUTime,100,42773.156029663085,33702.130859375,245644.65234375,1.4192738583444,0.8744394210570475,43.4444896556713
2dsa,cpu,raw,record,2dsa_arch_64_32_scaler_minmax_opt_adam_batch_64_act_elu_drop_0.3,val,CPUTime,100,18741.49282180786,14661.216552734375,68291.13232421875,1.3081976724562439,0.7429993593020481,10.321745453102322
2dsa,cpu,raw,record,2dsa_arch_64_32_scaler_minmax_opt_adam_batch_64_act_relu_drop_0.2,test,CPUTime,100,34852.815633544924,27179.41766357422,76209.88354492188,12.5639412714489,0.9541868325790399,887.493232834507
2dsa,cpu,raw,record,2dsa_arch_64_32_scaler_minmax_opt_adam_batch_64_act_relu_drop_0.2,train,CPUTime,100,40697.153763427734,31876.24755859375,247902.88037109375,0.8614185985688332,0.842131951711169,3.45395966330313
2dsa,cpu,raw,record,2dsa_arch_64_32_scaler_minmax_opt_adam_batch_64_act_relu_drop_0.2,val,CPUTime,100,19973.56979980469,16358.119140625,68743.208984375,2.404480993932067,0.7774624030918267,18.388623684687953
2dsa,cpu,raw,record,2dsa_arch_64_32_scaler_minmax_opt_adam_batch_64_act_relu_drop_0.3,test,CPUTime,100,34851.620009765626,26542.509216308594,76089.71911621094,14.100483370833008,0.9534966978047834,1019.5194762323944
2dsa,cpu,raw,record,2dsa_arch_64_32_scaler_minmax_opt_adam_batch_64_act_relu_drop_0.3,train,CPUTime,100,40687.99407714844,31579.995361328125,247547.80224609375,1.5542570190647433,0.8335394907683074,52.855215567129626
2dsa,cpu,raw,record,2dsa_arch_64_32_scaler_minmax_opt_adam_batch_64_act_relu_drop_0.3,val,CPUTime,100,19726.39398956299,16326.22314453125,68366.36083984375,2.335871835053353,0.755602785136766,18.295009751451374
2dsa,cpu,raw,record,2dsa_arch_64_32_scaler_minmax_opt_rmsprop_batch_128_act_elu_drop_0.2,test,CPUTime,100,33298.24121032715,26304.01318359375,75805.2607421875,0.9052684611272572,0.9289944902795284,0.9794335170098912
2dsa,cpu,raw,record,2dsa_arch_64_32_scaler_minmax_opt_rmsprop_batch_128_act_elu_drop_0.2,train,CPUTime,100,44042.088647460936,34568.322021484375,247703.78833007812,1.6304669635329319,0.8943040460148142,58.29799171730324
2dsa,cpu,raw,record,2dsa_arch_64_32_scaler_minmax_opt_rmsprop_batch_128_act_elu_drop_0.2,val,CPUTime,100,17647.285106811523,13324.2060546875,68536.0908203125,0.7461575156757791,0.7464164767619264,0.9775305560797528
2dsa,cpu,raw,record,2dsa_arch_64_32_scaler_minmax_opt_rmsprop_batch_128_act_elu_drop_0.3,test,CPUTime,100,33507.351181640624,26739.673583984375,75766.31005859375,0.9113027917980558,0.9277421947848399,0.977237449438276
2dsa,cpu,raw,record,2dsa_arch_64_32_scaler_minmax_opt_rmsprop_batch_128_act_elu_drop_0.3,train,CPUTime,100,44514.20088134766,34837.877349853516,248620.94897460935,1.5656008496178948,0.912618372329995,53.039681893807874
2dsa,cpu,raw,record,2dsa_arch_64_32_scaler_minmax_opt_rmsprop_batch_128_act_elu_drop_0.3,val,CPUTime,100,17844.88581390381,13534.239379882812,70436.85815429688,0.7484511330778193,0.7521991572089701,0.9801547999841496
2dsa,cpu,raw,record,2dsa_arch_64_32_scaler_minmax_opt_rmsprop_batch_128_act_relu_drop_0.2,test,CPUTime,100,35228.97684448242,26744.293090820312,111912.625,20.90754269643089,0.9370125335780819,1576.2341549295777
2dsa,cpu,raw,record,2dsa_arch_64_32_scaler_minmax_opt_rmsprop_batch_128_act_relu_drop_0.2,train,CPUTime,100,44019.02643920898,34255.23840332031,249358.39038085935,1.8129639855259996,0.8975586106660025,61.97858796296296
2dsa,cpu,raw,record,2dsa_arch_64_32_scaler_minmax_opt_rmsprop_batch_128_act_relu_drop_0.2,val,CPUTime,100,20181.711852416993,17732.69091796875,70314.4345703125,2.4127543080556384,0.8448922725679309,16.685587978501452
2dsa,cpu,raw,record,2dsa_arch_64_32_scaler_minmax_opt_rmsprop_batch_128_act_relu_drop_0.3,test,CPUTime,100,35602.574974365234,27389.879272460938,119906.4375,22.154015420249763,0.9379394107023481,1688.8230633802816
2dsa,cpu,raw,record,2dsa_arch_64_32_scaler_minmax_opt_rmsprop_batch_128_act_relu_drop_0.3,train,CPUTime,100,44576.26408569336,34801.85888671875,249619.3232421875,1.5897455355990138,0.9065456254969163,53.991848415798614
2dsa,cpu,raw,record,2dsa_arch_64_32_scaler_minmax_opt_rmsprop_batch_128_act_relu_drop_0.3,val,CPUTime,100,20281.174045410156,17432.8037109375,71043.12768554688,2.3513202503261703,0.8448168153288691,16.212940232674164
2dsa,cpu,raw,record,2dsa_arch_64_32_scaler_minmax_opt_rmsprop_batch_64_act_elu_drop_0.2,test,CPUTime,100,33707.592777099606,26837.535034179688,76064.61389160156,0.9145170461188075,0.934307320013082,0.980963024639462
2dsa,cpu,raw,record,2dsa_arch_64_32_scaler_minmax_opt_rmsprop_batch_64_act_elu_drop_0.2,train,CPUTime,100,44926.47972961426,35070.30236816406,248603.427734375,0.8772341996300013,0.9106461315830718,0.9926115591108152
2dsa,cpu,raw,record,2dsa_arch_64_32_scaler_minmax_opt_rmsprop_batch_64_act_elu_drop_0.2,val,CPUTime,100,18315.87031188965,13893.954833984375,70139.279296875,0.7486031228799338,0.732404006879585,0.9839879870466524
2dsa,cpu,raw,record,2dsa_arch_64_32_scaler_minmax_opt_rmsprop_batch_64_act_elu_drop_0.3,test,CPUTime,100,33234.64959899902,26819.147583007812,76133.2578125,0.900089069620013,0.9275016490081875,0.9925533289100692
2dsa,cpu,raw,record,2dsa_arch_64_32_scaler_minmax_opt_rmsprop_batch_64_act_elu_drop_0.3,train,CPUTime,100,45115.889067993165,35159.799072265625,248530.87060546875,0.8712275512475209,0.8998297870106411,0.9939368436615864
2dsa,cpu,raw,record,2dsa_arch_64_32_scaler_minmax_opt_rmsprop_batch_64_act_elu_drop_0.3,val,CPUTime,100,18549.539047851562,14314.63720703125,70173.439453125,0.7447169082094631,0.712752188550402,0.9724857556704944
2dsa,cpu,raw,record,2dsa_arch_64_32_scaler_minmax_opt_rmsprop_batch_64_act_relu_drop_0.2,test,CPUTime,100,36346.34011413574,27017.316772460938,162439.296875,29.736144804867404,0.9364595254020043,2287.877420774648
2dsa,cpu,raw,record,2dsa_arch_64_32_scaler_minmax_opt_rmsprop_batch_64_act_relu_drop_0.2,train,CPUTime,100,44679.957611083984,34766.63659667969,249358.71997070312,1.5377003635430462,0.9059097431840861,50.41103334780093
2dsa,cpu,raw,record,2dsa_arch_64_32_scaler_minmax_opt_rmsprop_batch_64_act_relu_drop_0.2,val,CPUTime,100,20094.48292236328,17568.795166015625,70984.83325195312,2.326373242648873,0.8374920384957019,15.917131088987665
2dsa,cpu,raw,record,2dsa_arch_64_32_scaler_minmax_opt_rmsprop_batch_64_act_relu_drop_0.3,test,CPUTime,100,37393.53390075683,27349.1806640625,206929.3125,37.528928143704256,0.9434619498375598,2914.4973591549297
2dsa,cpu,raw,record,2dsa_arch_64_32_scaler_minmax_opt_rmsprop_batch_64_act_relu_drop_0.3,train,CPUTime,100,44868.6077722168,35196.339111328125,249475.03369140625,2.0248160980559415,0.9261914102714349,51.514151114004626
2dsa,cpu,raw,record,2dsa_arch_64_32_scaler_minmax_opt_rmsprop_batch_64_act_relu_drop_0.3,val,CPUTime,100,20437.743862304687,18484.978271484375,70898.58935546875,2.473720907370644,0.8469532921067255,16.2781785762881
2dsa,cpu,raw,record,2dsa_arch_64_32_scaler_standard_opt_adam_batch_128_act_elu_drop_0.2,test,CPUTime,100,32813.39930908203,25455.184143066406,75382.26635742188,0.897155898994301,0.9424689296710054,0.9776639004754432
2dsa,cpu,raw,record,2dsa_arch_64_32_scaler_standard_opt_adam_batch_128_act_elu_drop_0.2,train,CPUTime,100,41347.81935333252,33053.75634765625,246735.92626953125,0.8150830435510314,0.8267959756840702,1.3735944668733533
2dsa,cpu,raw,record,2dsa_arch_64_32_scaler_standard_opt_adam_batch_128_act_elu_drop_0.2,val,CPUTime,100,19575.29842010498,16347.280029296875,67405.37890625,0.7796031249763122,0.7513189324757628,0.9858387774901516
2dsa,cpu,raw,record,2dsa_arch_64_32_scaler_standard_opt_adam_batch_128_act_elu_drop_0.3,test,CPUTime,100,33322.90310668945,26163.088745117188,75366.20288085938,0.9086697335128007,0.9420142581786763,0.9788389131572046
2dsa,cpu,raw,record,2dsa_arch_64_32_scaler_standard_opt_adam_batch_128_act_elu_drop_0.3,train,CPUTime,100,42379.90036743164,33881.99792480469,248896.95043945312,0.8385596265606006,0.8369668459612531,1.2778201868697192
2dsa,cpu,raw,record,2dsa_arch_64_32_scaler_standard_opt_adam_batch_128_act_elu_drop_0.3,val,CPUTime,100,20202.41326477051,16730.81103515625,70152.4345703125,0.7915101813317144,0.7676262476491715,0.9703676155043732
2dsa,cpu,raw,record,2dsa_arch_64_32_scaler_standard_opt_adam_batch_128_act_relu_drop_0.2,test,CPUTime,100,33944.68988647461,27055.544921875,74966.65356445312,9.11283906640845,0.9335501164348309,662.0936399647887
2dsa,cpu,raw,record,2dsa_arch_64_32_scaler_standard_opt_adam_batch_128_act_relu_drop_0.2,train,CPUTime,100,41066.161193847656,31173.600830078125,246713.9921875,82.17658905805047,0.8262382959645398,8062.4375
2dsa,cpu,raw,record,2dsa_arch_64_32_scaler_standard_opt_adam_batch_128_act_relu_drop_0.2,val,CPUTime,100,20443.845994262694,17571.6552734375,72072.49365234375,0.9789934133176393,0.8760803863608686,8.637917838352685
2dsa,cpu,raw,record,2dsa_arch_64_32_scaler_standard_opt_adam_batch_128_act_relu_drop_0.3,test,CPUTime,100,35234.09041870117,26607.796447753906,109847.953125,20.01714122506896,0.9419048190790399,1547.1542693661972
2dsa,cpu,raw,record,2dsa_arch_64_32_scaler_standard_opt_adam_batch_128_act_relu_drop_0.3,train,CPUTime,100,39539.05098022461,30174.7080078125,246389.7451171875,4.149756887066809,0.8249211029841763,226.50291666666664
2dsa,cpu,raw,record,2dsa_arch_64_32_scaler_standard_opt_adam_batch_128_act_relu_drop_0.3,val,CPUTime,100,20295.66029510498,17134.802032470703,72013.33984375,0.8195896536683871,0.8529835236357062,0.9714772973499076
2dsa,cpu,raw,record,2dsa_arch_64_32_scaler_standard_opt_adam_batch_64_act_elu_drop_0.2,test,CPUTime,100,32889.17045898437,25530.17153930664,75228.8798828125,0.8981840888512375,0.9431668018681478,0.979733731082076
2dsa,cpu,raw,record,2dsa_arch_64_32_scaler_standard_opt_adam_batch_64_act_elu_drop_0.2,train,CPUTime,100,41530.15951782226,33354.14660644531,245901.6025390625,0.8189283350210009,0.8279635557967215,1.4240864833174345
2dsa,cpu,raw,record,2dsa_arch_64_32_scaler_standard_opt_adam_batch_64_act_elu_drop_0.2,val,CPUTime,100,19156.862359924315,15595.1220703125,67153.41552734375,0.7593987477139903,0.7122297904004973,0.985476790883152
2dsa,cpu,raw,record,2dsa_arch_64_32_scaler_standard_opt_adam_batch_64_act_elu_drop_0.3,test,CPUTime,100,32987.431939697264,25618.74432373047,74897.1552734375,0.9006874931349056,0.9410887666309253,0.976621456778305
2dsa,cpu,raw,record,2dsa_arch_64_32_scaler_standard_opt_adam_batch_64_act_elu_drop_0.3,train,CPUTime,100,41839.086333007814,32651.454833984375,245802.89599609375,0.8253091552516763,0.8115484848637607,1.2383674877350777
2dsa,cpu,raw,record,2dsa_arch_64_32_scaler_standard_opt_adam_batch_64_act_elu_drop_0.3,val,CPUTime,100,20076.29555114746,17148.818481445312,66816.62548828125,0.8087517560967024,0.7885020489562684,0.9857566880076462
2dsa,cpu,raw,record,2dsa_arch_64_32_scaler_standard_opt_adam_batch_64_act_relu_drop_0.2,test,CPUTime,100,33835.80081481933,26534.612060546875,75115.541015625,11.935138693828412,0.9225886940585134,891.0495708626761
2dsa,cpu,raw,record,2dsa_arch_64_32_scaler_standard_opt_adam_batch_64_act_relu_drop_0.2,train,CPUTime,100,40604.437192382815,30615.8017578125,245984.0732421875,59.70127151971573,0.8473884241281779,5537.417317708333
2dsa,cpu,raw,record,2dsa_arch_64_32_scaler_standard_opt_adam_batch_64_act_relu_drop_0.2,val,CPUTime,100,20001.790185546874,17035.22607421875,71517.9853515625,0.8212450966413871,0.8634763684254794,0.9540291995920992
2dsa,cpu,raw,record,2dsa_arch_64_32_scaler_standard_opt_adam_batch_64_act_relu_drop_0.3,test,CPUTime,100,34108.75551391602,27233.097595214844,75062.79760742188,10.138021576291305,0.9320513537263212,744.9571963028169
2dsa,cpu,raw,record,2dsa_arch_64_32_scaler_standard_opt_adam_batch_64_act_relu_drop_0.3,train,CPUTime,100,41539.084963378904,31699.30224609375,246844.93310546875,68.51488890868245,0.8371804911428395,6692.425130208333
2dsa,cpu,raw,record,2dsa_arch_64_32_scaler_standard_opt_adam_batch_64_act_relu_drop_0.3,val,CPUTime,100,20898.741853637694,17966.971252441406,72939.61181640625,0.837901680800867,0.897225771808144,0.9639545414908444
2dsa,cpu,raw,record,2dsa_arch_64_32_scaler_standard_opt_rmsprop_batch_128_act_elu_drop_0.2,test,CPUTime,100,33028.27748779297,26062.274841308594,76561.90148925781,0.9065361817516273,0.9401899457731622,0.9882802755861236
2dsa,cpu,raw,record,2dsa_arch_64_32_scaler_standard_opt_rmsprop_batch_128_act_elu_drop_0.2,train,CPUTime,100,42869.344153442384,34047.39636230469,246395.185546875,0.8430846627079296,0.8747732777732273,0.9941665538587884
2dsa,cpu,raw,record,2dsa_arch_64_32_scaler_standard_opt_rmsprop_batch_128_act_elu_drop_0.2,val,CPUTime,100,19361.65615875244,15588.270263671875,68570.5693359375,0.7719361942212032,0.7278973486765921,0.991997873279755
2dsa,cpu,raw,record,2dsa_arch_64_32_scaler_standard_opt_rmsprop_batch_128_act_elu_drop_0.3,test,CPUTime,100,33037.99404418945,25970.619354248047,76435.27709960938,0.8999346841830825,0.935406645840712,0.986217101879752
2dsa,cpu,raw,record,2dsa_arch_64_32_scaler_standard_opt_rmsprop_batch_128_act_elu_drop_0.3,train,CPUTime,100,43098.4718951416,34619.88073730469,245724.08740234375,0.8442722609570922,0.8591607419842013,0.99948628018967
2dsa,cpu,raw,record,2dsa_arch_64_32_scaler_standard_opt_rmsprop_batch_128_act_elu_drop_0.3,val,CPUTime,100,19841.85710876465,15600.367431640625,69018.73876953125,0.7937763859081055,0.7618858905469805,0.9953217410752578
2dsa,cpu,raw,record,2dsa_arch_64_32_scaler_standard_opt_rmsprop_batch_128_act_relu_drop_0.2,test,CPUTime,100,33409.12176513672,26458.52960205078,76050.26318359375,8.143487145274948,0.9270158662309316,592.5663512323944
2dsa,cpu,raw,record,2dsa_arch_64_32_scaler_standard_opt_rmsprop_batch_128_act_relu_drop_0.2,train,CPUTime,100,64273.16268676758,34938.988037109375,2014431.75,6762.667747742389,0.8697029722277946,671477.25
2dsa,cpu,raw,record,2dsa_arch_64_32_scaler_standard_opt_rmsprop_batch_128_act_relu_drop_0.2,val,CPUTime,100,20090.329951782227,16868.801025390625,70749.6337890625,0.7975261720476758,0.8167772234523458,0.9588879026424424
2dsa,cpu,raw,record,2dsa_arch_64_32_scaler_standard_opt_rmsprop_batch_128_act_relu_drop_0.3,test,CPUTime,100,34054.94693969726,27147.939208984375,76152.34936523438,8.729252283590936,0.9377734555181968,629.8806668133802
2dsa,cpu,raw,record,2dsa_arch_64_32_scaler_standard_opt_rmsprop_batch_128_act_relu_drop_0.3,train,CPUTime,100,63023.34811401367,36349.44140625,1710863.5,5753.533963069565,0.9030418138391213,570287.8333333334
2dsa,cpu,raw,record,2dsa_arch_64_32_scaler_standard_opt_rmsprop_batch_128_act_relu_drop_0.3,val,CPUTime,100,20629.02948852539,17685.45166015625,71977.8427734375,1.4942135499377363,0.8632223361894968,50.66366975203805
2dsa,cpu,raw,record,2dsa_arch_64_32_scaler_standard_opt_rmsprop_batch_64_act_elu_drop_0.2,test,CPUTime,100,32889.76922546387,25615.32925415039,76343.83337402344,0.8968622579804812,0.9407203240474381,0.9851218859354656
2dsa,cpu,raw,record,2dsa_arch_64_32_scaler_standard_opt_rmsprop_batch_64_act_elu_drop_0.2,train,CPUTime,100,42812.58859375,33360.59655761719,247049.9326171875,102.48536774710567,0.8685564625475819,10165.841796875
2dsa,cpu,raw,record,2dsa_arch_64_32_scaler_standard_opt_rmsprop_batch_64_act_elu_drop_0.2,val,CPUTime,100,20258.920365219117,16711.841796875,67311.69140625,0.8116967884401985,0.7925652407053176,0.9962699506142256
2dsa,cpu,raw,record,2dsa_arch_64_32_scaler_standard_opt_rmsprop_batch_64_act_elu_drop_0.3,test,CPUTime,100,33330.11090209961,26004.87612915039,76521.48791503906,0.9045232075980487,0.9395097028200345,0.98693156584973
2dsa,cpu,raw,record,2dsa_arch_64_32_scaler_standard_opt_rmsprop_batch_64_act_elu_drop_0.3,train,CPUTime,100,44102.18590232849,34735.308013916016,247348.9990234375,0.8582789125842913,0.8857454891962702,0.9995217515262328
2dsa,cpu,raw,record,2dsa_arch_64_32_scaler_standard_opt_rmsprop_batch_64_act_elu_drop_0.3,val,CPUTime,100,20783.151068115236,16701.308349609375,69870.2353515625,0.8274020269521535,0.8105985647828515,0.9961962792610513
2dsa,cpu,raw,record,2dsa_arch_64_32_scaler_standard_opt_rmsprop_batch_64_act_relu_drop_0.2,test,CPUTime,100,33376.490231933596,26707.244018554688,76609.99383544922,3.6512863803389077,0.9400846880592839,274.90292143485914
2dsa,cpu,raw,record,2dsa_arch_64_32_scaler_standard_opt_rmsprop_batch_64_act_relu_drop_0.2,train,CPUTime,100,65515.06024902344,36100.625732421875,2131444.25,7152.794151302581,0.8891051843715155,710481.4166666666
2dsa,cpu,raw,record,2dsa_arch_64_32_scaler_standard_opt_rmsprop_batch_64_act_relu_drop_0.2,val,CPUTime,100,20254.90270690918,17350.48974609375,71255.7490234375,0.8096529243078043,0.8467161981663665,0.959098651587554
2dsa,cpu,raw,record,2dsa_arch_64_32_scaler_standard_opt_rmsprop_batch_64_act_relu_drop_0.3,test,CPUTime,100,33523.689785766604,26384.42254638672,76444.75805664062,1.4305352656895132,0.9350065217748664,53.0404800257732
2dsa,cpu,raw,record,2dsa_arch_64_32_scaler_standard_opt_rmsprop_batch_64_act_relu_drop_0.3,train,CPUTime,100,68603.71013793946,36833.4033203125,2209063.75,7410.470241681738,0.8932381562632139,736354.5833333334
2dsa,cpu,raw,record,2dsa_arch_64_32_scaler_standard_opt_rmsprop_batch_64_act_relu_drop_0.3,val,CPUTime,100,21158.33630859375,18068.968688964844,73086.29296875,0.844655248323497,0.8870090503647488,0.9580828697809732
2dsa,cpu,raw,temporal,2dsa_arch_128_64_scaler_minmax_opt_adam_batch_128_act_elu_drop_0.2,test,CPUTime,100,29336.270599975585,12470.87223815918,250848.20123291016,0.9155134033138197,0.9192211355993423,0.9974281843889944
2dsa,cpu,raw,temporal,2dsa_arch_128_64_scaler_minmax_opt_adam_batch_128_act_elu_drop_0.2,train,CPUTime,100,40306.25248901367,33033.09167480469,173732.1123046875,0.908963938534669,0.9193966963538376,0.9854450197156556
2dsa,cpu,raw,temporal,2dsa_arch_128_64_scaler_minmax_opt_adam_batch_128_act_elu_drop_0.2,val,CPUTime,100,30128.586259155272,26617.669891357422,72991.431640625,0.911099435762418,0.9138995181295608,0.9807548549025402
2dsa,cpu,raw,temporal,2dsa_arch_128_64_scaler_minmax_opt_adam_batch_128_act_elu_drop_0.3,test,CPUTime,100,29281.766126861574,12450.446578979492,250793.23150634769,0.9069888504891046,0.9046170987115014,0.9972096125423872
2dsa,cpu,raw,temporal,2dsa_arch_128_64_scaler_minmax_opt_adam_batch_128_act_elu_drop_0.3,train,CPUTime,100,40577.96140380859,33268.78454589844,174136.13989257812,0.9161793170321372,0.9227419017760465,0.9824132197215288
2dsa,cpu,raw,temporal,2dsa_arch_128_64_scaler_minmax_opt_adam_batch_128_act_elu_drop_0.3,val,CPUTime,100,30083.02280151367,26338.542419433594,73402.140625,0.9059507266121877,0.9110177006708224,0.9739465790177372
2dsa,cpu,raw,temporal,2dsa_arch_128_64_scaler_minmax_opt_adam_batch_128_act_relu_drop_0.2,test,CPUTime,100,29138.605526428222,12375.044692993164,250325.6280517578,0.9152286444571136,0.9226973707259098,0.9953503173095204
2dsa,cpu,raw,temporal,2dsa_arch_128_64_scaler_minmax_opt_adam_batch_128_act_relu_drop_0.2,train,CPUTime,100,38682.968513183594,32389.207275390625,171842.75341796875,0.8911446369683947,0.903014538792475,0.9786518842229498
2dsa,cpu,raw,temporal,2dsa_arch_128_64_scaler_minmax_opt_adam_batch_128_act_relu_drop_0.2,val,CPUTime,100,29256.308007202148,25955.629150390625,69035.232421875,0.8912972795041522,0.9154352214762524,0.9646187555317696
2dsa,cpu,raw,temporal,2dsa_arch_128_64_scaler_minmax_opt_adam_batch_128_act_relu_drop_0.3,test,CPUTime,100,29212.290687942506,12472.397201538086,250559.33728027344,0.9153651421729897,0.9240723613036831,0.9962795971302548
2dsa,cpu,raw,temporal,2dsa_arch_128_64_scaler_minmax_opt_adam_batch_128_act_relu_drop_0.3,train,CPUTime,100,38887.93790100098,32327.607055664062,171991.92919921875,0.8840399639204318,0.9062872990251782,0.98272052735892
2dsa,cpu,raw,temporal,2dsa_arch_128_64_scaler_minmax_opt_adam_batch_128_act_relu_drop_0.3,val,CPUTime,100,29631.993232421875,26476.810913085938,70193.28125,0.9007283492079639,0.921159001246037,0.970627818969516
2dsa,cpu,raw,temporal,2dsa_arch_128_64_scaler_minmax_opt_adam_batch_64_act_elu_drop_0.2,test,CPUTime,100,29329.378936462403,12504.554107666016,250851.91693115231,0.9121440905530297,0.9136806722053018,0.9974429588308013
2dsa,cpu,raw,temporal,2dsa_arch_128_64_scaler_minmax_opt_adam_batch_64_act_elu_drop_0.2,train,CPUTime,100,40416.01984558105,33094.84313964844,173811.30688476562,0.9118775842851654,0.9193960207552592,0.9839811740839296
2dsa,cpu,raw,temporal,2dsa_arch_128_64_scaler_minmax_opt_adam_batch_64_act_elu_drop_0.2,val,CPUTime,100,30082.16862182617,26497.173400878906,73148.666015625,0.9063439936331719,0.9122802614929579,0.9777665739704212
2dsa,cpu,raw,temporal,2dsa_arch_128_64_scaler_minmax_opt_adam_batch_64_act_elu_drop_0.3,test,CPUTime,100,28862.753331375123,12103.018737792969,248756.78564453125,0.9157956309354105,0.9181746527530269,1.2201213311711585
2dsa,cpu,raw,temporal,2dsa_arch_128_64_scaler_minmax_opt_adam_batch_64_act_elu_drop_0.3,train,CPUTime,100,36624.46184448242,31583.07879638672,170763.4755859375,0.8441999902249613,0.8634494902047256,0.9818451705632016
2dsa,cpu,raw,temporal,2dsa_arch_128_64_scaler_minmax_opt_adam_batch_64_act_elu_drop_0.3,val,CPUTime,100,28032.82273742676,22855.67498779297,64662.9091796875,0.8793032399798884,0.9393264583630401,0.9759324178346775
2dsa,cpu,raw,temporal,2dsa_arch_128_64_scaler_minmax_opt_adam_batch_64_act_relu_drop_0.2,test,CPUTime,100,29166.21441131592,12523.620445251467,250676.9888305664,0.9136456280017038,0.9217923758062638,0.99674740583537
2dsa,cpu,raw,temporal,2dsa_arch_128_64_scaler_minmax_opt_adam_batch_64_act_relu_drop_0.2,train,CPUTime,100,38870.728038330075,32325.649780273438,171978.06689453125,0.8867678864674298,0.9038474956461792,0.982492402949634
2dsa,cpu,raw,temporal,2dsa_arch_128_64_scaler_minmax_opt_adam_batch_64_act_relu_drop_0.2,val,CPUTime,100,29497.913832397462,26314.56591796875,69527.6494140625,0.8984755176135476,0.9185656246196159,0.9711565890181184
2dsa,cpu,raw,temporal,2dsa_arch_128_64_scaler_minmax_opt_adam_batch_64_act_relu_drop_0.3,test,CPUTime,100,28992.71375717163,12341.265029907227,250423.64111328125,0.9047675332010404,0.913507886199446,0.9957400390197868
2dsa,cpu,raw,temporal,2dsa_arch_128_64_scaler_minmax_opt_adam_batch_64_act_relu_drop_0.3,train,CPUTime,100,39034.91620666504,32312.5625,172212.13916015625,0.8908896114788163,0.9062858996203735,0.9791735770026898
2dsa,cpu,raw,temporal,2dsa_arch_128_64_scaler_minmax_opt_adam_batch_64_act_relu_drop_0.3,val,CPUTime,100,29485.130144042967,26552.68994140625,69807.8544921875,0.8954312769445384,0.9107896159319555,0.968009921164218
2dsa,cpu,raw,temporal,2dsa_arch_128_64_scaler_minmax_opt_rmsprop_batch_128_act_elu_drop_0.2,test,CPUTime,100,28878.90885559082,12133.903198242188,248763.25830078125,0.9176425196091297,0.9313279611472487,0.9930102082159776
2dsa,cpu,raw,temporal,2dsa_arch_128_64_scaler_minmax_opt_rmsprop_batch_128_act_elu_drop_0.2,train,CPUTime,100,38291.00630737305,31932.98974609375,170209.96826171875,0.8705047594547594,0.8979430154234,0.9828148404447612
2dsa,cpu,raw,temporal,2dsa_arch_128_64_scaler_minmax_opt_rmsprop_batch_128_act_elu_drop_0.2,val,CPUTime,100,28357.86278015137,23413.02520751953,67154.705078125,0.8788392772124313,0.9147485293369796,0.9689287920193128
2dsa,cpu,raw,temporal,2dsa_arch_128_64_scaler_minmax_opt_rmsprop_batch_128_act_elu_drop_0.3,test,CPUTime,100,28830.995037231445,11985.47055053711,248572.15698242188,0.9129024564372276,0.9230522410928819,0.9883781267318312
2dsa,cpu,raw,temporal,2dsa_arch_128_64_scaler_minmax_opt_rmsprop_batch_128_act_elu_drop_0.3,train,CPUTime,100,38478.9731427002,32208.502685546875,170092.8935546875,0.878310100990973,0.905933488118797,0.9828666500079252
2dsa,cpu,raw,temporal,2dsa_arch_128_64_scaler_minmax_opt_rmsprop_batch_128_act_elu_drop_0.3,val,CPUTime,100,28148.116964111327,23040.2705078125,65743.88671875,0.8719220018198804,0.9124144102165148,0.9728028091782454
2dsa,cpu,raw,temporal,2dsa_arch_128_64_scaler_minmax_opt_rmsprop_batch_128_act_relu_drop_0.2,test,CPUTime,100,28732.03346302986,12142.900024414062,249823.59521484375,0.8985705829026132,0.8973143005332551,1.0333474013575723
2dsa,cpu,raw,temporal,2dsa_arch_128_64_scaler_minmax_opt_rmsprop_batch_128_act_relu_drop_0.2,train,CPUTime,100,38488.96820678711,32358.766723632812,172075.04736328125,0.8765977703704786,0.9003919194182436,0.9767925034307368
2dsa,cpu,raw,temporal,2dsa_arch_128_64_scaler_minmax_opt_rmsprop_batch_128_act_relu_drop_0.2,val,CPUTime,100,27940.009027099608,23296.353515625,63224.9462890625,0.8631007120320018,0.8844397310688663,0.9744971885261534
2dsa,cpu,raw,temporal,2dsa_arch_128_64_scaler_minmax_opt_rmsprop_batch_128_act_relu_drop_0.3,test,CPUTime,100,29101.32484222412,12439.885192871094,250083.1156005859,0.9162127990065768,0.9202142540088982,0.9943860339195052
2dsa,cpu,raw,temporal,2dsa_arch_128_64_scaler_minmax_opt_rmsprop_batch_128_act_relu_drop_0.3,train,CPUTime,100,39249.8480102539,32868.247314453125,171404.97021484375,0.900295995367777,0.9271842172998401,0.980636063356512
2dsa,cpu,raw,temporal,2dsa_arch_128_64_scaler_minmax_opt_rmsprop_batch_128_act_relu_drop_0.3,val,CPUTime,100,28344.694952697755,23517.85302734375,63297.611328125,0.87563571948318,0.9071526867486561,0.9790809673884338
2dsa,cpu,raw,temporal,2dsa_arch_128_64_scaler_minmax_opt_rmsprop_batch_64_act_elu_drop_0.2,test,CPUTime,100,28537.286478233338,12446.354614257812,247878.78515625,0.9089545933043438,0.9222905048468293,1.0005309833129434
2dsa,cpu,raw,temporal,2dsa_arch_128_64_scaler_minmax_opt_rmsprop_batch_64_act_elu_drop_0.2,train,CPUTime,100,38356.29685974121,32701.533325195312,171269.0234375,0.8886971209394119,0.9245439607155066,0.9772904096377092
2dsa,cpu,raw,temporal,2dsa_arch_128_64_scaler_minmax_opt_rmsprop_batch_64_act_elu_drop_0.2,val,CPUTime,100,27529.99804626465,22670.06591796875,57596.263671875,0.8618518445858028,0.9114596710755241,0.9709291166408722
2dsa,cpu,raw,temporal,2dsa_arch_128_64_scaler_minmax_opt_rmsprop_batch_64_act_elu_drop_0.3,test,CPUTime,100,28570.531159667968,12028.254699707031,248130.2404785156,0.9044493824483284,0.919305212865319,0.9866209685222992
2dsa,cpu,raw,temporal,2dsa_arch_128_64_scaler_minmax_opt_rmsprop_batch_64_act_elu_drop_0.3,train,CPUTime,100,38448.869200439454,32710.44482421875,171669.24072265625,0.874556353791977,0.9061628103310557,0.9791817783279664
2dsa,cpu,raw,temporal,2dsa_arch_128_64_scaler_minmax_opt_rmsprop_batch_64_act_elu_drop_0.3,val,CPUTime,100,27615.087808837892,22606.59765625,63740.4931640625,0.8541815665291513,0.8852450605542314,0.9662886712565576
2dsa,cpu,raw,temporal,2dsa_arch_128_64_scaler_minmax_opt_rmsprop_batch_64_act_relu_drop_0.2,test,CPUTime,100,28821.968096618653,12484.971710205078,249115.50366210935,0.9218948516263923,0.9299914190924562,0.9961803533952612
2dsa,cpu,raw,temporal,2dsa_arch_128_64_scaler_minmax_opt_rmsprop_batch_64_act_relu_drop_0.2,train,CPUTime,100,38392.86342681885,31726.589477539062,171720.68408203125,0.88543287806981,0.9210008901082436,0.981968217935822
2dsa,cpu,raw,temporal,2dsa_arch_128_64_scaler_minmax_opt_rmsprop_batch_64_act_relu_drop_0.2,val,CPUTime,100,27744.797781677247,22628.740966796875,52165.48828125,1.6759906055397134,0.9299646217646851,70.75527635261194
2dsa,cpu,raw,temporal,2dsa_arch_128_64_scaler_minmax_opt_rmsprop_batch_64_act_relu_drop_0.3,test,CPUTime,100,28976.656392822264,12575.967041015625,248992.0498046875,0.9253234060878429,0.9311903504518884,0.9900477138896896
2dsa,cpu,raw,temporal,2dsa_arch_128_64_scaler_minmax_opt_rmsprop_batch_64_act_relu_drop_0.3,train,CPUTime,100,38569.60683654785,31966.06298828125,170264.65771484375,0.8877821692487946,0.9271344349184889,0.9780818080774156
2dsa,cpu,raw,temporal,2dsa_arch_128_64_scaler_minmax_opt_rmsprop_batch_64_act_relu_drop_0.3,val,CPUTime,100,27856.893343811036,22647.012451171875,59504.400390625,0.8694029238670172,0.9084556458850561,0.9831648018793522
2dsa,cpu,raw,temporal,2dsa_arch_128_64_scaler_standard_opt_adam_batch_128_act_elu_drop_0.2,test,CPUTime,100,26876.99889404297,10809.445129394531,248000.00366210935,0.8190771476821881,0.8541134928330528,1.598534273814006
2dsa,cpu,raw,temporal,2dsa_arch_128_64_scaler_standard_opt_adam_batch_128_act_elu_drop_0.2,train,CPUTime,100,36438.71032226562,30373.342041015625,167801.74609375,0.8356425922403268,0.8589425242912158,1.2443171816798402
2dsa,cpu,raw,temporal,2dsa_arch_128_64_scaler_standard_opt_adam_batch_128_act_elu_drop_0.2,val,CPUTime,100,27535.96968322754,22330.54296875,65628.0029296875,0.8596767385394374,0.900652727122293,0.9756444035939698
2dsa,cpu,raw,temporal,2dsa_arch_128_64_scaler_standard_opt_adam_batch_128_act_elu_drop_0.3,test,CPUTime,100,26961.695231018068,11152.0126953125,248243.03051757812,0.8170581994687857,0.8574013154550411,1.5690235131373709
2dsa,cpu,raw,temporal,2dsa_arch_128_64_scaler_standard_opt_adam_batch_128_act_elu_drop_0.3,train,CPUTime,100,36413.52575378418,30238.243896484375,167746.6142578125,0.8317416322469824,0.8567754557383536,1.2107719448419187
2dsa,cpu,raw,temporal,2dsa_arch_128_64_scaler_standard_opt_adam_batch_128_act_elu_drop_0.3,val,CPUTime,100,27660.34911254883,22358.01483154297,66325.9755859375,0.8579238367809536,0.8962993809862826,0.9756420418550572
2dsa,cpu,raw,temporal,2dsa_arch_128_64_scaler_standard_opt_adam_batch_128_act_relu_drop_0.2,test,CPUTime,100,28595.214742355347,12582.718566894531,249898.0684814453,0.9067615146817949,0.9257872095239736,1.0062305336216246
2dsa,cpu,raw,temporal,2dsa_arch_128_64_scaler_standard_opt_adam_batch_128_act_relu_drop_0.2,train,CPUTime,100,37798.678380126956,31635.374389648438,170311.33203125,0.8720625592799338,0.8911695662750965,1.3573393635868083
2dsa,cpu,raw,temporal,2dsa_arch_128_64_scaler_standard_opt_adam_batch_128_act_relu_drop_0.2,val,CPUTime,100,27873.61553771973,23781.046142578125,69923.7900390625,0.8587537397211894,0.881086756707609,0.9631192930028896
2dsa,cpu,raw,temporal,2dsa_arch_128_64_scaler_standard_opt_adam_batch_128_act_relu_drop_0.3,test,CPUTime,100,29070.103295860292,12622.695098876953,250379.2243652344,0.9178026296483073,0.9302897844170808,1.0041190448540591
2dsa,cpu,raw,temporal,2dsa_arch_128_64_scaler_standard_opt_adam_batch_128_act_relu_drop_0.3,train,CPUTime,100,39030.20812561035,32955.52941894531,171715.75927734375,233.6546656292276,0.906796230428768,23277.90625
2dsa,cpu,raw,temporal,2dsa_arch_128_64_scaler_standard_opt_adam_batch_128_act_relu_drop_0.3,val,CPUTime,100,28684.41635131836,25115.31494140625,71522.68408203125,0.8735478545272567,0.8933167200933535,0.9673922475191812
2dsa,cpu,raw,temporal,2dsa_arch_128_64_scaler_standard_opt_adam_batch_64_act_elu_drop_0.2,test,CPUTime,100,26740.190316467284,11047.174255371094,247672.48071289065,1.3159048081700688,0.8705271081608059,14.1818955978029
2dsa,cpu,raw,temporal,2dsa_arch_128_64_scaler_standard_opt_adam_batch_64_act_elu_drop_0.2,train,CPUTime,100,35109.284126586914,29413.697265625,166684.4130859375,0.7943491140617224,0.8201808733553853,0.9616094101221746
2dsa,cpu,raw,temporal,2dsa_arch_128_64_scaler_standard_opt_adam_batch_64_act_elu_drop_0.2,val,CPUTime,100,26974.642548828124,21050.81201171875,63820.05859375,0.8497161834528802,0.8931898656970982,0.9760377291750708
2dsa,cpu,raw,temporal,2dsa_arch_128_64_scaler_standard_opt_adam_batch_64_act_elu_drop_0.3,test,CPUTime,100,27131.024963989257,11342.737274169922,247676.50537109375,0.8344121837210454,0.8536381227127277,1.661752408630056
2dsa,cpu,raw,temporal,2dsa_arch_128_64_scaler_standard_opt_adam_batch_64_act_elu_drop_0.3,train,CPUTime,100,36567.580722045896,31159.03759765625,169372.3662109375,0.8309631543052027,0.8553016376385116,0.96978888134827
2dsa,cpu,raw,temporal,2dsa_arch_128_64_scaler_standard_opt_adam_batch_64_act_elu_drop_0.3,val,CPUTime,100,27642.17992034912,22501.674560546875,65725.0654296875,0.8622813831167729,0.9084233555799857,0.974125879318281
2dsa,cpu,raw,temporal,2dsa_arch_128_64_scaler_standard_opt_adam_batch_64_act_relu_drop_0.2,test,CPUTime,100,29004.124943847655,12495.640701293945,250488.1166381836,0.9121842438327572,0.9273041520746255,0.9959964080326988
2dsa,cpu,raw,temporal,2dsa_arch_128_64_scaler_standard_opt_adam_batch_64_act_relu_drop_0.2,train,CPUTime,100,38838.474396362304,32934.65234375,171653.689453125,150.59355625032327,0.9107126230240493,14971.287760416666
2dsa,cpu,raw,temporal,2dsa_arch_128_64_scaler_standard_opt_adam_batch_64_act_relu_drop_0.2,val,CPUTime,100,28672.40752319336,25014.63818359375,71522.11669921875,0.8743969603366628,0.8929694092777798,0.9590408640537248
2dsa,cpu,raw,temporal,2dsa_arch_128_64_scaler_standard_opt_adam_batch_64_act_relu_drop_0.3,test,CPUTime,100,28990.0499597168,12537.270324707031,250454.53564453125,0.9110136403020914,0.9241231546132068,0.9958628825405326
2dsa,cpu,raw,temporal,2dsa_arch_128_64_scaler_standard_opt_adam_batch_64_act_relu_drop_0.3,train,CPUTime,100,40282.1169152832,33288.72106933594,182454.421875,609.0644830543171,0.909603784925396,60818.140625
2dsa,cpu,raw,temporal,2dsa_arch_128_64_scaler_standard_opt_adam_batch_64_act_relu_drop_0.3,val,CPUTime,100,28705.239119262696,25193.34423828125,71169.25390625,0.8782021929731937,0.8956954989260697,0.9632578001501864
2dsa,cpu,raw,temporal,2dsa_arch_128_64_scaler_standard_opt_rmsprop_batch_128_act_elu_drop_0.2,test,CPUTime,100,27711.92064178467,11172.248168945312,247899.84692382812,0.8372320366301182,0.8736420270091012,1.9487090381615748
2dsa,cpu,raw,temporal,2dsa_arch_128_64_scaler_standard_opt_rmsprop_batch_128_act_elu_drop_0.2,train,CPUTime,100,38068.502598876956,32096.464599609375,176171.271484375,0.8702554031051798,0.9001186799865937,0.9918995072595856
2dsa,cpu,raw,temporal,2dsa_arch_128_64_scaler_standard_opt_rmsprop_batch_128_act_elu_drop_0.2,val,CPUTime,100,27675.64798522949,22365.20249938965,66497.1083984375,0.8634175730313229,0.8964315918903094,0.9847776497317
2dsa,cpu,raw,temporal,2dsa_arch_128_64_scaler_standard_opt_rmsprop_batch_128_act_elu_drop_0.3,test,CPUTime,100,28357.09484031677,11370.750183105469,248659.07055664065,0.8655555877507656,0.8499784961969887,0.9987800763576554
2dsa,cpu,raw,temporal,2dsa_arch_128_64_scaler_standard_opt_rmsprop_batch_128_act_elu_drop_0.3,train,CPUTime,100,38531.37338867188,32295.828247070312,176332.67736816406,0.8772295242328535,0.9018889652547554,0.99280827300357
2dsa,cpu,raw,temporal,2dsa_arch_128_64_scaler_standard_opt_rmsprop_batch_128_act_elu_drop_0.3,val,CPUTime,100,27905.375234985353,23422.943908691406,69171.8359375,0.8605146585785658,0.863102719145085,0.97639760789522
2dsa,cpu,raw,temporal,2dsa_arch_128_64_scaler_standard_opt_rmsprop_batch_128_act_relu_drop_0.2,test,CPUTime,100,29200.247797241213,12514.892181396484,250388.02014160156,0.9166807692053562,0.9314774318954583,0.9955984021217184
2dsa,cpu,raw,temporal,2dsa_arch_128_64_scaler_standard_opt_rmsprop_batch_128_act_relu_drop_0.2,train,CPUTime,100,44878.42502807617,34859.95690917969,531185.5,1802.3231065996324,0.9271127652300695,177061.83333333334
2dsa,cpu,raw,temporal,2dsa_arch_128_64_scaler_standard_opt_rmsprop_batch_128_act_relu_drop_0.2,val,CPUTime,100,29087.197208251953,25453.130249023438,72210.69921875,0.8878492861957212,0.906991738907609,0.9724186301333176
2dsa,cpu,raw,temporal,2dsa_arch_128_64_scaler_standard_opt_rmsprop_batch_128_act_relu_drop_0.3,test,CPUTime,100,29134.937375183104,12440.624740600586,250411.1701660156,0.9100910802674158,0.921435420185591,0.9956904517625226
2dsa,cpu,raw,temporal,2dsa_arch_128_64_scaler_standard_opt_rmsprop_batch_128_act_relu_drop_0.3,train,CPUTime,100,42785.795598754885,34637.61169433594,352195.90625,1199.2154340077166,0.921562216667358,117398.63541666669
2dsa,cpu,raw,temporal,2dsa_arch_128_64_scaler_standard_opt_rmsprop_batch_128_act_relu_drop_0.3,val,CPUTime,100,29161.253623657227,25816.8115234375,72550.05419921875,0.8862232827171371,0.9013244180193725,0.966113357279528
2dsa,cpu,raw,temporal,2dsa_arch_128_64_scaler_standard_opt_rmsprop_batch_64_act_elu_drop_0.2,test,CPUTime,100,28480.682648620605,11853.458862304688,248288.19897460935,0.8764472618225888,0.8655449266497348,1.016688095711454
2dsa,cpu,raw,temporal,2dsa_arch_128_64_scaler_standard_opt_rmsprop_batch_64_act_elu_drop_0.2,train,CPUTime,100,39078.681245117186,33088.961669921875,175669.8651123047,143.20715383208832,0.9236405721318157,14232.537760416666
2dsa,cpu,raw,temporal,2dsa_arch_128_64_scaler_standard_opt_rmsprop_batch_64_act_elu_drop_0.2,val,CPUTime,100,27910.253106994627,23327.242431640625,68057.732421875,0.862409096032091,0.8638611920954085,0.985296986787932
2dsa,cpu,raw,temporal,2dsa_arch_128_64_scaler_standard_opt_rmsprop_batch_64_act_elu_drop_0.3,test,CPUTime,100,28855.806282653808,12229.976196289062,248349.4833984375,0.896118299217996,0.8847962238125793,1.011193706300718
2dsa,cpu,raw,temporal,2dsa_arch_128_64_scaler_standard_opt_rmsprop_batch_64_act_elu_drop_0.3,train,CPUTime,100,39010.98236816406,32717.415283203125,175502.74243164062,0.887699917548976,0.9210402445759667,0.988135479036319
2dsa,cpu,raw,temporal,2dsa_arch_128_64_scaler_standard_opt_rmsprop_batch_64_act_elu_drop_0.3,val,CPUTime,100,28158.526579589845,23594.372802734375,69670.4443359375,0.8644163559833813,0.8667005051777742,0.9790958452634292
2dsa,cpu,raw,temporal,2dsa_arch_128_64_scaler_standard_opt_rmsprop_batch_64_act_relu_drop_0.2,test,CPUTime,100,29173.69046722412,12339.025207519531,250074.01440429688,0.916585502469224,0.9301949805013743,0.9943498455408532
2dsa,cpu,raw,temporal,2dsa_arch_128_64_scaler_standard_opt_rmsprop_batch_64_act_relu_drop_0.2,train,CPUTime,100,40706.456338500975,33619.54162597656,178593.234375,596.201774054416,0.9216383386853926,59531.078125
2dsa,cpu,raw,temporal,2dsa_arch_128_64_scaler_standard_opt_rmsprop_batch_64_act_relu_drop_0.2,val,CPUTime,100,28905.413786621095,24956.453002929688,71032.75048828125,0.8807341792832349,0.8966469255842984,0.969251282912447
2dsa,cpu,raw,temporal,2dsa_arch_128_64_scaler_standard_opt_rmsprop_batch_64_act_relu_drop_0.3,test,CPUTime,100,29334.00552658081,12666.575866699219,250353.69506835935,0.9242896869316661,0.9416043024871981,0.9954619180037748
2dsa,cpu,raw,temporal,2dsa_arch_128_64_scaler_standard_opt_rmsprop_batch_64_act_relu_drop_0.3,train,CPUTime,100,43172.22189086914,35028.26025390625,304336.1875,1047.5848315696362,0.935658460723354,101445.39583333331
2dsa,cpu,raw,temporal,2dsa_arch_128_64_scaler_standard_opt_rmsprop_batch_64_act_relu_drop_0.3,val,CPUTime,100,29336.395874023438,26232.446655273438,72462.91943359375,0.8948820234668372,0.9124020170611379,0.9716308477253144
2dsa,cpu,raw,temporal,2dsa_arch_64_32_scaler_minmax_opt_adam_batch_128_act_elu_drop_0.2,test,CPUTime,100,29429.909514160157,12564.422180175781,250945.568359375,0.9184102633156557,0.9239380347525192,0.9978153377179468
2dsa,cpu,raw,temporal,2dsa_arch_64_32_scaler_minmax_opt_adam_batch_128_act_elu_drop_0.2,train,CPUTime,100,40588.05742889404,33230.66796875,173936.22045898438,0.9165288760216943,0.9241949814997598,0.9863843074540632
2dsa,cpu,raw,temporal,2dsa_arch_64_32_scaler_minmax_opt_adam_batch_128_act_elu_drop_0.2,val,CPUTime,100,30165.889146728514,26549.145935058594,73267.97265625,0.9096282443079785,0.9179860553681243,0.9817928995790746
2dsa,cpu,raw,temporal,2dsa_arch_64_32_scaler_minmax_opt_adam_batch_128_act_elu_drop_0.3,test,CPUTime,100,29425.535248413085,12585.331359863281,250997.15786743164,0.9181018851119199,0.9212175944500312,0.9980204690647196
2dsa,cpu,raw,temporal,2dsa_arch_64_32_scaler_minmax_opt_adam_batch_128_act_elu_drop_0.3,train,CPUTime,100,40573.54388793945,33202.87048339844,173947.20166015625,0.9151935375757094,0.9215433735224183,0.9875193901222729
2dsa,cpu,raw,temporal,2dsa_arch_64_32_scaler_minmax_opt_adam_batch_128_act_elu_drop_0.3,val,CPUTime,100,30154.828695068358,26491.671447753906,73328.0537109375,0.9089763541521698,0.9155579643357398,0.981649545140768
2dsa,cpu,raw,temporal,2dsa_arch_64_32_scaler_minmax_opt_adam_batch_128_act_relu_drop_0.2,test,CPUTime,100,29206.79536054611,12530.92626953125,250384.26293945312,0.9174895889228228,0.9251626601572844,0.9981297323062752
2dsa,cpu,raw,temporal,2dsa_arch_64_32_scaler_minmax_opt_adam_batch_128_act_relu_drop_0.2,train,CPUTime,100,38613.643092651364,32261.23876953125,171837.59033203125,0.8866608020896249,0.9007535804475464,0.9817682671569944
2dsa,cpu,raw,temporal,2dsa_arch_64_32_scaler_minmax_opt_adam_batch_128_act_relu_drop_0.2,val,CPUTime,100,29456.438380126954,26068.057739257812,70065.84375,0.8947363539506124,0.9152737561604706,0.9666470695623006
2dsa,cpu,raw,temporal,2dsa_arch_64_32_scaler_minmax_opt_adam_batch_128_act_relu_drop_0.3,test,CPUTime,100,29217.365681381227,12431.105651855469,250493.57891845703,0.919085475467875,0.928471826833541,0.9960181272727372
2dsa,cpu,raw,temporal,2dsa_arch_64_32_scaler_minmax_opt_adam_batch_128_act_relu_drop_0.3,train,CPUTime,100,38845.15999755859,32475.334106445312,172022.51220703125,0.8928383066772827,0.9078887766304842,0.9817774576160488
2dsa,cpu,raw,temporal,2dsa_arch_64_32_scaler_minmax_opt_adam_batch_128_act_relu_drop_0.3,val,CPUTime,100,29523.87289367676,26289.216552734375,69468.9169921875,0.8977204404528979,0.9215327841403199,0.9701744927189973
2dsa,cpu,raw,temporal,2dsa_arch_64_32_scaler_minmax_opt_adam_batch_64_act_elu_drop_0.2,test,CPUTime,100,28946.660377197266,12287.400848388672,249029.1875,0.920526095506501,0.9266905118389375,1.1179036285338932
2dsa,cpu,raw,temporal,2dsa_arch_64_32_scaler_minmax_opt_adam_batch_64_act_elu_drop_0.2,train,CPUTime,100,36269.450053710934,31431.01202392578,170294.23046875,0.829459340764874,0.8443644916155273,0.9825612774178536
2dsa,cpu,raw,temporal,2dsa_arch_64_32_scaler_minmax_opt_adam_batch_64_act_elu_drop_0.2,val,CPUTime,100,28203.569084472656,22856.567749023438,65810.24609375,0.8837238325859788,0.9380911638275774,0.9762544278816652
2dsa,cpu,raw,temporal,2dsa_arch_64_32_scaler_minmax_opt_adam_batch_64_act_elu_drop_0.3,test,CPUTime,100,29123.865429992675,12459.521606445312,249118.61791992188,0.9267251275428078,0.9309878382470691,1.2145714886798291
2dsa,cpu,raw,temporal,2dsa_arch_64_32_scaler_minmax_opt_adam_batch_64_act_elu_drop_0.3,train,CPUTime,100,36912.91249572754,31598.45184326172,170651.25341796875,0.8456008632314355,0.8682575747733015,0.9827609205738668
2dsa,cpu,raw,temporal,2dsa_arch_64_32_scaler_minmax_opt_adam_batch_64_act_elu_drop_0.3,val,CPUTime,100,28465.136173706054,22957.89129638672,66756.0087890625,0.8816135261505196,0.9384577553323314,0.9764168225057952
2dsa,cpu,raw,temporal,2dsa_arch_64_32_scaler_minmax_opt_adam_batch_64_act_relu_drop_0.2,test,CPUTime,100,29275.38907562256,12442.938751220703,250601.9873046875,0.9158569572243326,0.9198495400878094,0.9964491831037894
2dsa,cpu,raw,temporal,2dsa_arch_64_32_scaler_minmax_opt_adam_batch_64_act_relu_drop_0.2,train,CPUTime,100,39164.31772766113,32481.985473632812,172099.36474609375,0.8892865520135322,0.9110099338968793,0.9818081015498124
2dsa,cpu,raw,temporal,2dsa_arch_64_32_scaler_minmax_opt_adam_batch_64_act_relu_drop_0.2,val,CPUTime,100,29840.63250488281,26807.403869628906,70698.91162109375,0.9066769003081003,0.9247537630217417,0.9704277942796916
2dsa,cpu,raw,temporal,2dsa_arch_64_32_scaler_minmax_opt_adam_batch_64_act_relu_drop_0.3,test,CPUTime,100,29283.16273208618,12556.817993164062,250597.26165771484,0.9206017257715077,0.928897589930908,0.9964303928814284
2dsa,cpu,raw,temporal,2dsa_arch_64_32_scaler_minmax_opt_adam_batch_64_act_relu_drop_0.3,train,CPUTime,100,38900.05131530762,32461.0751953125,172146.56591796875,0.8912007475641294,0.9082955909289943,0.9830493805343216
2dsa,cpu,raw,temporal,2dsa_arch_64_32_scaler_minmax_opt_adam_batch_64_act_relu_drop_0.3,val,CPUTime,100,29634.804285888673,26403.6787109375,70079.49609375,0.9010396866416697,0.9234341162821669,0.9701749218584702
2dsa,cpu,raw,temporal,2dsa_arch_64_32_scaler_minmax_opt_rmsprop_batch_128_act_elu_drop_0.2,test,CPUTime,100,29232.85821304321,12614.790466308594,249652.4931640625,0.929287724191724,0.9426960866624872,0.9926737834313306
2dsa,cpu,raw,temporal,2dsa_arch_64_32_scaler_minmax_opt_rmsprop_batch_128_act_elu_drop_0.2,train,CPUTime,100,38902.65909301758,32950.721435546875,171119.88671875,0.8873916690686506,0.918859115648713,0.9850327106604851
2dsa,cpu,raw,temporal,2dsa_arch_64_32_scaler_minmax_opt_rmsprop_batch_128_act_elu_drop_0.2,val,CPUTime,100,28784.672068481446,24772.654418945312,67957.5634765625,0.8898754346870298,0.9222572947976533,0.9718529765756456
2dsa,cpu,raw,temporal,2dsa_arch_64_32_scaler_minmax_opt_rmsprop_batch_128_act_elu_drop_0.3,test,CPUTime,100,29146.38126968384,12462.319702148438,248963.94946289065,0.9243512081275721,0.9351481467703262,0.9949914686730834
2dsa,cpu,raw,temporal,2dsa_arch_64_32_scaler_minmax_opt_rmsprop_batch_128_act_elu_drop_0.3,train,CPUTime,100,38914.207724609376,32611.53662109375,170914.79638671875,0.8780937802164823,0.9104652412120813,0.9838153417929676
2dsa,cpu,raw,temporal,2dsa_arch_64_32_scaler_minmax_opt_rmsprop_batch_128_act_elu_drop_0.3,val,CPUTime,100,28826.69501159668,24401.45068359375,70346.5693359375,0.8921848069099583,0.9304554154314745,0.9726280905507276
2dsa,cpu,raw,temporal,2dsa_arch_64_32_scaler_minmax_opt_rmsprop_batch_128_act_relu_drop_0.2,test,CPUTime,100,28948.510258483886,12394.587768554688,250233.70849609375,0.9079139204193156,0.9140729990490088,0.9949848247324748
2dsa,cpu,raw,temporal,2dsa_arch_64_32_scaler_minmax_opt_rmsprop_batch_128_act_relu_drop_0.2,train,CPUTime,100,39130.54246887207,32995.13977050781,171924.74365234375,0.8920122346480908,0.9191111138080804,0.9823309600766296
2dsa,cpu,raw,temporal,2dsa_arch_64_32_scaler_minmax_opt_rmsprop_batch_128_act_relu_drop_0.2,val,CPUTime,100,28338.418173828126,23459.75439453125,63761.1455078125,0.8733040116112788,0.9023965941210812,0.9740042320733164
2dsa,cpu,raw,temporal,2dsa_arch_64_32_scaler_minmax_opt_rmsprop_batch_128_act_relu_drop_0.3,test,CPUTime,100,28976.42273162842,12207.780822753906,249948.9786376953,0.9045286413614587,0.9037571299388615,0.9938526755509864
2dsa,cpu,raw,temporal,2dsa_arch_64_32_scaler_minmax_opt_rmsprop_batch_128_act_relu_drop_0.3,train,CPUTime,100,38942.62505554199,32655.465942382812,171113.935546875,1.3075731679292637,0.9286113489317424,5.570697166133206
2dsa,cpu,raw,temporal,2dsa_arch_64_32_scaler_minmax_opt_rmsprop_batch_128_act_relu_drop_0.3,val,CPUTime,100,28211.633745117186,23453.58349609375,62560.7861328125,0.8707122837379689,0.9033590273494265,0.9734335231651672
2dsa,cpu,raw,temporal,2dsa_arch_64_32_scaler_minmax_opt_rmsprop_batch_64_act_elu_drop_0.2,test,CPUTime,100,28954.648270874022,12509.582015991211,247436.94897460935,0.9206123728700158,0.9259537687673538,0.9841366888197168
2dsa,cpu,raw,temporal,2dsa_arch_64_32_scaler_minmax_opt_rmsprop_batch_64_act_elu_drop_0.2,train,CPUTime,100,38665.86829711914,32771.95422363281,170785.01171875,0.8860707571570768,0.9198957414137404,0.9766859695226628
2dsa,cpu,raw,temporal,2dsa_arch_64_32_scaler_minmax_opt_rmsprop_batch_64_act_elu_drop_0.2,val,CPUTime,100,28297.52380126953,23140.6484375,65356.638671875,0.8723704066469524,0.921329232612724,0.9714317097523912
2dsa,cpu,raw,temporal,2dsa_arch_64_32_scaler_minmax_opt_rmsprop_batch_64_act_elu_drop_0.3,test,CPUTime,100,29105.726539916992,12406.227783203123,249348.54028320312,0.9233215515460291,0.9411627510851783,0.9914651992413492
2dsa,cpu,raw,temporal,2dsa_arch_64_32_scaler_minmax_opt_rmsprop_batch_64_act_elu_drop_0.3,train,CPUTime,100,39427.09858642578,33122.76306152344,171705.5947265625,0.8927561346128609,0.9231199041905465,0.9828418880104136
2dsa,cpu,raw,temporal,2dsa_arch_64_32_scaler_minmax_opt_rmsprop_batch_64_act_elu_drop_0.3,val,CPUTime,100,28632.151665649413,24430.226318359375,68942.685546875,0.8832220041846913,0.9085188459111548,0.97116230656126
2dsa,cpu,raw,temporal,2dsa_arch_64_32_scaler_minmax_opt_rmsprop_batch_64_act_relu_drop_0.2,test,CPUTime,100,29118.60356246948,12546.502937316895,249964.40966796875,0.9249954400512931,0.9303228757428212,1.0318600510985398
2dsa,cpu,raw,temporal,2dsa_arch_64_32_scaler_minmax_opt_rmsprop_batch_64_act_relu_drop_0.2,train,CPUTime,100,39269.304393310544,32565.367431640625,172223.55078125,0.896090707205276,0.921294838601036,0.9789594547509568
2dsa,cpu,raw,temporal,2dsa_arch_64_32_scaler_minmax_opt_rmsprop_batch_64_act_relu_drop_0.2,val,CPUTime,100,28023.114152526854,23124.88555908203,61682.384765625,0.8679807029445529,0.8932866453959353,0.98158797516493
2dsa,cpu,raw,temporal,2dsa_arch_64_32_scaler_minmax_opt_rmsprop_batch_64_act_relu_drop_0.3,test,CPUTime,100,28925.74421081543,12286.426177978516,249859.88647460935,0.9114562470957395,0.9131465517674888,0.9934984253150536
2dsa,cpu,raw,temporal,2dsa_arch_64_32_scaler_minmax_opt_rmsprop_batch_64_act_relu_drop_0.3,train,CPUTime,100,39498.92767211914,32821.488037109375,171732.056640625,1.3330933227506692,0.9343290454509285,5.7627120718128575
2dsa,cpu,raw,temporal,2dsa_arch_64_32_scaler_minmax_opt_rmsprop_batch_64_act_relu_drop_0.3,val,CPUTime,100,27999.896510620118,23303.230712890625,60563.486328125,0.8672699414978853,0.9034708684794788,0.9784171146440916
2dsa,cpu,raw,temporal,2dsa_arch_64_32_scaler_standard_opt_adam_batch_128_act_elu_drop_0.2,test,CPUTime,100,27110.565415496825,11378.606964111328,248082.59130859375,1.1894304842077417,0.8835539535608288,15.202068446032424
2dsa,cpu,raw,temporal,2dsa_arch_64_32_scaler_standard_opt_adam_batch_128_act_elu_drop_0.2,train,CPUTime,100,34510.598205566406,29615.189208984375,164116.5712890625,0.7942865910692954,0.8067831378527965,1.4712909966385028
2dsa,cpu,raw,temporal,2dsa_arch_64_32_scaler_standard_opt_adam_batch_128_act_elu_drop_0.2,val,CPUTime,100,27692.514569091796,22188.982666015625,65320.9140625,0.8620395284183114,0.9172357550794492,0.9756430060677436
2dsa,cpu,raw,temporal,2dsa_arch_64_32_scaler_standard_opt_adam_batch_128_act_elu_drop_0.3,test,CPUTime,100,27012.068565979003,11102.466918945312,248537.51171875,0.825827908951879,0.8560483891623846,1.4894903974155551
2dsa,cpu,raw,temporal,2dsa_arch_64_32_scaler_standard_opt_adam_batch_128_act_elu_drop_0.3,train,CPUTime,100,36337.301896972655,30233.6279296875,167796.42578125,0.8334947116746414,0.8527424994959286,0.9678978518476646
2dsa,cpu,raw,temporal,2dsa_arch_64_32_scaler_standard_opt_adam_batch_128_act_elu_drop_0.3,val,CPUTime,100,28132.639677734376,23034.057525634766,67634.57421875,0.8751828431573772,0.9275479524170447,0.9789285398353696
2dsa,cpu,raw,temporal,2dsa_arch_64_32_scaler_standard_opt_adam_batch_128_act_relu_drop_0.2,test,CPUTime,100,28957.748748931885,12536.177154541016,250359.74084472656,0.9126338007226182,0.9248104003174922,0.9980792821818992
2dsa,cpu,raw,temporal,2dsa_arch_64_32_scaler_standard_opt_adam_batch_128_act_relu_drop_0.2,train,CPUTime,100,38066.55173522949,32440.414306640625,170672.47607421875,0.8781826585840264,0.8978579789723975,1.5599944921413649
2dsa,cpu,raw,temporal,2dsa_arch_64_32_scaler_standard_opt_adam_batch_128_act_relu_drop_0.2,val,CPUTime,100,28473.44761352539,24475.79522705078,70972.728515625,0.8684842864474952,0.8881270800131047,0.9713866887060736
2dsa,cpu,raw,temporal,2dsa_arch_64_32_scaler_standard_opt_adam_batch_128_act_relu_drop_0.3,test,CPUTime,100,29012.142296142578,12460.643615722656,250496.84051513672,0.9089435295125728,0.9182740290288143,0.996031096105834
2dsa,cpu,raw,temporal,2dsa_arch_64_32_scaler_standard_opt_adam_batch_128_act_relu_drop_0.3,train,CPUTime,100,38464.05812988281,32625.416015625,171582.01953125,0.8849717911480576,0.906017140455369,1.5068253795879896
2dsa,cpu,raw,temporal,2dsa_arch_64_32_scaler_standard_opt_adam_batch_128_act_relu_drop_0.3,val,CPUTime,100,29044.55267578125,25555.105102539062,72063.07275390625,0.88297187888126,0.9017454567635718,0.9722445255796688
2dsa,cpu,raw,temporal,2dsa_arch_64_32_scaler_standard_opt_adam_batch_64_act_elu_drop_0.2,test,CPUTime,100,27669.67255050659,11474.618225097656,248640.47290039065,0.837154975946614,0.8605738652839287,0.9923944917047826
2dsa,cpu,raw,temporal,2dsa_arch_64_32_scaler_standard_opt_adam_batch_64_act_elu_drop_0.2,train,CPUTime,100,37244.821860961914,31820.785888671875,170344.92041015625,0.8494750230828485,0.876373261896843,1.1939655233601345
2dsa,cpu,raw,temporal,2dsa_arch_64_32_scaler_standard_opt_adam_batch_64_act_elu_drop_0.2,val,CPUTime,100,27903.48287322998,23208.870361328125,67496.4287109375,0.8611594876741784,0.885548014035732,0.978442659645822
2dsa,cpu,raw,temporal,2dsa_arch_64_32_scaler_standard_opt_adam_batch_64_act_elu_drop_0.3,test,CPUTime,100,27292.910155944825,11061.86865234375,248785.71899414065,0.8218518457951458,0.8620513885359795,0.9892272967420452
2dsa,cpu,raw,temporal,2dsa_arch_64_32_scaler_standard_opt_adam_batch_64_act_elu_drop_0.3,train,CPUTime,100,36677.57413269043,31185.154541015625,169843.87841796875,0.8345513423429043,0.8588189196096366,1.0475173469155992
2dsa,cpu,raw,temporal,2dsa_arch_64_32_scaler_standard_opt_adam_batch_64_act_elu_drop_0.3,val,CPUTime,100,27989.155893859865,23123.636962890625,68040.990234375,0.8677894576335647,0.8992810670610657,0.9765125243809528
2dsa,cpu,raw,temporal,2dsa_arch_64_32_scaler_standard_opt_adam_batch_64_act_relu_drop_0.2,test,CPUTime,100,28852.05781036377,12379.37043762207,250439.9398193359,0.9051717340593843,0.9175563185599431,0.9958048462964908
2dsa,cpu,raw,temporal,2dsa_arch_64_32_scaler_standard_opt_adam_batch_64_act_relu_drop_0.2,train,CPUTime,100,38868.02785644531,32899.185791015625,171756.79248046875,173.676784160468,0.9044966450103703,17279.932291666668
2dsa,cpu,raw,temporal,2dsa_arch_64_32_scaler_standard_opt_adam_batch_64_act_relu_drop_0.2,val,CPUTime,100,28582.17421081543,25261.650634765625,70923.89111328125,0.868094874284615,0.8878446022638723,0.957541257913938
2dsa,cpu,raw,temporal,2dsa_arch_64_32_scaler_standard_opt_adam_batch_64_act_relu_drop_0.3,test,CPUTime,100,29006.298607788085,12494.841979980469,250463.6494140625,0.9114269011206383,0.9221658444322354,0.9958991209131892
2dsa,cpu,raw,temporal,2dsa_arch_64_32_scaler_standard_opt_adam_batch_64_act_relu_drop_0.3,train,CPUTime,100,38594.24213623047,33169.642333984375,172126.6982421875,75.19973865165805,0.9034606184622,7432.189453125
2dsa,cpu,raw,temporal,2dsa_arch_64_32_scaler_standard_opt_adam_batch_64_act_relu_drop_0.3,val,CPUTime,100,29287.245482788087,25922.65478515625,72603.4501953125,0.8895319548458585,0.9032646030009598,0.9677551658876012
2dsa,cpu,raw,temporal,2dsa_arch_64_32_scaler_standard_opt_rmsprop_batch_128_act_elu_drop_0.2,test,CPUTime,100,27972.525308952332,11390.325866699219,248473.8220214844,0.8603216382759,0.8495840069430783,1.7261883051177926
2dsa,cpu,raw,temporal,2dsa_arch_64_32_scaler_standard_opt_rmsprop_batch_128_act_elu_drop_0.2,train,CPUTime,100,38253.54649291992,32233.548583984375,175998.13024902344,174.59373450520962,0.9020375763773967,17373.509114583332
2dsa,cpu,raw,temporal,2dsa_arch_64_32_scaler_standard_opt_rmsprop_batch_128_act_elu_drop_0.2,val,CPUTime,100,27658.562242736818,22399.694580078125,68315.7734375,0.8590019026507787,0.8858135789893187,0.9785429343159816
2dsa,cpu,raw,temporal,2dsa_arch_64_32_scaler_standard_opt_rmsprop_batch_128_act_elu_drop_0.3,test,CPUTime,100,28762.496172924042,11840.859375,249151.7001953125,0.8872100286317598,0.8721437518650104,1.0183901408023284
2dsa,cpu,raw,temporal,2dsa_arch_64_32_scaler_standard_opt_rmsprop_batch_128_act_elu_drop_0.3,train,CPUTime,100,39037.08155029297,33205.549560546875,175453.33520507812,166.55409381412326,0.909428731491709,16567.7578125
2dsa,cpu,raw,temporal,2dsa_arch_64_32_scaler_standard_opt_rmsprop_batch_128_act_elu_drop_0.3,val,CPUTime,100,28596.387547073366,24539.744873046875,69604.4912109375,0.8792433396613688,0.8816231265007604,0.9942856624380432
2dsa,cpu,raw,temporal,2dsa_arch_64_32_scaler_standard_opt_rmsprop_batch_128_act_relu_drop_0.2,test,CPUTime,100,29176.822601623535,12550.257339477539,250379.7275390625,0.9192613106748188,0.9363437024282374,0.9955654288914788
2dsa,cpu,raw,temporal,2dsa_arch_64_32_scaler_standard_opt_rmsprop_batch_128_act_relu_drop_0.2,train,CPUTime,100,47553.46927978515,34646.06506347656,827196.75,2785.8371080524525,0.9180755106898664,275732.25
2dsa,cpu,raw,temporal,2dsa_arch_64_32_scaler_standard_opt_rmsprop_batch_128_act_relu_drop_0.2,val,CPUTime,100,29122.487099609374,25704.127685546875,72234.73681640625,0.885334262858714,0.9044296256071445,0.9635357294145392
2dsa,cpu,raw,temporal,2dsa_arch_64_32_scaler_standard_opt_rmsprop_batch_128_act_relu_drop_0.3,test,CPUTime,100,29285.435595703126,12408.513275146484,250366.84802246097,0.9152176101141748,0.9193329544733185,0.9955142170717548
2dsa,cpu,raw,temporal,2dsa_arch_64_32_scaler_standard_opt_rmsprop_batch_128_act_relu_drop_0.3,train,CPUTime,100,44077.631873168946,34002.47021484375,454369.75,1533.3680600068174,0.9310426760661549,151456.58333333334
2dsa,cpu,raw,temporal,2dsa_arch_64_32_scaler_standard_opt_rmsprop_batch_128_act_relu_drop_0.3,val,CPUTime,100,29574.65745300293,26406.747680664062,73001.09326171875,0.8973086765903249,0.9084016143845487,0.967504388007426
2dsa,cpu,raw,temporal,2dsa_arch_64_32_scaler_standard_opt_rmsprop_batch_64_act_elu_drop_0.2,test,CPUTime,100,28739.188190612793,12137.696655273438,248903.48828125,0.8845626576406,0.8804022002574365,0.9896955735949023
2dsa,cpu,raw,temporal,2dsa_arch_64_32_scaler_standard_opt_rmsprop_batch_64_act_elu_drop_0.2,train,CPUTime,100,39427.70629699707,33268.677734375,176299.34118652344,0.8939105790594533,0.9259414518957998,0.9926205798464244
2dsa,cpu,raw,temporal,2dsa_arch_64_32_scaler_standard_opt_rmsprop_batch_64_act_elu_drop_0.2,val,CPUTime,100,28526.664950561524,24654.019287109375,69928.9765625,0.8739335660680777,0.8892257792611837,0.9717927323717446
2dsa,cpu,raw,temporal,2dsa_arch_64_32_scaler_standard_opt_rmsprop_batch_64_act_elu_drop_0.3,test,CPUTime,100,29199.846994609834,12335.963623046875,248883.0908203125,0.9110451740088757,0.906564023741327,1.002488610461191
2dsa,cpu,raw,temporal,2dsa_arch_64_32_scaler_standard_opt_rmsprop_batch_64_act_elu_drop_0.3,train,CPUTime,100,39846.91590270996,33283.99475097656,176078.43774414062,90.60547217834971,0.9329794208284381,8971.470703125
2dsa,cpu,raw,temporal,2dsa_arch_64_32_scaler_standard_opt_rmsprop_batch_64_act_elu_drop_0.3,val,CPUTime,100,28769.05635482788,24974.931640625,70137.8359375,0.8822993195856463,0.8883539945590946,0.9915528030888036
2dsa,cpu,raw,temporal,2dsa_arch_64_32_scaler_standard_opt_rmsprop_batch_64_act_relu_drop_0.2,test,CPUTime,100,29297.332926330568,12647.373947143555,250433.0595703125,0.9268493448811335,0.9427510242081012,0.995777488897642
2dsa,cpu,raw,temporal,2dsa_arch_64_32_scaler_standard_opt_rmsprop_batch_64_act_relu_drop_0.2,train,CPUTime,100,46604.479472045896,34641.80749511719,730760.875,2458.2327825008533,0.9291701868398183,243586.95833333337
2dsa,cpu,raw,temporal,2dsa_arch_64_32_scaler_standard_opt_rmsprop_batch_64_act_relu_drop_0.2,val,CPUTime,100,29273.170513916015,25767.97802734375,71824.73876953125,0.8916880271563156,0.9096037886536713,0.9754845116569454
2dsa,cpu,raw,temporal,2dsa_arch_64_32_scaler_standard_opt_rmsprop_batch_64_act_relu_drop_0.3,test,CPUTime,100,29289.305229492187,12488.661804199219,250369.4100341797,0.9179134661032567,0.9303629576174253,0.9955244041996052
2dsa,cpu,raw,temporal,2dsa_arch_64_32_scaler_standard_opt_rmsprop_batch_64_act_relu_drop_0.3,train,CPUTime,100,44438.266814575196,34825.793701171875,404438.9375,1392.1601391295442,0.9585285576818029,134812.97916666666
2dsa,cpu,raw,temporal,2dsa_arch_64_32_scaler_standard_opt_rmsprop_batch_64_act_relu_drop_0.3,val,CPUTime,100,29569.490459594726,26450.744384765625,73000.71875,0.8975403560304032,0.9098466814824215,0.9671838377066826
2dsa,memory,raw,record,2dsa_arch_128_64_scaler_minmax_opt_adam_batch_128_act_elu_drop_0.2,test,max_rss,100,22347.563251953125,20349.056640625,39059.798828125,0.45975069246001743,0.4575425490422833,0.554882397289506
2dsa,memory,raw,record,2dsa_arch_128_64_scaler_minmax_opt_adam_batch_128_act_elu_drop_0.2,train,max_rss,100,33548.9239453125,29468.16162109375,65759.517578125,0.6070649401836914,0.6210913467490504,0.8258840372169949
2dsa,memory,raw,record,2dsa_arch_128_64_scaler_minmax_opt_adam_batch_128_act_elu_drop_0.2,val,max_rss,100,14795.673859863282,11560.739440917969,44924.37109375,1.9702257386330286,0.8393593081664597,7.530264769785503
2dsa,memory,raw,record,2dsa_arch_128_64_scaler_minmax_opt_adam_batch_128_act_elu_drop_0.3,test,max_rss,100,22535.621650390625,20374.0185546875,40265.38671875,0.46820238858844443,0.4726964833856616,0.6600854480477254
2dsa,memory,raw,record,2dsa_arch_128_64_scaler_minmax_opt_adam_batch_128_act_elu_drop_0.3,train,max_rss,100,33049.843515625,29003.04833984375,65653.775390625,0.6036535692133083,0.6116400506305331,0.8099162464738666
2dsa,memory,raw,record,2dsa_arch_128_64_scaler_minmax_opt_adam_batch_128_act_elu_drop_0.3,val,max_rss,100,14461.270418701171,11512.050231933594,45434.546875,1.0834628264593682,0.5692627459862424,5.107068310986768
2dsa,memory,raw,record,2dsa_arch_128_64_scaler_minmax_opt_adam_batch_128_act_relu_drop_0.2,test,max_rss,100,25108.875546875,24219.9921875,35541.6875,2.311122842279115,2.7645574279666567,3.972765883557755
2dsa,memory,raw,record,2dsa_arch_128_64_scaler_minmax_opt_adam_batch_128_act_relu_drop_0.2,train,max_rss,100,35062.80418945313,31430.98193359375,66605.66015625,0.6818976680587727,0.6588173781558421,2.2781362791614876
2dsa,memory,raw,record,2dsa_arch_128_64_scaler_minmax_opt_adam_batch_128_act_relu_drop_0.2,val,max_rss,100,16358.077034912109,12593.9306640625,45375.328125,1.0803451875355203,0.6731898216675757,4.158922787408759
2dsa,memory,raw,record,2dsa_arch_128_64_scaler_minmax_opt_adam_batch_128_act_relu_drop_0.3,test,max_rss,100,19803.771713867187,18527.2822265625,34073.82421875,0.47602028959471554,0.47132998330278153,1.6195048547390474
2dsa,memory,raw,record,2dsa_arch_128_64_scaler_minmax_opt_adam_batch_128_act_relu_drop_0.3,train,max_rss,100,29551.43685058594,27604.79052734375,59205.955078125,0.6005483117138668,0.5829105228320648,1.8718793697413711
2dsa,memory,raw,record,2dsa_arch_128_64_scaler_minmax_opt_adam_batch_128_act_relu_drop_0.3,val,max_rss,100,14280.520371704102,10856.06689453125,43049.548828125,0.5523273006147187,0.5241571570804348,0.965256549261199
2dsa,memory,raw,record,2dsa_arch_128_64_scaler_minmax_opt_adam_batch_64_act_elu_drop_0.2,test,max_rss,100,23088.042421875,21264.0087890625,39932.251953125,0.4799110664705895,0.48079401800222815,0.671841814962827
2dsa,memory,raw,record,2dsa_arch_128_64_scaler_minmax_opt_adam_batch_64_act_elu_drop_0.2,train,max_rss,100,33120.5701953125,29019.1708984375,65817.333984375,0.6599858740321487,0.6152169402521313,3.3647127291341654
2dsa,memory,raw,record,2dsa_arch_128_64_scaler_minmax_opt_adam_batch_64_act_elu_drop_0.2,val,max_rss,100,14547.161060791015,10942.73046875,45690.716796875,2.0548933226635877,0.6816595197685669,7.711629472540681
2dsa,memory,raw,record,2dsa_arch_128_64_scaler_minmax_opt_adam_batch_64_act_elu_drop_0.3,test,max_rss,100,21956.981494140626,19943.91015625,39103.3671875,0.45635509622328363,0.45728156292183614,0.6588675824055455
2dsa,memory,raw,record,2dsa_arch_128_64_scaler_minmax_opt_adam_batch_64_act_elu_drop_0.3,train,max_rss,100,32797.784912109375,28709.93310546875,65368.2421875,0.6859348083909051,0.6104785020775143,3.7513236154446177
2dsa,memory,raw,record,2dsa_arch_128_64_scaler_minmax_opt_adam_batch_64_act_elu_drop_0.3,val,max_rss,100,14467.176374511719,11530.51220703125,44967.0625,1.0710330414022056,0.6402997938485637,5.2827209625626566
2dsa,memory,raw,record,2dsa_arch_128_64_scaler_minmax_opt_adam_batch_64_act_relu_drop_0.2,test,max_rss,100,21259.549658203126,18959.142578125,36320.75390625,0.9324241845236824,0.5039546709048655,2.4175547607152703
2dsa,memory,raw,record,2dsa_arch_128_64_scaler_minmax_opt_adam_batch_64_act_relu_drop_0.2,train,max_rss,100,34035.94352539063,31130.13037109375,66411.42578125,0.671582966166984,0.6520292769623119,2.2314050697963475
2dsa,memory,raw,record,2dsa_arch_128_64_scaler_minmax_opt_adam_batch_64_act_relu_drop_0.2,val,max_rss,100,15458.996740722656,11384.498046875,45342.017578125,1.1604661226907615,0.6365937558816477,2.56132382083427
2dsa,memory,raw,record,2dsa_arch_128_64_scaler_minmax_opt_adam_batch_64_act_relu_drop_0.3,test,max_rss,100,19653.386357421874,18363.0419921875,33339.37890625,0.5566947192053976,0.46657091234650483,11.450970521907216
2dsa,memory,raw,record,2dsa_arch_128_64_scaler_minmax_opt_adam_batch_64_act_relu_drop_0.3,train,max_rss,100,28233.23340332031,26686.8369140625,58688.193359375,0.581109329106967,0.6116800750258586,0.8030399531677118
2dsa,memory,raw,record,2dsa_arch_128_64_scaler_minmax_opt_adam_batch_64_act_relu_drop_0.3,val,max_rss,100,14056.982346191406,10729.2705078125,41182.259765625,0.5659624470099813,0.5160258203349221,1.5356664409374632
2dsa,memory,raw,record,2dsa_arch_128_64_scaler_minmax_opt_rmsprop_batch_128_act_elu_drop_0.2,test,max_rss,100,23732.5653515625,21751.2666015625,41592.38671875,0.4891416133244303,0.47803867006938383,0.589772610988665
2dsa,memory,raw,record,2dsa_arch_128_64_scaler_minmax_opt_rmsprop_batch_128_act_elu_drop_0.2,train,max_rss,100,35198.85842041016,30287.0205078125,66950.087890625,0.7736615893638237,0.6299759055109515,6.0185275692277695
2dsa,memory,raw,record,2dsa_arch_128_64_scaler_minmax_opt_rmsprop_batch_128_act_elu_drop_0.2,val,max_rss,100,14239.841888427734,10364.6796875,45684.859375,1.1091424142984598,0.6278605578326879,5.433342144423559
2dsa,memory,raw,record,2dsa_arch_128_64_scaler_minmax_opt_rmsprop_batch_128_act_elu_drop_0.3,test,max_rss,100,21654.59380859375,19338.3671875,39706.337890625,0.45590785126529804,0.46041428942695595,0.6982686706729883
2dsa,memory,raw,record,2dsa_arch_128_64_scaler_minmax_opt_rmsprop_batch_128_act_elu_drop_0.3,train,max_rss,100,31311.027973632812,26803.279296875,61998.78515625,0.7642848687528564,0.5603298395905005,7.096242443447738
2dsa,memory,raw,record,2dsa_arch_128_64_scaler_minmax_opt_rmsprop_batch_128_act_elu_drop_0.3,val,max_rss,100,13867.558357543945,10822.32861328125,42296.5625,1.10673625340493,0.6290621037985045,7.134582550125313
2dsa,memory,raw,record,2dsa_arch_128_64_scaler_minmax_opt_rmsprop_batch_128_act_relu_drop_0.2,test,max_rss,100,22544.6384765625,19437.6904296875,69979.6953125,1.6644114644327177,0.4849323282992165,56.61787646642395
2dsa,memory,raw,record,2dsa_arch_128_64_scaler_minmax_opt_rmsprop_batch_128_act_relu_drop_0.2,train,max_rss,100,34189.4334375,29454.8701171875,79750.40625,1.0108261588419183,0.6184342778255487,12.424936622464898
2dsa,memory,raw,record,2dsa_arch_128_64_scaler_minmax_opt_rmsprop_batch_128_act_relu_drop_0.2,val,max_rss,100,14941.661509399413,11349.39306640625,45637.48828125,0.6820386241894654,0.5560995734804747,4.695056978383459
2dsa,memory,raw,record,2dsa_arch_128_64_scaler_minmax_opt_rmsprop_batch_128_act_relu_drop_0.3,test,max_rss,100,19312.84328125,17594.271484375,34596.8984375,0.4579640839228459,0.4575407966996725,0.7725897141806257
2dsa,memory,raw,record,2dsa_arch_128_64_scaler_minmax_opt_rmsprop_batch_128_act_relu_drop_0.3,train,max_rss,100,32473.726025390624,28468.6640625,87027.0625,0.9562333968373857,0.609612549277788,13.563988153276131
2dsa,memory,raw,record,2dsa_arch_128_64_scaler_minmax_opt_rmsprop_batch_128_act_relu_drop_0.3,val,max_rss,100,13678.405651245117,10430.11572265625,40954.189453125,0.7155141745954711,0.5527628540053462,4.219488173558897
2dsa,memory,raw,record,2dsa_arch_128_64_scaler_minmax_opt_rmsprop_batch_64_act_elu_drop_0.2,test,max_rss,100,24077.905166015626,22202.27001953125,42466.759765625,0.49587680456382216,0.47688625394148065,0.6285590660421915
2dsa,memory,raw,record,2dsa_arch_128_64_scaler_minmax_opt_rmsprop_batch_64_act_elu_drop_0.2,train,max_rss,100,35682.88260986328,30694.8984375,67280.033203125,0.808860266195722,0.6427154542205253,5.4530695446567865
2dsa,memory,raw,record,2dsa_arch_128_64_scaler_minmax_opt_rmsprop_batch_64_act_elu_drop_0.2,val,max_rss,100,14367.246477050781,10504.0439453125,45848.763671875,1.1964262143608035,0.652358400839924,6.358391584429825
2dsa,memory,raw,record,2dsa_arch_128_64_scaler_minmax_opt_rmsprop_batch_64_act_elu_drop_0.3,test,max_rss,100,24804.837470703125,23159.5654296875,42671.546875,0.885616289199167,0.4963693492384939,20.25462365999191
2dsa,memory,raw,record,2dsa_arch_128_64_scaler_minmax_opt_rmsprop_batch_64_act_elu_drop_0.3,train,max_rss,100,35742.950336914066,30710.9921875,68065.46875,0.7422306034654624,0.6396059364526792,4.837666975429017
2dsa,memory,raw,record,2dsa_arch_128_64_scaler_minmax_opt_rmsprop_batch_64_act_elu_drop_0.3,val,max_rss,100,14363.541005249024,10623.0693359375,46009.19921875,1.356025941465122,0.5705682066447648,14.29812282986111
2dsa,memory,raw,record,2dsa_arch_128_64_scaler_minmax_opt_rmsprop_batch_64_act_relu_drop_0.2,test,max_rss,100,23021.535048828126,19655.9697265625,100158.34375,2.0411642292762773,0.48891048287232475,79.56032564724919
2dsa,memory,raw,record,2dsa_arch_128_64_scaler_minmax_opt_rmsprop_batch_64_act_relu_drop_0.2,train,max_rss,100,32153.263393554687,28169.00927734375,62557.564453125,1.292418020879212,0.6395571644688839,8.631482181162246
2dsa,memory,raw,record,2dsa_arch_128_64_scaler_minmax_opt_rmsprop_batch_64_act_relu_drop_0.2,val,max_rss,100,15144.000942993163,12040.234375,44141.6875,1.0644857260290348,0.5927248119014608,11.581112816220235
2dsa,memory,raw,record,2dsa_arch_128_64_scaler_minmax_opt_rmsprop_batch_64_act_relu_drop_0.3,test,max_rss,100,20962.40915527344,18384.2333984375,60973.609375,1.4036484807722511,0.4781627647845281,49.331399170711975
2dsa,memory,raw,record,2dsa_arch_128_64_scaler_minmax_opt_rmsprop_batch_64_act_relu_drop_0.3,train,max_rss,100,34115.467592773435,29729.44921875,83490.8515625,1.3248860238934745,0.6547999128074833,13.003958658346336
2dsa,memory,raw,record,2dsa_arch_128_64_scaler_minmax_opt_rmsprop_batch_64_act_relu_drop_0.3,val,max_rss,100,13618.948236083985,10248.48486328125,42943.44921875,0.5274963147932261,0.49441462065265646,0.9878697293205836
2dsa,memory,raw,record,2dsa_arch_128_64_scaler_standard_opt_adam_batch_128_act_elu_drop_0.2,test,max_rss,100,17768.180690689085,15598.859375,32540.78515625,0.5048151312038135,0.41271894061047903,1.3495461256643595
2dsa,memory,raw,record,2dsa_arch_128_64_scaler_standard_opt_adam_batch_128_act_elu_drop_0.2,train,max_rss,100,22010.3537109375,18252.5244140625,50496.78125,0.5169457095397643,0.4760096773747339,0.7938383869750837
2dsa,memory,raw,record,2dsa_arch_128_64_scaler_standard_opt_adam_batch_128_act_elu_drop_0.2,val,max_rss,100,11767.589172973632,9975.27490234375,31854.44921875,0.8790705957556717,0.4885415397358207,3.4817068564481675
2dsa,memory,raw,record,2dsa_arch_128_64_scaler_standard_opt_adam_batch_128_act_elu_drop_0.3,test,max_rss,100,18916.381578979493,16851.72705078125,33117.943359375,0.509105823111374,0.4339735259831189,1.3008888583639762
2dsa,memory,raw,record,2dsa_arch_128_64_scaler_standard_opt_adam_batch_128_act_elu_drop_0.3,train,max_rss,100,23564.932163085938,20564.896484375,52018.68359375,0.48571448868452677,0.4950656617906874,0.8027503671235315
2dsa,memory,raw,record,2dsa_arch_128_64_scaler_standard_opt_adam_batch_128_act_elu_drop_0.3,val,max_rss,100,11616.9350390625,9043.19873046875,33846.9140625,0.8307299976329904,0.6246254337375301,2.7323595085169776
2dsa,memory,raw,record,2dsa_arch_128_64_scaler_standard_opt_adam_batch_128_act_relu_drop_0.2,test,max_rss,100,22234.749301757813,20094.568359375,40369.9921875,1.0845198488928929,0.4999079204649448,32.11764891788026
2dsa,memory,raw,record,2dsa_arch_128_64_scaler_standard_opt_adam_batch_128_act_relu_drop_0.2,train,max_rss,100,29636.008095703124,26680.26953125,61195.626953125,0.5702284690806454,0.5731601671812816,1.897215466344775
2dsa,memory,raw,record,2dsa_arch_128_64_scaler_standard_opt_adam_batch_128_act_relu_drop_0.2,val,max_rss,100,14634.000029907227,11742.9697265625,42927.275390625,0.839885350888178,0.5825889646479359,3.126609230942208
2dsa,memory,raw,record,2dsa_arch_128_64_scaler_standard_opt_adam_batch_128_act_relu_drop_0.3,test,max_rss,100,21596.790419921876,19463.3037109375,56282.125,1.3120203601731344,0.5001350225963213,45.5356998381877
2dsa,memory,raw,record,2dsa_arch_128_64_scaler_standard_opt_adam_batch_128_act_relu_drop_0.3,train,max_rss,100,29717.59763183594,27336.39599609375,57263.80859375,0.5836402891619256,0.5867302707211273,1.8349492661822353
2dsa,memory,raw,record,2dsa_arch_128_64_scaler_standard_opt_adam_batch_128_act_relu_drop_0.3,val,max_rss,100,14216.84196472168,11144.248291015625,43461.1953125,0.8105159409639736,0.5934457774314716,1.9785356190332413
2dsa,memory,raw,record,2dsa_arch_128_64_scaler_standard_opt_adam_batch_64_act_elu_drop_0.2,test,max_rss,100,17481.854763183594,16088.93359375,31069.009765625,0.47364714096257166,0.41727821648030017,1.1209517935652733
2dsa,memory,raw,record,2dsa_arch_128_64_scaler_standard_opt_adam_batch_64_act_elu_drop_0.2,train,max_rss,100,21256.804853515627,17441.8515625,50061.53125,0.5221619119361974,0.48646613773899217,0.8880644722956822
2dsa,memory,raw,record,2dsa_arch_128_64_scaler_standard_opt_adam_batch_64_act_elu_drop_0.2,val,max_rss,100,11502.127808227538,9224.734375,30007.8828125,0.8500405127928911,0.5612155077392775,3.3752784531706768
2dsa,memory,raw,record,2dsa_arch_128_64_scaler_standard_opt_adam_batch_64_act_elu_drop_0.3,test,max_rss,100,17669.305107421875,16157.7333984375,32173.748046875,0.45531958321819077,0.41268252604447525,1.156691508124884
2dsa,memory,raw,record,2dsa_arch_128_64_scaler_standard_opt_adam_batch_64_act_elu_drop_0.3,train,max_rss,100,21794.28157714844,18137.8642578125,51226.17578125,0.49966256028656153,0.4758801692306568,0.8017487238086762
2dsa,memory,raw,record,2dsa_arch_128_64_scaler_standard_opt_adam_batch_64_act_elu_drop_0.3,val,max_rss,100,12397.360987548827,10687.2421875,31663.01953125,0.9748099805287319,0.6767856197733313,3.511641450697099
2dsa,memory,raw,record,2dsa_arch_128_64_scaler_standard_opt_adam_batch_64_act_relu_drop_0.2,test,max_rss,100,24163.5255078125,22539.3310546875,36829.15234375,2.2945581004100264,2.5189870172730786,24.359564623786408
2dsa,memory,raw,record,2dsa_arch_128_64_scaler_standard_opt_adam_batch_64_act_relu_drop_0.2,train,max_rss,100,35571.59694335938,30825.57373046875,66299.673828125,0.6811395816309629,0.6597836317492424,2.487261118215402
2dsa,memory,raw,record,2dsa_arch_128_64_scaler_standard_opt_adam_batch_64_act_relu_drop_0.2,val,max_rss,100,16363.648778076173,13252.7099609375,45663.451171875,1.1769263705282742,0.6632647891888539,4.474240419708029
2dsa,memory,raw,record,2dsa_arch_128_64_scaler_standard_opt_adam_batch_64_act_relu_drop_0.3,test,max_rss,100,20795.976817855833,18302.8740234375,59173.921875,1.3563127114170088,0.46486958341871365,47.87534132281554
2dsa,memory,raw,record,2dsa_arch_128_64_scaler_standard_opt_adam_batch_64_act_relu_drop_0.3,train,max_rss,100,28531.93599609375,26536.380859375,55975.826171875,0.5422558284173914,0.5433858000348281,0.7870141494717587
2dsa,memory,raw,record,2dsa_arch_128_64_scaler_standard_opt_adam_batch_64_act_relu_drop_0.3,val,max_rss,100,15147.293276367187,13012.1982421875,41296.359375,1.0536192268932607,0.5921896623916744,3.88353103215651
2dsa,memory,raw,record,2dsa_arch_128_64_scaler_standard_opt_rmsprop_batch_128_act_elu_drop_0.2,test,max_rss,100,20776.674024658205,18625.8076171875,41636.80078125,0.5906700352490343,0.4466362311073411,1.5543629246879056
2dsa,memory,raw,record,2dsa_arch_128_64_scaler_standard_opt_rmsprop_batch_128_act_elu_drop_0.2,train,max_rss,100,131450.52909179687,23538.919921875,10510158.0,173.39432142463508,0.5253409135176699,17286.44407894737
2dsa,memory,raw,record,2dsa_arch_128_64_scaler_standard_opt_rmsprop_batch_128_act_elu_drop_0.2,val,max_rss,100,13123.206047363281,10576.287109375,35995.798828125,1.0207308218721358,0.6278136694217644,6.3327659970238095
2dsa,memory,raw,record,2dsa_arch_128_64_scaler_standard_opt_rmsprop_batch_128_act_elu_drop_0.3,test,max_rss,100,19446.884829711915,17077.21484375,34620.9921875,0.43971213826445554,0.4335896908688187,0.9824935898004356
2dsa,memory,raw,record,2dsa_arch_128_64_scaler_standard_opt_rmsprop_batch_128_act_elu_drop_0.3,train,max_rss,100,175230.33779785156,24651.9521484375,14771334.0,243.47653950814117,0.5224569170175146,24294.957236842107
2dsa,memory,raw,record,2dsa_arch_128_64_scaler_standard_opt_rmsprop_batch_128_act_elu_drop_0.3,val,max_rss,100,12467.83162536621,9734.8408203125,36798.66796875,0.8927491531650084,0.56204688572392,4.054520089285714
2dsa,memory,raw,record,2dsa_arch_128_64_scaler_standard_opt_rmsprop_batch_128_act_relu_drop_0.2,test,max_rss,100,20234.29232421875,18035.3671875,34428.39453125,0.7372374854094796,0.4447790326386859,14.781615312039763
2dsa,memory,raw,record,2dsa_arch_128_64_scaler_standard_opt_rmsprop_batch_128_act_relu_drop_0.2,train,max_rss,100,51038.52069824219,26579.9189453125,2293770.75,38.38523333861295,0.5476816659133726,3772.6492598684217
2dsa,memory,raw,record,2dsa_arch_128_64_scaler_standard_opt_rmsprop_batch_128_act_relu_drop_0.2,val,max_rss,100,14019.821088256836,11899.843475341797,39229.255859375,1.038166538163031,0.5652678022335414,4.708529635592624
2dsa,memory,raw,record,2dsa_arch_128_64_scaler_standard_opt_rmsprop_batch_128_act_relu_drop_0.3,test,max_rss,100,23723.911254882812,21309.94921875,39010.3671875,0.8136533165849498,0.5007997902983405,15.473011794599516
2dsa,memory,raw,record,2dsa_arch_128_64_scaler_standard_opt_rmsprop_batch_128_act_relu_drop_0.3,train,max_rss,100,40587.7662890625,29003.748046875,754065.625,13.239649268250966,0.6033906470487551,1240.2395148026317
2dsa,memory,raw,record,2dsa_arch_128_64_scaler_standard_opt_rmsprop_batch_128_act_relu_drop_0.3,val,max_rss,100,15227.210362548829,11486.83154296875,46247.884765625,0.725322224853288,0.5626085015071328,3.054788720346715
2dsa,memory,raw,record,2dsa_arch_128_64_scaler_standard_opt_rmsprop_batch_64_act_elu_drop_0.2,test,max_rss,100,18337.19302734375,16242.275390625,33585.171875,0.4256229370589616,0.42084662299901415,0.7655427044277807
2dsa,memory,raw,record,2dsa_arch_128_64_scaler_standard_opt_rmsprop_batch_64_act_elu_drop_0.2,train,max_rss,100,179668.21845703124,24294.6865234375,15279406.0,251.8476292835801,0.5344994725902301,25130.60197368421
2dsa,memory,raw,record,2dsa_arch_128_64_scaler_standard_opt_rmsprop_batch_64_act_elu_drop_0.2,val,max_rss,100,13246.572039794923,11405.33984375,35509.552734375,1.0598682280240836,0.6539335755365607,5.3418693217418545
2dsa,memory,raw,record,2dsa_arch_128_64_scaler_standard_opt_rmsprop_batch_64_act_elu_drop_0.3,test,max_rss,100,16551.424404296875,14892.5029296875,32243.990234375,0.4336657448128058,0.3925595116165451,0.7999487367566144
2dsa,memory,raw,record,2dsa_arch_128_64_scaler_standard_opt_rmsprop_batch_64_act_elu_drop_0.3,train,max_rss,100,310571.55904785154,21770.2197265625,28549042.0,470.0724913436026,0.49153057722812776,46955.66118421053
2dsa,memory,raw,record,2dsa_arch_128_64_scaler_standard_opt_rmsprop_batch_64_act_elu_drop_0.3,val,max_rss,100,11244.225056762696,8729.412109375,32508.44140625,0.7586121962756907,0.525889980538859,2.664080507223971
2dsa,memory,raw,record,2dsa_arch_128_64_scaler_standard_opt_rmsprop_batch_64_act_relu_drop_0.2,test,max_rss,100,19208.97541015625,17339.8896484375,34012.796875,0.7825499977372187,0.41915309582310734,19.65328554813916
2dsa,memory,raw,record,2dsa_arch_128_64_scaler_standard_opt_rmsprop_batch_64_act_relu_drop_0.2,train,max_rss,100,26631.81057128906,23213.0419921875,55990.669921875,1.1014846222564691,0.5065397682509568,60.145090203536185
2dsa,memory,raw,record,2dsa_arch_128_64_scaler_standard_opt_rmsprop_batch_64_act_relu_drop_0.2,val,max_rss,100,12516.460225830078,9907.61962890625,36885.376953125,0.936303790664213,0.6740435102326807,3.3013313676399614
2dsa,memory,raw,record,2dsa_arch_128_64_scaler_standard_opt_rmsprop_batch_64_act_relu_drop_0.3,test,max_rss,100,20738.39677734375,18163.30078125,37223.1328125,0.45843733158965455,0.45137344269662544,1.645194346746664
2dsa,memory,raw,record,2dsa_arch_128_64_scaler_standard_opt_rmsprop_batch_64_act_relu_drop_0.3,train,max_rss,100,36514.33584960937,27106.2333984375,680624.5,11.896980326725473,0.5732770628715547,1119.4481907894738
2dsa,memory,raw,record,2dsa_arch_128_64_scaler_standard_opt_rmsprop_batch_64_act_relu_drop_0.3,val,max_rss,100,13050.549839477539,9788.30322265625,41811.16796875,0.8814736785337246,0.5644551541663666,3.992603216240876
2dsa,memory,raw,record,2dsa_arch_64_32_scaler_minmax_opt_adam_batch_128_act_elu_drop_0.2,test,max_rss,100,22698.988833007814,20564.5654296875,40541.939453125,0.47464273794651424,0.4804939552728858,0.7106132702964155
2dsa,memory,raw,record,2dsa_arch_64_32_scaler_minmax_opt_adam_batch_128_act_elu_drop_0.2,train,max_rss,100,33411.3306640625,28853.7802734375,66415.078125,0.5991845304186628,0.6082192597060672,0.8324387984400432
2dsa,memory,raw,record,2dsa_arch_64_32_scaler_minmax_opt_adam_batch_128_act_elu_drop_0.2,val,max_rss,100,14108.041130371093,10104.95068359375,45942.861328125,0.8461177214552109,0.5561328356446847,4.538868656015038
2dsa,memory,raw,record,2dsa_arch_64_32_scaler_minmax_opt_adam_batch_128_act_elu_drop_0.3,test,max_rss,100,21104.047124023436,18960.2021484375,38432.166015625,0.4465699959751124,0.453957544659946,0.7075282869112737
2dsa,memory,raw,record,2dsa_arch_64_32_scaler_minmax_opt_adam_batch_128_act_elu_drop_0.3,train,max_rss,100,31720.99306640625,27583.7998046875,64538.4609375,0.5888971860984469,0.5822940432537622,1.4643012152777777
2dsa,memory,raw,record,2dsa_arch_64_32_scaler_minmax_opt_adam_batch_128_act_elu_drop_0.3,val,max_rss,100,14303.979270629883,11604.064453125,43603.7734375,0.8841591728936503,0.5683496013899807,3.240687190802789
2dsa,memory,raw,record,2dsa_arch_64_32_scaler_minmax_opt_adam_batch_128_act_relu_drop_0.2,test,max_rss,100,24392.857919921877,22461.744140625,38963.81640625,1.3104384651768677,0.5474025478400115,3.588551911806457
2dsa,memory,raw,record,2dsa_arch_64_32_scaler_minmax_opt_adam_batch_128_act_relu_drop_0.2,train,max_rss,100,36475.18129882812,32069.58349609375,68028.720703125,0.6580028685819821,0.677866235966425,0.8931201626393308
2dsa,memory,raw,record,2dsa_arch_64_32_scaler_minmax_opt_adam_batch_128_act_relu_drop_0.2,val,max_rss,100,16388.657376098632,12315.224609375,47666.89453125,1.0728094740066831,0.6712631781707127,4.036731865875913
2dsa,memory,raw,record,2dsa_arch_64_32_scaler_minmax_opt_adam_batch_128_act_relu_drop_0.3,test,max_rss,100,24728.816767578126,22901.4248046875,40414.755859375,0.8241390908224261,0.5329111801494317,3.4038954133882218
2dsa,memory,raw,record,2dsa_arch_64_32_scaler_minmax_opt_adam_batch_128_act_relu_drop_0.3,train,max_rss,100,36522.426787109376,32039.96533203125,67695.923828125,0.6589269468181519,0.6747834923698726,0.8675157354416982
2dsa,memory,raw,record,2dsa_arch_64_32_scaler_minmax_opt_adam_batch_128_act_relu_drop_0.3,val,max_rss,100,16654.15375,12236.607666015625,49094.947265625,0.8518851673275881,0.6244377433711896,3.686712192062043
2dsa,memory,raw,record,2dsa_arch_64_32_scaler_minmax_opt_adam_batch_64_act_elu_drop_0.2,test,max_rss,100,21173.954130859376,19107.27294921875,38757.193359375,0.4462563670995406,0.4557685065054663,0.6831042256622883
2dsa,memory,raw,record,2dsa_arch_64_32_scaler_minmax_opt_adam_batch_64_act_elu_drop_0.2,train,max_rss,100,30704.24119140625,27174.43310546875,63739.25390625,0.5735544444357562,0.5687237772710272,1.3858604073422849
2dsa,memory,raw,record,2dsa_arch_64_32_scaler_minmax_opt_adam_batch_64_act_elu_drop_0.2,val,max_rss,100,14602.81266357422,12197.6953125,42598.27734375,1.0074285397377667,0.6065458182331298,3.7637175518608057
2dsa,memory,raw,record,2dsa_arch_64_32_scaler_minmax_opt_adam_batch_64_act_elu_drop_0.3,test,max_rss,100,23086.116953125,21083.4853515625,39902.8359375,0.4841692597323599,0.49880025440172193,0.6760767805916319
2dsa,memory,raw,record,2dsa_arch_64_32_scaler_minmax_opt_adam_batch_64_act_elu_drop_0.3,train,max_rss,100,33995.470234375,29110.443359375,67674.6875,0.6099394246011266,0.6180651740991538,0.8679196495212003
2dsa,memory,raw,record,2dsa_arch_64_32_scaler_minmax_opt_adam_batch_64_act_elu_drop_0.3,val,max_rss,100,14617.314943237305,11169.001953125,45775.548828125,0.8240799903100462,0.5570011460614339,2.9474988405104563
2dsa,memory,raw,record,2dsa_arch_64_32_scaler_minmax_opt_adam_batch_64_act_relu_drop_0.2,test,max_rss,100,21273.20056640625,19571.4189453125,36305.72265625,0.4635303648173233,0.4771309654402883,0.7791821866467734
2dsa,memory,raw,record,2dsa_arch_64_32_scaler_minmax_opt_adam_batch_64_act_relu_drop_0.2,train,max_rss,100,29272.231997070314,27334.49853515625,60634.3046875,0.6032261862606203,0.6097980071091891,2.716741323363431
2dsa,memory,raw,record,2dsa_arch_64_32_scaler_minmax_opt_adam_batch_64_act_relu_drop_0.2,val,max_rss,100,14346.106853027344,11601.0126953125,40679.490234375,0.8574221065573924,0.579593937829083,3.0547195616426803
2dsa,memory,raw,record,2dsa_arch_64_32_scaler_minmax_opt_adam_batch_64_act_relu_drop_0.3,test,max_rss,100,24056.244423828124,22315.53515625,37807.76171875,1.6546686997338975,2.3862414970522967,3.545415859729883
2dsa,memory,raw,record,2dsa_arch_64_32_scaler_minmax_opt_adam_batch_64_act_relu_drop_0.3,train,max_rss,100,35630.302216796874,31799.8173828125,66673.83984375,0.674738679682508,0.6666330495287366,1.9401069417803352
2dsa,memory,raw,record,2dsa_arch_64_32_scaler_minmax_opt_adam_batch_64_act_relu_drop_0.3,val,max_rss,100,16429.870427856444,12317.0810546875,47783.060546875,1.0017606258869236,0.6568648961872193,4.175248631386862
2dsa,memory,raw,record,2dsa_arch_64_32_scaler_minmax_opt_rmsprop_batch_128_act_elu_drop_0.2,test,max_rss,100,24660.063544921875,22838.220703125,41989.630859375,0.5077816281463668,0.49654154703707154,0.6447944053054157
2dsa,memory,raw,record,2dsa_arch_64_32_scaler_minmax_opt_rmsprop_batch_128_act_elu_drop_0.2,train,max_rss,100,36246.69734863281,30748.42578125,68142.6484375,0.7422668792855639,0.6537033834821857,4.685836339703588
2dsa,memory,raw,record,2dsa_arch_64_32_scaler_minmax_opt_rmsprop_batch_128_act_elu_drop_0.2,val,max_rss,100,14309.39142211914,10165.759765625,46383.86328125,0.936905704240392,0.5737438502385936,5.312277275219298
2dsa,memory,raw,record,2dsa_arch_64_32_scaler_minmax_opt_rmsprop_batch_128_act_elu_drop_0.3,test,max_rss,100,23013.5726171875,20864.84228515625,40708.009765625,0.480866184911682,0.48155659395931805,0.6982113805436667
2dsa,memory,raw,record,2dsa_arch_64_32_scaler_minmax_opt_rmsprop_batch_128_act_elu_drop_0.3,train,max_rss,100,33987.64952636719,28979.1572265625,64826.146484375,0.7271307511781003,0.6084417843092953,5.383724770865834
2dsa,memory,raw,record,2dsa_arch_64_32_scaler_minmax_opt_rmsprop_batch_128_act_elu_drop_0.3,val,max_rss,100,14446.266927490235,11308.23095703125,45258.041015625,1.056599417557897,0.5971532467181879,5.180329241071429
2dsa,memory,raw,record,2dsa_arch_64_32_scaler_minmax_opt_rmsprop_batch_128_act_relu_drop_0.2,test,max_rss,100,24657.936181640624,22692.4423828125,40388.74609375,0.9542728313461173,0.5401427354649908,3.4444534925575923
2dsa,memory,raw,record,2dsa_arch_64_32_scaler_minmax_opt_rmsprop_batch_128_act_relu_drop_0.2,train,max_rss,100,36815.31951416015,31928.49560546875,67668.150390625,0.7999127484615383,0.6817502058302136,4.664668852379095
2dsa,memory,raw,record,2dsa_arch_64_32_scaler_minmax_opt_rmsprop_batch_128_act_relu_drop_0.2,val,max_rss,100,16645.62878479004,12295.935546875,49042.60546875,0.9049978611025817,0.6464736813234029,3.77616360629562
2dsa,memory,raw,record,2dsa_arch_64_32_scaler_minmax_opt_rmsprop_batch_128_act_relu_drop_0.3,test,max_rss,100,24467.095302734375,22478.4970703125,39614.29296875,1.1809801355428364,0.5403830750325231,3.5284277280378
2dsa,memory,raw,record,2dsa_arch_64_32_scaler_minmax_opt_rmsprop_batch_128_act_relu_drop_0.3,train,max_rss,100,36709.45897705078,31925.193359375,67748.65234375,0.7870572697896989,0.6794637705886792,4.601341897425897
2dsa,memory,raw,record,2dsa_arch_64_32_scaler_minmax_opt_rmsprop_batch_128_act_relu_drop_0.3,val,max_rss,100,16564.332200927733,12449.74609375,48425.916015625,1.0334534734579464,0.670078397436621,3.9948266423357666
2dsa,memory,raw,record,2dsa_arch_64_32_scaler_minmax_opt_rmsprop_batch_64_act_elu_drop_0.2,test,max_rss,100,24839.614599609376,23081.166015625,42043.28125,0.5107539583534514,0.49924605849927195,0.6253857790853274
2dsa,memory,raw,record,2dsa_arch_64_32_scaler_minmax_opt_rmsprop_batch_64_act_elu_drop_0.2,train,max_rss,100,37019.40134277344,31368.16650390625,69089.98828125,0.7499569416752174,0.6686318070426847,4.447367394695788
2dsa,memory,raw,record,2dsa_arch_64_32_scaler_minmax_opt_rmsprop_batch_64_act_elu_drop_0.2,val,max_rss,100,14582.395376586914,10580.73681640625,46623.083984375,0.9551151844598432,0.5850472433885565,5.2240214794799495
2dsa,memory,raw,record,2dsa_arch_64_32_scaler_minmax_opt_rmsprop_batch_64_act_elu_drop_0.3,test,max_rss,100,26215.48970703125,24389.3466796875,44684.69921875,0.5377756885460516,0.5248427364866723,0.6384255806735566
2dsa,memory,raw,record,2dsa_arch_64_32_scaler_minmax_opt_rmsprop_batch_64_act_elu_drop_0.3,train,max_rss,100,37428.34646484375,31525.8310546875,68812.642578125,0.6448418251058342,0.6542436544222465,0.9561511945062612
2dsa,memory,raw,record,2dsa_arch_64_32_scaler_minmax_opt_rmsprop_batch_64_act_elu_drop_0.3,val,max_rss,100,14384.659133300782,10151.20458984375,47392.125,0.9549413610324486,0.5642147132408609,5.836387355106516
2dsa,memory,raw,record,2dsa_arch_64_32_scaler_minmax_opt_rmsprop_batch_64_act_relu_drop_0.2,test,max_rss,100,24488.713125,22390.7119140625,39431.34375,1.2531863964487644,0.5513817304880485,3.579462149172615
2dsa,memory,raw,record,2dsa_arch_64_32_scaler_minmax_opt_rmsprop_batch_64_act_relu_drop_0.2,train,max_rss,100,36675.83093017578,31960.4541015625,67955.47265625,0.7650497365218546,0.6811166725955731,4.112913172776911
2dsa,memory,raw,record,2dsa_arch_64_32_scaler_minmax_opt_rmsprop_batch_64_act_relu_drop_0.2,val,max_rss,100,16481.14193054199,12389.550048828125,48027.33984375,1.0381948966396553,0.6767007080135499,4.008272125912408
2dsa,memory,raw,record,2dsa_arch_64_32_scaler_minmax_opt_rmsprop_batch_64_act_relu_drop_0.3,test,max_rss,100,24426.291435546875,22228.1982421875,39827.78125,1.1185349172454686,0.5434267062514575,3.4943310578561
2dsa,memory,raw,record,2dsa_arch_64_32_scaler_minmax_opt_rmsprop_batch_64_act_relu_drop_0.3,train,max_rss,100,37128.25479736328,32499.55859375,68127.927734375,0.8102367493151452,0.6843202855661461,5.166673776326053
2dsa,memory,raw,record,2dsa_arch_64_32_scaler_minmax_opt_rmsprop_batch_64_act_relu_drop_0.3,val,max_rss,100,16562.792876586915,12335.943359375,48486.77734375,1.0314411419116025,0.6753548165214516,3.9547428147810217
2dsa,memory,raw,record,2dsa_arch_64_32_scaler_standard_opt_adam_batch_128_act_elu_drop_0.2,test,max_rss,100,20528.263603515625,18103.336547851562,35589.38671875,0.5751271910851589,0.45551387177561853,1.5882005950265743
2dsa,memory,raw,record,2dsa_arch_64_32_scaler_standard_opt_adam_batch_128_act_elu_drop_0.2,train,max_rss,100,26436.47,24485.73046875,56052.9375,0.49977767939300555,0.5082883487646388,0.692552771562624
2dsa,memory,raw,record,2dsa_arch_64_32_scaler_standard_opt_adam_batch_128_act_elu_drop_0.2,val,max_rss,100,12442.94668701172,9682.799560546875,36791.529296875,0.9992984395508517,0.5905779598045597,3.081086529542388
2dsa,memory,raw,record,2dsa_arch_64_32_scaler_standard_opt_adam_batch_128_act_elu_drop_0.3,test,max_rss,100,20795.223271484374,18537.91015625,35757.28515625,0.4465194648360516,0.45136678044779105,0.7705238015585643
2dsa,memory,raw,record,2dsa_arch_64_32_scaler_standard_opt_adam_batch_128_act_elu_drop_0.3,train,max_rss,100,27639.284013671873,24809.7783203125,58460.71484375,0.5127543076821321,0.5160582893855672,0.6691089130689817
2dsa,memory,raw,record,2dsa_arch_64_32_scaler_standard_opt_adam_batch_128_act_elu_drop_0.3,val,max_rss,100,12501.661513671876,9926.56103515625,37517.3359375,0.8228232388417872,0.5311827363312518,2.8229608795255228
2dsa,memory,raw,record,2dsa_arch_64_32_scaler_standard_opt_adam_batch_128_act_relu_drop_0.2,test,max_rss,100,23218.03919921875,20572.75439453125,46861.80859375,1.1955726573466685,0.5008124417998794,37.91408462277508
2dsa,memory,raw,record,2dsa_arch_64_32_scaler_standard_opt_adam_batch_128_act_relu_drop_0.2,train,max_rss,100,31199.2683203125,28200.5712890625,60754.00390625,0.5958353339018307,0.5904794113940668,2.068168525611913
2dsa,memory,raw,record,2dsa_arch_64_32_scaler_standard_opt_adam_batch_128_act_relu_drop_0.2,val,max_rss,100,15197.34464477539,11593.49853515625,46382.259765625,0.7867191148273371,0.5736600548469178,2.822965710731954
2dsa,memory,raw,record,2dsa_arch_64_32_scaler_standard_opt_adam_batch_128_act_relu_drop_0.3,test,max_rss,100,21673.969375,20010.66455078125,36894.390625,1.0020712363519,0.5171739115496297,27.931703832928804
2dsa,memory,raw,record,2dsa_arch_64_32_scaler_standard_opt_adam_batch_128_act_relu_drop_0.3,train,max_rss,100,31696.63642578125,28231.591796875,61895.814453125,0.597073976359629,0.6173712833109986,0.792494586499424
2dsa,memory,raw,record,2dsa_arch_64_32_scaler_standard_opt_adam_batch_128_act_relu_drop_0.3,val,max_rss,100,14268.17836303711,11035.12646484375,42106.521484375,0.7030912332720427,0.5306799719957411,1.9922252415458936
2dsa,memory,raw,record,2dsa_arch_64_32_scaler_standard_opt_adam_batch_64_act_elu_drop_0.2,test,max_rss,100,17053.514088134765,15625.01806640625,32591.80859375,0.43985242602467367,0.41151360892233657,0.9785448116286466
2dsa,memory,raw,record,2dsa_arch_64_32_scaler_standard_opt_adam_batch_64_act_elu_drop_0.2,train,max_rss,100,23945.46458984375,20486.8037109375,53078.81640625,0.4870209214763217,0.4941814903339157,0.8134027106748716
2dsa,memory,raw,record,2dsa_arch_64_32_scaler_standard_opt_adam_batch_64_act_elu_drop_0.2,val,max_rss,100,11296.798796386718,8912.61572265625,32918.328125,1.069441421262531,0.9214864302558212,2.795079548009894
2dsa,memory,raw,record,2dsa_arch_64_32_scaler_standard_opt_adam_batch_64_act_elu_drop_0.3,test,max_rss,100,20485.502705078125,18528.857421875,35532.28125,0.43974740605786616,0.4506500533393425,0.6839179343120277
2dsa,memory,raw,record,2dsa_arch_64_32_scaler_standard_opt_adam_batch_64_act_elu_drop_0.3,train,max_rss,100,26620.4323828125,23655.7431640625,55948.7265625,0.49836790703835765,0.5025001888220499,0.6596146852222718
2dsa,memory,raw,record,2dsa_arch_64_32_scaler_standard_opt_adam_batch_64_act_elu_drop_0.3,val,max_rss,100,11566.603815917968,8703.8310546875,36969.765625,0.7099849686274078,0.4956999627972072,2.8475759381032817
2dsa,memory,raw,record,2dsa_arch_64_32_scaler_standard_opt_adam_batch_64_act_relu_drop_0.2,test,max_rss,100,24118.550537109375,22094.6904296875,38429.302734375,1.7896805594984577,0.5765422890718568,22.412423834445793
2dsa,memory,raw,record,2dsa_arch_64_32_scaler_standard_opt_adam_batch_64_act_relu_drop_0.2,train,max_rss,100,35835.05018066406,31368.8125,66744.7734375,0.6737216442908915,0.667544924396214,2.2906301617114235
2dsa,memory,raw,record,2dsa_arch_64_32_scaler_standard_opt_adam_batch_64_act_relu_drop_0.2,val,max_rss,100,16747.279279785158,13160.5986328125,47839.61328125,1.0881757808618522,0.6614883467094237,4.518180314781022
2dsa,memory,raw,record,2dsa_arch_64_32_scaler_standard_opt_adam_batch_64_act_relu_drop_0.3,test,max_rss,100,21649.20145996094,19794.5380859375,37549.25390625,0.49418084033126136,0.5136299166062988,0.7892174355698631
2dsa,memory,raw,record,2dsa_arch_64_32_scaler_standard_opt_adam_batch_64_act_relu_drop_0.3,train,max_rss,100,31731.538740234377,28407.7685546875,60927.19921875,0.9577509019476601,0.6270450466566904,34.2825927734375
2dsa,memory,raw,record,2dsa_arch_64_32_scaler_standard_opt_adam_batch_64_act_relu_drop_0.3,val,max_rss,100,14642.88369934082,11127.21533203125,44030.4453125,0.5631913529916942,0.5221014365920706,1.018420009053704
2dsa,memory,raw,record,2dsa_arch_64_32_scaler_standard_opt_rmsprop_batch_128_act_elu_drop_0.2,test,max_rss,100,19713.846171569825,17211.646484375,35440.890625,1.0390829606410115,0.4391686956788018,28.6738597289644
2dsa,memory,raw,record,2dsa_arch_64_32_scaler_standard_opt_rmsprop_batch_128_act_elu_drop_0.2,train,max_rss,100,92714.84640625,24006.056640625,6571883.0,108.59118623551029,0.5168515864945364,10809.018092105263
2dsa,memory,raw,record,2dsa_arch_64_32_scaler_standard_opt_rmsprop_batch_128_act_elu_drop_0.2,val,max_rss,100,11371.149237060547,8206.837890625,36996.837890625,0.6686128910214406,0.5000956964365987,4.229210232612782
2dsa,memory,raw,record,2dsa_arch_64_32_scaler_standard_opt_rmsprop_batch_128_act_elu_drop_0.3,test,max_rss,100,21170.70509765625,18413.1484375,42194.8359375,0.689929383279211,0.4551540652801489,13.126812487358414
2dsa,memory,raw,record,2dsa_arch_64_32_scaler_standard_opt_rmsprop_batch_128_act_elu_drop_0.3,train,max_rss,100,29866.000466003417,25988.3955078125,61975.6171875,0.5504269156207094,0.5526353050790651,0.978373751243208
2dsa,memory,raw,record,2dsa_arch_64_32_scaler_standard_opt_rmsprop_batch_128_act_elu_drop_0.3,val,max_rss,100,12509.247908325195,9714.564453125,39486.1796875,0.7600259595739004,0.5438160737506458,2.948365383263998
2dsa,memory,raw,record,2dsa_arch_64_32_scaler_standard_opt_rmsprop_batch_128_act_relu_drop_0.2,test,max_rss,100,23205.474067382813,20305.06005859375,55862.78515625,1.3443417961326636,0.5075194280399651,44.767691899271846
2dsa,memory,raw,record,2dsa_arch_64_32_scaler_standard_opt_rmsprop_batch_128_act_relu_drop_0.2,train,max_rss,100,34176.11029296875,28536.98193359375,200655.171875,4.20366283792124,0.6248225700904204,330.0249537417763
2dsa,memory,raw,record,2dsa_arch_64_32_scaler_standard_opt_rmsprop_batch_128_act_relu_drop_0.2,val,max_rss,100,14525.181920776367,11173.88037109375,43871.068359375,0.5678275106313675,0.5179815085382571,1.5749527532828878
2dsa,memory,raw,record,2dsa_arch_64_32_scaler_standard_opt_rmsprop_batch_128_act_relu_drop_0.3,test,max_rss,100,24843.3113671875,23048.369140625,40074.861328125,1.4476955481929903,0.5347129853643814,29.970014158576053
2dsa,memory,raw,record,2dsa_arch_64_32_scaler_standard_opt_rmsprop_batch_128_act_relu_drop_0.3,train,max_rss,100,39824.961157226564,33996.609375,112999.6484375,2.951229170740375,0.6814199492298286,185.85468493009867
2dsa,memory,raw,record,2dsa_arch_64_32_scaler_standard_opt_rmsprop_batch_128_act_relu_drop_0.3,val,max_rss,100,16758.10662597656,12514.94140625,48891.359375,0.9367924383260338,0.6482566889528378,3.9978661040145984
2dsa,memory,raw,record,2dsa_arch_64_32_scaler_standard_opt_rmsprop_batch_64_act_elu_drop_0.2,test,max_rss,100,19902.86046875,17233.45947265625,37740.892578125,0.6913893589917365,0.4494471058555287,12.013723231442151
2dsa,memory,raw,record,2dsa_arch_64_32_scaler_standard_opt_rmsprop_batch_64_act_elu_drop_0.2,train,max_rss,100,198935.5821484375,24365.57421875,17108634.0,281.90885949174236,0.5275616360940264,28139.200657894737
2dsa,memory,raw,record,2dsa_arch_64_32_scaler_standard_opt_rmsprop_batch_64_act_elu_drop_0.2,val,max_rss,100,11015.714893798828,8229.29443359375,34859.03125,0.8797175329149415,0.5270195711062119,2.487038751545986
2dsa,memory,raw,record,2dsa_arch_64_32_scaler_standard_opt_rmsprop_batch_64_act_elu_drop_0.3,test,max_rss,100,20181.298369140626,17922.1123046875,34825.7421875,0.438859065058316,0.44544788808864877,0.6444711133799764
2dsa,memory,raw,record,2dsa_arch_64_32_scaler_standard_opt_rmsprop_batch_64_act_elu_drop_0.3,train,max_rss,100,175934.09762695312,26308.123046875,14566932.0,240.13408612841252,0.5622327506053204,23958.769736842107
2dsa,memory,raw,record,2dsa_arch_64_32_scaler_standard_opt_rmsprop_batch_64_act_elu_drop_0.3,val,max_rss,100,11787.508825073242,8799.20166015625,38834.056640625,0.7314839262089942,0.5462760501619911,2.6966864744208494
2dsa,memory,raw,record,2dsa_arch_64_32_scaler_standard_opt_rmsprop_batch_64_act_relu_drop_0.2,test,max_rss,100,25080.079306640626,22815.767578125,47248.046875,1.8202660212408717,0.5444157970696053,38.22657514158576
2dsa,memory,raw,record,2dsa_arch_64_32_scaler_standard_opt_rmsprop_batch_64_act_relu_drop_0.2,train,max_rss,100,38941.22651367188,33146.05029296875,103779.8046875,1.125033762476903,0.677004617753596,16.190297143135727
2dsa,memory,raw,record,2dsa_arch_64_32_scaler_standard_opt_rmsprop_batch_64_act_relu_drop_0.2,val,max_rss,100,16707.20382446289,12528.50341796875,49180.84765625,0.9498250285742275,0.6563593099405856,3.845697422445256
2dsa,memory,raw,record,2dsa_arch_64_32_scaler_standard_opt_rmsprop_batch_64_act_relu_drop_0.3,test,max_rss,100,25596.174638671873,23619.435546875,47478.6328125,1.3735376264734231,0.5157905148090747,38.4131333434466
2dsa,memory,raw,record,2dsa_arch_64_32_scaler_standard_opt_rmsprop_batch_64_act_relu_drop_0.3,train,max_rss,100,39444.077255859374,33359.87841796875,97906.3515625,1.1064878232312378,0.6880524516113273,15.274001803822152
2dsa,memory,raw,record,2dsa_arch_64_32_scaler_standard_opt_rmsprop_batch_64_act_relu_drop_0.3,val,max_rss,100,16840.06764831543,12450.78759765625,49719.388671875,0.9083474314618727,0.6624682184657886,3.7327189781021897
2dsa,memory,raw,temporal,2dsa_arch_128_64_scaler_minmax_opt_adam_batch_128_act_elu_drop_0.2,test,max_rss,100,15893.81228515625,14078.83251953125,50831.578125,0.6580065153224944,0.6467001758717854,0.9242850543093122
2dsa,memory,raw,temporal,2dsa_arch_128_64_scaler_minmax_opt_adam_batch_128_act_elu_drop_0.2,train,max_rss,100,51233.984692382815,47021.2890625,79741.7958984375,0.8165126693607263,0.8213380937595367,0.8933869234759132
2dsa,memory,raw,temporal,2dsa_arch_128_64_scaler_minmax_opt_adam_batch_128_act_elu_drop_0.2,val,max_rss,100,19542.65591796875,17258.896240234375,35969.7333984375,0.6718156465352026,0.6724234616818047,0.8136107984265437
2dsa,memory,raw,temporal,2dsa_arch_128_64_scaler_minmax_opt_adam_batch_128_act_elu_drop_0.3,test,max_rss,100,16205.95337158203,14277.360595703125,51073.3388671875,0.6714535993871629,0.6561489897790929,0.9284694489759354
2dsa,memory,raw,temporal,2dsa_arch_128_64_scaler_minmax_opt_adam_batch_128_act_elu_drop_0.3,train,max_rss,100,51886.791362304684,47596.0693359375,80584.9306640625,0.8265070532345901,0.8324581511062912,0.8994609261062434
2dsa,memory,raw,temporal,2dsa_arch_128_64_scaler_minmax_opt_adam_batch_128_act_elu_drop_0.3,val,max_rss,100,20028.56453125,17720.52880859375,36437.87060546875,0.6890884822033945,0.6880908751745332,0.8241997422634868
2dsa,memory,raw,temporal,2dsa_arch_128_64_scaler_minmax_opt_adam_batch_128_act_relu_drop_0.2,test,max_rss,100,16780.0640625,15134.33544921875,50742.873046875,0.7005864044484826,0.6922483942887743,0.917295920029352
2dsa,memory,raw,temporal,2dsa_arch_128_64_scaler_minmax_opt_adam_batch_128_act_relu_drop_0.2,train,max_rss,100,52778.76573730469,48220.256591796875,82518.7958984375,0.84024160208553,0.8357061033787356,0.9179558738740544
2dsa,memory,raw,temporal,2dsa_arch_128_64_scaler_minmax_opt_adam_batch_128_act_relu_drop_0.2,val,max_rss,100,20321.445634765623,17494.93505859375,36035.38916015625,0.6986835250980117,0.6873586605694373,0.8204527350845149
2dsa,memory,raw,temporal,2dsa_arch_128_64_scaler_minmax_opt_adam_batch_128_act_relu_drop_0.3,test,max_rss,100,17163.659125976563,15493.9130859375,50932.29443359375,0.7158672294248873,0.707263375012942,0.9197360850603956
2dsa,memory,raw,temporal,2dsa_arch_128_64_scaler_minmax_opt_adam_batch_128_act_relu_drop_0.3,train,max_rss,100,53540.21291503906,48951.56005859375,83410.3525390625,0.8518370908873965,0.8465892680759143,0.9237104459270667
2dsa,memory,raw,temporal,2dsa_arch_128_64_scaler_minmax_opt_adam_batch_128_act_relu_drop_0.3,val,max_rss,100,20877.633876953125,18235.5302734375,36597.11669921875,0.717830086959176,0.7062561120425963,0.8278017801225684
2dsa,memory,raw,temporal,2dsa_arch_128_64_scaler_minmax_opt_adam_batch_64_act_elu_drop_0.2,test,max_rss,100,9995.503872070312,8362.609619140625,49837.40380859375,0.6044542163880962,0.5543474659612773,1.8235742544561244
2dsa,memory,raw,temporal,2dsa_arch_128_64_scaler_minmax_opt_adam_batch_64_act_elu_drop_0.2,train,max_rss,100,33484.99814453125,30985.427734375,60731.14453125,0.7059479947208892,0.5519985804495544,4.8967238689547585
2dsa,memory,raw,temporal,2dsa_arch_128_64_scaler_minmax_opt_adam_batch_64_act_elu_drop_0.2,val,max_rss,100,13922.7102734375,13622.3193359375,21933.564453125,1.5101881567768334,1.275613166916688,4.913529310490218
2dsa,memory,raw,temporal,2dsa_arch_128_64_scaler_minmax_opt_adam_batch_64_act_elu_drop_0.3,test,max_rss,100,10157.326938476563,8514.566650390625,50296.00927734375,0.620289119374671,0.5742719854033677,2.082737336005831
2dsa,memory,raw,temporal,2dsa_arch_128_64_scaler_minmax_opt_adam_batch_64_act_elu_drop_0.3,train,max_rss,100,34160.96321289062,30526.4658203125,62205.703125,0.7050204367613405,0.5796687051750269,4.535759555382215
2dsa,memory,raw,temporal,2dsa_arch_128_64_scaler_minmax_opt_adam_batch_64_act_elu_drop_0.3,val,max_rss,100,14532.1049609375,13684.3896484375,22516.73046875,1.5687507785660548,1.5918679475108557,4.116929250056217
2dsa,memory,raw,temporal,2dsa_arch_128_64_scaler_minmax_opt_adam_batch_64_act_relu_drop_0.2,test,max_rss,100,9209.480268554687,7521.717041015625,47967.21533203125,0.5042916364246479,0.49510662255826465,0.8772190583937977
2dsa,memory,raw,temporal,2dsa_arch_128_64_scaler_minmax_opt_adam_batch_64_act_relu_drop_0.2,train,max_rss,100,28579.430517578126,26527.01806640625,59081.896484375,0.5418122266050436,0.5386635028182946,1.903161298486786
2dsa,memory,raw,temporal,2dsa_arch_128_64_scaler_minmax_opt_adam_batch_64_act_relu_drop_0.2,val,max_rss,100,12692.179614257813,12106.65185546875,23171.974609375,1.7733115637431465,1.4250383036842456,4.896097159445137
2dsa,memory,raw,temporal,2dsa_arch_128_64_scaler_minmax_opt_adam_batch_64_act_relu_drop_0.3,test,max_rss,100,11897.980478515625,9702.0859375,49195.548828125,0.6827547460340958,0.5491121696692165,2.2157518501531777
2dsa,memory,raw,temporal,2dsa_arch_128_64_scaler_minmax_opt_adam_batch_64_act_relu_drop_0.3,train,max_rss,100,34660.157646484375,32110.248046875,61498.74609375,0.725674088634438,0.6140555766968505,3.9444733570592825
2dsa,memory,raw,temporal,2dsa_arch_128_64_scaler_minmax_opt_adam_batch_64_act_relu_drop_0.3,val,max_rss,100,18755.893837890624,17995.3779296875,26098.47265625,1.6054694579574291,1.717875209246744,2.4904095916953723
2dsa,memory,raw,temporal,2dsa_arch_128_64_scaler_minmax_opt_rmsprop_batch_128_act_elu_drop_0.2,test,max_rss,100,18356.810681152343,16497.189208984375,51509.10888671875,0.7646588787894777,0.7532910122251388,0.9277752905773944
2dsa,memory,raw,temporal,2dsa_arch_128_64_scaler_minmax_opt_rmsprop_batch_128_act_elu_drop_0.2,train,max_rss,100,55677.74594726563,51104.783447265625,85296.81298828125,0.8856349231311317,0.8871170877334433,0.9355540808728848
2dsa,memory,raw,temporal,2dsa_arch_128_64_scaler_minmax_opt_rmsprop_batch_128_act_elu_drop_0.2,val,max_rss,100,22682.340419921875,20706.34423828125,38718.50048828125,0.782094252794495,0.7809439519314448,0.8757860323067462
2dsa,memory,raw,temporal,2dsa_arch_128_64_scaler_minmax_opt_rmsprop_batch_128_act_elu_drop_0.3,test,max_rss,100,18252.525144042967,16391.9580078125,51482.4912109375,0.7596996842735266,0.7488911184511005,0.9277876447243444
2dsa,memory,raw,temporal,2dsa_arch_128_64_scaler_minmax_opt_rmsprop_batch_128_act_elu_drop_0.3,train,max_rss,100,55506.1173828125,50917.431396484375,85125.45068359375,0.8828212742514705,0.8833519095621629,0.9332564077673592
2dsa,memory,raw,temporal,2dsa_arch_128_64_scaler_minmax_opt_rmsprop_batch_128_act_elu_drop_0.3,val,max_rss,100,22533.016206054686,20513.60693359375,38557.60400390625,0.7767455604237721,0.774930438595157,0.8721466637391144
2dsa,memory,raw,temporal,2dsa_arch_128_64_scaler_minmax_opt_rmsprop_batch_128_act_relu_drop_0.2,test,max_rss,100,10264.412648925781,8453.9638671875,51217.50390625,0.5589886079167221,0.5065103133760243,1.298532707190439
2dsa,memory,raw,temporal,2dsa_arch_128_64_scaler_minmax_opt_rmsprop_batch_128_act_relu_drop_0.2,train,max_rss,100,36898.932060546875,32643.109375,116920.765625,1.1227318310278496,0.589049758045309,18.219904202418096
2dsa,memory,raw,temporal,2dsa_arch_128_64_scaler_minmax_opt_rmsprop_batch_128_act_relu_drop_0.2,val,max_rss,100,13319.519658203126,12585.3193359375,25416.5234375,1.2382018477058718,1.1881212198652653,3.9962307805824153
2dsa,memory,raw,temporal,2dsa_arch_128_64_scaler_minmax_opt_rmsprop_batch_128_act_relu_drop_0.3,test,max_rss,100,18276.28695800781,16494.34912109375,51524.09521484375,0.760427628334634,0.7537415175510036,0.9277875554280166
2dsa,memory,raw,temporal,2dsa_arch_128_64_scaler_minmax_opt_rmsprop_batch_128_act_relu_drop_0.3,train,max_rss,100,55493.14338867187,50518.79736328125,85391.44677734375,0.882543833100677,0.8783193104500011,0.9345861617591936
2dsa,memory,raw,temporal,2dsa_arch_128_64_scaler_minmax_opt_rmsprop_batch_128_act_relu_drop_0.3,val,max_rss,100,22444.025517578124,20306.527587890625,38279.21142578125,0.7727846007096116,0.768205432371966,0.8658496137928353
2dsa,memory,raw,temporal,2dsa_arch_128_64_scaler_minmax_opt_rmsprop_batch_64_act_elu_drop_0.2,test,max_rss,100,9914.454616699219,7989.013427734375,52259.515625,0.6150938533886523,0.5493638122598219,1.5480565221512133
2dsa,memory,raw,temporal,2dsa_arch_128_64_scaler_minmax_opt_rmsprop_batch_64_act_elu_drop_0.2,train,max_rss,100,33494.62763183594,30926.2119140625,61581.9453125,0.8384632447017185,0.5420374748835988,9.60716775546022
2dsa,memory,raw,temporal,2dsa_arch_128_64_scaler_minmax_opt_rmsprop_batch_64_act_elu_drop_0.2,val,max_rss,100,14526.6459765625,13751.19140625,21449.3046875,1.748915216291619,1.4474641151318435,4.823295989571621
2dsa,memory,raw,temporal,2dsa_arch_128_64_scaler_minmax_opt_rmsprop_batch_64_act_elu_drop_0.3,test,max_rss,100,10270.295466308593,8478.3740234375,51085.34228515625,0.5443889429156511,0.5498720178817642,0.9342430146697436
2dsa,memory,raw,temporal,2dsa_arch_128_64_scaler_minmax_opt_rmsprop_batch_64_act_elu_drop_0.3,train,max_rss,100,30152.778544921875,27382.83984375,56069.3515625,0.7376459986578134,0.5014396720819015,7.861061817472699
2dsa,memory,raw,temporal,2dsa_arch_128_64_scaler_minmax_opt_rmsprop_batch_64_act_elu_drop_0.3,val,max_rss,100,13155.82640625,11300.71484375,23361.83203125,1.519660228025664,1.1014506861683695,5.194530283758714
2dsa,memory,raw,temporal,2dsa_arch_128_64_scaler_minmax_opt_rmsprop_batch_64_act_relu_drop_0.2,test,max_rss,100,15362.043103027343,13507.41650390625,50940.5751953125,0.6413087455958322,0.6289339416378886,0.9268233917231306
2dsa,memory,raw,temporal,2dsa_arch_128_64_scaler_minmax_opt_rmsprop_batch_64_act_relu_drop_0.2,train,max_rss,100,48948.411162109376,44373.2607421875,77692.3857421875,0.7825272026929612,0.7757134788938794,0.8833705213436094
2dsa,memory,raw,temporal,2dsa_arch_128_64_scaler_minmax_opt_rmsprop_batch_64_act_relu_drop_0.2,val,max_rss,100,18047.538432617188,15263.47607421875,34192.7470703125,0.6242030348588854,0.6258858148549702,0.7889614735543687
2dsa,memory,raw,temporal,2dsa_arch_128_64_scaler_minmax_opt_rmsprop_batch_64_act_relu_drop_0.3,test,max_rss,100,16047.135112304688,14301.55029296875,50869.927734375,0.6707890280591104,0.6611586516925676,0.9228009404117746
2dsa,memory,raw,temporal,2dsa_arch_128_64_scaler_minmax_opt_rmsprop_batch_64_act_relu_drop_0.3,train,max_rss,100,50691.0499609375,46240.45849609375,79966.7021484375,0.807856984592173,0.8028209118077598,0.9001346561108663
2dsa,memory,raw,temporal,2dsa_arch_128_64_scaler_minmax_opt_rmsprop_batch_64_act_relu_drop_0.3,val,max_rss,100,19070.934765625,16266.61572265625,34967.8857421875,0.6571160972648714,0.6550400510872665,0.804430832670119
2dsa,memory,raw,temporal,2dsa_arch_128_64_scaler_standard_opt_adam_batch_128_act_elu_drop_0.2,test,max_rss,100,11263.69814453125,8888.904541015625,49705.5205078125,0.5801604767306355,0.5680785480803645,0.906933911644927
2dsa,memory,raw,temporal,2dsa_arch_128_64_scaler_standard_opt_adam_batch_128_act_elu_drop_0.2,train,max_rss,100,20773.065815429687,18613.8349609375,43087.44921875,0.4502373532647346,0.43051998042182626,1.1092034004891385
2dsa,memory,raw,temporal,2dsa_arch_128_64_scaler_standard_opt_adam_batch_128_act_elu_drop_0.2,val,max_rss,100,9280.922727050782,8163.010009765625,22541.00390625,0.6898017810021415,0.4876316868402004,2.488166838247695
2dsa,memory,raw,temporal,2dsa_arch_128_64_scaler_standard_opt_adam_batch_128_act_elu_drop_0.3,test,max_rss,100,10662.675466308594,8366.097900390625,50098.03955078125,0.5520332097984002,0.5378837962877538,0.9041104957046324
2dsa,memory,raw,temporal,2dsa_arch_128_64_scaler_standard_opt_adam_batch_128_act_elu_drop_0.3,train,max_rss,100,21848.312861328126,19342.7138671875,47815.16796875,0.49077864590551007,0.45000141139610433,0.7843306052408818
2dsa,memory,raw,temporal,2dsa_arch_128_64_scaler_standard_opt_adam_batch_128_act_elu_drop_0.3,val,max_rss,100,8964.846564941407,7881.9622802734375,21318.28515625,0.5932664711190505,0.4186421813255941,2.2175020115386777
2dsa,memory,raw,temporal,2dsa_arch_128_64_scaler_standard_opt_adam_batch_128_act_relu_drop_0.2,test,max_rss,100,10189.162971191407,8631.10693359375,47477.36083984375,0.5502291092815192,0.57087892120836,1.5810804752564491
2dsa,memory,raw,temporal,2dsa_arch_128_64_scaler_standard_opt_adam_batch_128_act_relu_drop_0.2,train,max_rss,100,28929.35703125,25778.9423828125,54592.35546875,0.6851160599111076,0.5330286734528185,5.653568184531932
2dsa,memory,raw,temporal,2dsa_arch_128_64_scaler_standard_opt_adam_batch_128_act_relu_drop_0.2,val,max_rss,100,13380.932036132812,11839.77392578125,24474.255859375,1.5548533469095318,1.3180761492296056,5.503543031116483
2dsa,memory,raw,temporal,2dsa_arch_128_64_scaler_standard_opt_adam_batch_128_act_relu_drop_0.3,test,max_rss,100,10533.799006347655,9061.187866210938,46190.287109375,0.559557212100341,0.5886125849624209,0.8447227941949672
2dsa,memory,raw,temporal,2dsa_arch_128_64_scaler_standard_opt_adam_batch_128_act_relu_drop_0.3,train,max_rss,100,30018.08419921875,27052.876953125,56408.53515625,0.5278696427662662,0.5554652098702567,0.7195720503420889
2dsa,memory,raw,temporal,2dsa_arch_128_64_scaler_standard_opt_adam_batch_128_act_relu_drop_0.3,val,max_rss,100,13328.452299804687,12626.51171875,23600.98046875,1.466990844262902,1.1850647163849688,5.083603148892512
2dsa,memory,raw,temporal,2dsa_arch_128_64_scaler_standard_opt_adam_batch_64_act_elu_drop_0.2,test,max_rss,100,10521.796025390626,8418.55224609375,47190.76123046875,0.5403617764230847,0.5356807646948584,0.8630193528002186
2dsa,memory,raw,temporal,2dsa_arch_128_64_scaler_standard_opt_adam_batch_64_act_elu_drop_0.2,train,max_rss,100,20280.676206054686,18504.072265625,43121.22265625,0.455291627145961,0.42609003818067015,1.1048898740886772
2dsa,memory,raw,temporal,2dsa_arch_128_64_scaler_standard_opt_adam_batch_64_act_elu_drop_0.2,val,max_rss,100,9578.993442382813,8671.4169921875,19875.1015625,0.7428371627238747,0.48020969445260187,2.69383590763436
2dsa,memory,raw,temporal,2dsa_arch_128_64_scaler_standard_opt_adam_batch_64_act_elu_drop_0.3,test,max_rss,100,10868.990078125,8904.933349609375,49459.3271484375,0.5526718595602564,0.5621224431643845,0.9021919551723862
2dsa,memory,raw,temporal,2dsa_arch_128_64_scaler_standard_opt_adam_batch_64_act_elu_drop_0.3,train,max_rss,100,21823.51873046875,19216.2646484375,45569.25390625,0.4399370173358604,0.43423841715386646,0.8863990233805077
2dsa,memory,raw,temporal,2dsa_arch_128_64_scaler_standard_opt_adam_batch_64_act_elu_drop_0.3,val,max_rss,100,9722.716896972655,8374.962890625,20250.76171875,0.7787567982976538,0.5030333245784376,2.8041029240218123
2dsa,memory,raw,temporal,2dsa_arch_128_64_scaler_standard_opt_adam_batch_64_act_relu_drop_0.2,test,max_rss,100,9985.183481445312,8393.40234375,43562.2783203125,0.6774720973462443,0.5584097209419004,2.153721014561751
2dsa,memory,raw,temporal,2dsa_arch_128_64_scaler_standard_opt_adam_batch_64_act_relu_drop_0.2,train,max_rss,100,29900.5177734375,27025.6005859375,58897.599609375,0.6770319176866114,0.5559021944563882,5.844356620155568
2dsa,memory,raw,temporal,2dsa_arch_128_64_scaler_standard_opt_adam_batch_64_act_relu_drop_0.2,val,max_rss,100,14807.289853515626,12834.63671875,25810.666015625,1.612976990395066,1.2524533582961173,6.4630069571167885
2dsa,memory,raw,temporal,2dsa_arch_128_64_scaler_standard_opt_adam_batch_64_act_relu_drop_0.3,test,max_rss,100,10024.069050292968,8507.2607421875,44438.251953125,0.6293280772805376,0.5670904854580745,1.9047412582123096
2dsa,memory,raw,temporal,2dsa_arch_128_64_scaler_standard_opt_adam_batch_64_act_relu_drop_0.3,train,max_rss,100,29834.2810546875,26946.916015625,57883.66796875,0.6558750343033799,0.5598102698037681,5.597207948109989
2dsa,memory,raw,temporal,2dsa_arch_128_64_scaler_standard_opt_adam_batch_64_act_relu_drop_0.3,val,max_rss,100,13893.907973632813,12472.6826171875,25785.724609375,1.3717779140415443,0.8125082795199908,6.037826186131387
2dsa,memory,raw,temporal,2dsa_arch_128_64_scaler_standard_opt_rmsprop_batch_128_act_elu_drop_0.2,test,max_rss,100,10770.693276367187,8852.7783203125,47076.3935546875,0.5833981807917997,0.5822088542556608,0.8503172180607752
2dsa,memory,raw,temporal,2dsa_arch_128_64_scaler_standard_opt_rmsprop_batch_128_act_elu_drop_0.2,train,max_rss,100,100649.43237304688,20125.57421875,7838952.5,129.43078654064456,0.46171276130499134,12893.013980263158
2dsa,memory,raw,temporal,2dsa_arch_128_64_scaler_standard_opt_rmsprop_batch_128_act_elu_drop_0.2,val,max_rss,100,10206.889575195313,9012.41943359375,25117.9609375,0.8065443555571773,0.5272337129580028,2.9362320279120757
2dsa,memory,raw,temporal,2dsa_arch_128_64_scaler_standard_opt_rmsprop_batch_128_act_elu_drop_0.3,test,max_rss,100,10658.190168457031,8677.200073242188,50503.29248046875,0.5944560526315338,0.5736166215593277,0.9192844956714856
2dsa,memory,raw,temporal,2dsa_arch_128_64_scaler_standard_opt_rmsprop_batch_128_act_elu_drop_0.3,train,max_rss,100,124856.61529296875,22610.814453125,10018924.0,165.3573822815702,0.45831648451753904,16478.49342105263
2dsa,memory,raw,temporal,2dsa_arch_128_64_scaler_standard_opt_rmsprop_batch_128_act_elu_drop_0.3,val,max_rss,100,10767.8849609375,9655.4814453125,20386.62109375,0.9708955949740407,0.6510698995559929,3.185503833342703
2dsa,memory,raw,temporal,2dsa_arch_128_64_scaler_standard_opt_rmsprop_batch_128_act_relu_drop_0.2,test,max_rss,100,13546.810333251953,11595.1416015625,47845.8671875,0.9468322177133364,0.6152040037787312,8.704506911330608
2dsa,memory,raw,temporal,2dsa_arch_128_64_scaler_standard_opt_rmsprop_batch_128_act_relu_drop_0.2,train,max_rss,100,41161.427529296874,36450.5185546875,68664.912109375,0.9463828786575442,0.6957901168270917,9.42387504875195
2dsa,memory,raw,temporal,2dsa_arch_128_64_scaler_standard_opt_rmsprop_batch_128_act_relu_drop_0.2,val,max_rss,100,17169.581376953123,16652.2685546875,31260.7255859375,1.5987544515085252,1.9860297313073105,3.267254860454736
2dsa,memory,raw,temporal,2dsa_arch_128_64_scaler_standard_opt_rmsprop_batch_128_act_relu_drop_0.3,test,max_rss,100,13746.6949798584,12125.21533203125,48847.201171875,0.7612642303673052,0.5286438029382075,2.6271596252493588
2dsa,memory,raw,temporal,2dsa_arch_128_64_scaler_standard_opt_rmsprop_batch_128_act_relu_drop_0.3,train,max_rss,100,41959.36891113281,37114.27294921875,69055.22265625,0.9725122358465452,0.7024509389240896,10.61852574102964
2dsa,memory,raw,temporal,2dsa_arch_128_64_scaler_standard_opt_rmsprop_batch_128_act_relu_drop_0.3,val,max_rss,100,16811.053134765625,16157.6162109375,31898.2041015625,1.4091993569577559,1.2849046836189046,3.0953823218599035
2dsa,memory,raw,temporal,2dsa_arch_128_64_scaler_standard_opt_rmsprop_batch_64_act_elu_drop_0.2,test,max_rss,100,10296.935747070313,8286.916748046875,48708.798828125,0.5699210555172705,0.5421993482275123,0.8901038666310053
2dsa,memory,raw,temporal,2dsa_arch_128_64_scaler_standard_opt_rmsprop_batch_64_act_elu_drop_0.2,train,max_rss,100,35263.64111328125,26716.81494140625,745094.0,12.728942249829704,0.49329418006863046,1225.483552631579
2dsa,memory,raw,temporal,2dsa_arch_128_64_scaler_standard_opt_rmsprop_batch_64_act_elu_drop_0.2,val,max_rss,100,11473.051030273438,10134.04296875,20369.5078125,1.038808188905746,0.6503618984622732,4.098447689453565
2dsa,memory,raw,temporal,2dsa_arch_128_64_scaler_standard_opt_rmsprop_batch_64_act_elu_drop_0.3,test,max_rss,100,10458.2873828125,8272.763427734375,49837.85400390625,0.5765412805776218,0.5389777933803241,0.9039603260701844
2dsa,memory,raw,temporal,2dsa_arch_128_64_scaler_standard_opt_rmsprop_batch_64_act_elu_drop_0.3,train,max_rss,100,94770.25491699218,21844.7685546875,7074429.5,116.82646995310068,0.47191768819087376,11635.574835526317
2dsa,memory,raw,temporal,2dsa_arch_128_64_scaler_standard_opt_rmsprop_batch_64_act_elu_drop_0.3,val,max_rss,100,10709.309731445312,8835.5751953125,23345.40234375,0.9204692331615975,0.4780811068493332,3.37392264096582
2dsa,memory,raw,temporal,2dsa_arch_128_64_scaler_standard_opt_rmsprop_batch_64_act_relu_drop_0.2,test,max_rss,100,10925.058509521485,9656.871337890625,44208.8330078125,0.5659418244454614,0.5960986200068772,0.8447082758884804
2dsa,memory,raw,temporal,2dsa_arch_128_64_scaler_standard_opt_rmsprop_batch_64_act_relu_drop_0.2,train,max_rss,100,41381.13349609375,30180.373046875,870946.6875,16.019372972595555,0.5579631978445007,1432.4781044407894
2dsa,memory,raw,temporal,2dsa_arch_128_64_scaler_standard_opt_rmsprop_batch_64_act_relu_drop_0.2,val,max_rss,100,12939.691630859375,12739.94921875,23568.662109375,1.296206636706406,0.9211290337886766,5.027515916629188
2dsa,memory,raw,temporal,2dsa_arch_128_64_scaler_standard_opt_rmsprop_batch_64_act_relu_drop_0.3,test,max_rss,100,10932.164725341798,9022.1982421875,47396.71875,0.5390755036509217,0.498005210873505,0.8913131780499454
2dsa,memory,raw,temporal,2dsa_arch_128_64_scaler_standard_opt_rmsprop_batch_64_act_relu_drop_0.3,train,max_rss,100,25376.501850585937,24005.3115234375,53632.513671875,0.5863415396107132,0.4866241885386599,3.8981660125780033
2dsa,memory,raw,temporal,2dsa_arch_128_64_scaler_standard_opt_rmsprop_batch_64_act_relu_drop_0.3,val,max_rss,100,9495.762802124023,7949.6728515625,24499.11328125,0.7152757972168122,0.5194735143221435,2.3987647044355747
2dsa,memory,raw,temporal,2dsa_arch_64_32_scaler_minmax_opt_adam_batch_128_act_elu_drop_0.2,test,max_rss,100,18619.939926757812,16784.1953125,51496.58642578125,0.7763287086829377,0.7679384454958627,0.9275792494193597
2dsa,memory,raw,temporal,2dsa_arch_64_32_scaler_minmax_opt_adam_batch_128_act_elu_drop_0.2,train,max_rss,100,56028.62859375,51595.689697265625,85559.24951171875,0.8915284164531342,0.8966163393724323,0.9404293201417744
2dsa,memory,raw,temporal,2dsa_arch_64_32_scaler_minmax_opt_adam_batch_128_act_elu_drop_0.2,val,max_rss,100,23010.580610351564,21058.996337890625,39135.47607421875,0.7939208365636296,0.7968132508924051,0.8852177352232243
2dsa,memory,raw,temporal,2dsa_arch_64_32_scaler_minmax_opt_adam_batch_128_act_elu_drop_0.3,test,max_rss,100,18627.173791503905,16776.61328125,51564.51806640625,0.7763306132057523,0.7666947355206621,0.92860855479537
2dsa,memory,raw,temporal,2dsa_arch_64_32_scaler_minmax_opt_adam_batch_128_act_elu_drop_0.3,train,max_rss,100,56086.698037109374,51573.193359375,85703.65673828125,0.8924771618024291,0.8964434125031482,0.940761954537464
2dsa,memory,raw,temporal,2dsa_arch_64_32_scaler_minmax_opt_adam_batch_128_act_elu_drop_0.3,val,max_rss,100,23032.660913085936,21049.16259765625,39087.60302734375,0.7945744875294852,0.7953000864225672,0.8841348796051516
2dsa,memory,raw,temporal,2dsa_arch_64_32_scaler_minmax_opt_adam_batch_128_act_relu_drop_0.2,test,max_rss,100,18846.84865234375,16974.768310546875,51726.321533203125,0.7854689976284008,0.7766338747409778,0.9302714533355964
2dsa,memory,raw,temporal,2dsa_arch_64_32_scaler_minmax_opt_adam_batch_128_act_relu_drop_0.2,train,max_rss,100,56441.74858642578,51743.01123046875,86330.9677734375,0.8980341195029444,0.8949675259273803,0.944680728627121
2dsa,memory,raw,temporal,2dsa_arch_64_32_scaler_minmax_opt_adam_batch_128_act_relu_drop_0.2,val,max_rss,100,23267.082060546876,21278.4619140625,39217.59033203125,0.8025916734206233,0.8000392017131238,0.8870751036424169
2dsa,memory,raw,temporal,2dsa_arch_64_32_scaler_minmax_opt_adam_batch_128_act_relu_drop_0.3,test,max_rss,100,16085.350380859374,14387.74365234375,50774.5205078125,0.6725210884036835,0.6622233992772747,0.9205198925072238
2dsa,memory,raw,temporal,2dsa_arch_64_32_scaler_minmax_opt_adam_batch_128_act_relu_drop_0.3,train,max_rss,100,51072.351591796876,46622.72705078125,80471.6376953125,0.8136597480947168,0.8097187683798754,0.9038764448980496
2dsa,memory,raw,temporal,2dsa_arch_64_32_scaler_minmax_opt_adam_batch_128_act_relu_drop_0.3,val,max_rss,100,19239.84111328125,16393.875,35057.349609375,0.6628118172153062,0.6587816577833049,0.8053061281328788
2dsa,memory,raw,temporal,2dsa_arch_64_32_scaler_minmax_opt_adam_batch_64_act_elu_drop_0.2,test,max_rss,100,9455.095876464844,7639.778076171875,49978.11474609375,0.6022824080852688,0.5381705384342687,1.5139317362380662
2dsa,memory,raw,temporal,2dsa_arch_64_32_scaler_minmax_opt_adam_batch_64_act_elu_drop_0.2,train,max_rss,100,31775.36384765625,28680.0546875,59251.595703125,0.642608495823985,0.5348636813064749,3.7096120563572543
2dsa,memory,raw,temporal,2dsa_arch_64_32_scaler_minmax_opt_adam_batch_64_act_elu_drop_0.2,val,max_rss,100,13246.78740234375,12692.6962890625,19716.576171875,1.5235571134149077,1.2372163827006002,4.433680272515179
2dsa,memory,raw,temporal,2dsa_arch_64_32_scaler_minmax_opt_adam_batch_64_act_elu_drop_0.3,test,max_rss,100,10379.07974609375,8600.691650390625,50618.06982421875,0.6189412548218324,0.5618247323455565,1.5232824856618694
2dsa,memory,raw,temporal,2dsa_arch_64_32_scaler_minmax_opt_adam_batch_64_act_elu_drop_0.3,train,max_rss,100,36156.681953125,32630.2822265625,65016.564453125,0.5973419746186336,0.6047565786629747,0.7441435310700919
2dsa,memory,raw,temporal,2dsa_arch_64_32_scaler_minmax_opt_adam_batch_64_act_elu_drop_0.3,val,max_rss,100,13400.321513671875,12767.962890625,24751.373046875,1.258732938316233,1.2196616466491146,3.872521151900157
2dsa,memory,raw,temporal,2dsa_arch_64_32_scaler_minmax_opt_adam_batch_64_act_relu_drop_0.2,test,max_rss,100,16952.85402832031,15294.064208984375,50808.41259765625,0.7066036694791914,0.6977669358998138,0.9178799715909092
2dsa,memory,raw,temporal,2dsa_arch_64_32_scaler_minmax_opt_adam_batch_64_act_relu_drop_0.2,train,max_rss,100,53158.886650390625,48602.627197265625,82930.80078125,0.8456159831874583,0.8404146894880731,0.9197299737792002
2dsa,memory,raw,temporal,2dsa_arch_64_32_scaler_minmax_opt_adam_batch_64_act_relu_drop_0.2,val,max_rss,100,20611.509443359377,17949.67138671875,36347.39501953125,0.708451317662906,0.6969119538599832,0.8221532463137582
2dsa,memory,raw,temporal,2dsa_arch_64_32_scaler_minmax_opt_adam_batch_64_act_relu_drop_0.3,test,max_rss,100,16655.539169921874,15020.886962890625,50820.7646484375,0.6949244122622836,0.6843593113913315,0.9192045665284788
2dsa,memory,raw,temporal,2dsa_arch_64_32_scaler_minmax_opt_adam_batch_64_act_relu_drop_0.3,train,max_rss,100,52483.52125,47958.264892578125,82109.9990234375,0.8354200151034296,0.8304108323102433,0.9139617879055264
2dsa,memory,raw,temporal,2dsa_arch_64_32_scaler_minmax_opt_adam_batch_64_act_relu_drop_0.3,val,max_rss,100,20185.242431640625,17404.88134765625,35946.7822265625,0.6939052968220364,0.6821893475388092,0.8156492929419579
2dsa,memory,raw,temporal,2dsa_arch_64_32_scaler_minmax_opt_rmsprop_batch_128_act_elu_drop_0.2,test,max_rss,100,13387.173149414062,11686.354248046875,51534.578369140625,0.6063134546587544,0.5276918809879718,1.5952433697278428
2dsa,memory,raw,temporal,2dsa_arch_64_32_scaler_minmax_opt_rmsprop_batch_128_act_elu_drop_0.2,train,max_rss,100,45765.0022265625,41121.31884765625,73531.419921875,0.7333853687393667,0.7379031115834433,0.8389069187050037
2dsa,memory,raw,temporal,2dsa_arch_64_32_scaler_minmax_opt_rmsprop_batch_128_act_elu_drop_0.2,val,max_rss,100,16281.1083203125,13970.39794921875,33198.0771484375,0.7142466075856976,0.5801230504174187,2.5188223802563527
2dsa,memory,raw,temporal,2dsa_arch_64_32_scaler_minmax_opt_rmsprop_batch_128_act_elu_drop_0.3,test,max_rss,100,10044.581643066405,8041.7783203125,52644.246826171875,0.5780869089082199,0.554049242457934,1.2709600438691508
2dsa,memory,raw,temporal,2dsa_arch_64_32_scaler_minmax_opt_rmsprop_batch_128_act_elu_drop_0.3,train,max_rss,100,35947.80165527344,33365.6689453125,62393.865234375,0.74680564603279,0.5975095105391381,5.694910296411856
2dsa,memory,raw,temporal,2dsa_arch_64_32_scaler_minmax_opt_rmsprop_batch_128_act_elu_drop_0.3,val,max_rss,100,12890.80634765625,12840.2900390625,22541.7734375,1.4615471652313454,1.2687003481812518,4.0088064109230945
2dsa,memory,raw,temporal,2dsa_arch_64_32_scaler_minmax_opt_rmsprop_batch_128_act_relu_drop_0.2,test,max_rss,100,16406.863486328126,14697.346923828125,50881.0615234375,0.6849771172525204,0.6763928619078289,0.920902080790174
2dsa,memory,raw,temporal,2dsa_arch_64_32_scaler_minmax_opt_rmsprop_batch_128_act_relu_drop_0.2,train,max_rss,100,51850.99474609375,47281.828125,81347.228515625,0.8259736979405224,0.820999117462141,0.9085379657491474
2dsa,memory,raw,temporal,2dsa_arch_64_32_scaler_minmax_opt_rmsprop_batch_128_act_relu_drop_0.2,val,max_rss,100,19731.842646484376,16790.78125,35517.38671875,0.6785316774006128,0.6704067404237587,0.8091708926925475
2dsa,memory,raw,temporal,2dsa_arch_64_32_scaler_minmax_opt_rmsprop_batch_128_act_relu_drop_0.3,test,max_rss,100,17113.733745117188,15435.42138671875,51068.02783203125,0.7135349915524681,0.705323094788501,0.9222746903631974
2dsa,memory,raw,temporal,2dsa_arch_64_32_scaler_minmax_opt_rmsprop_batch_128_act_relu_drop_0.3,train,max_rss,100,53331.44595703125,48760.68359375,83053.5009765625,0.8479905353154423,0.8434542633367386,0.9196244219603044
2dsa,memory,raw,temporal,2dsa_arch_64_32_scaler_minmax_opt_rmsprop_batch_128_act_relu_drop_0.3,val,max_rss,100,20797.142021484375,18230.99462890625,36534.62890625,0.7151074019886069,0.704085954107292,0.8263883489312372
2dsa,memory,raw,temporal,2dsa_arch_64_32_scaler_minmax_opt_rmsprop_batch_64_act_elu_drop_0.2,test,max_rss,100,17305.534770507813,15476.984130859375,51025.984375,0.7185095071143468,0.7069940001552075,0.9227534794135532
2dsa,memory,raw,temporal,2dsa_arch_64_32_scaler_minmax_opt_rmsprop_batch_64_act_elu_drop_0.2,train,max_rss,100,53865.54549316406,49496.362548828125,83020.869140625,0.8570871133485346,0.8632564119587591,0.9168678113081768
2dsa,memory,raw,temporal,2dsa_arch_64_32_scaler_minmax_opt_rmsprop_batch_64_act_elu_drop_0.2,val,max_rss,100,21384.781313476564,19240.93212890625,37571.22705078125,0.7357207390773841,0.7348168936707076,0.849835490856848
2dsa,memory,raw,temporal,2dsa_arch_64_32_scaler_minmax_opt_rmsprop_batch_64_act_elu_drop_0.3,test,max_rss,100,18398.16866455078,16555.78515625,51464.61474609375,0.766620483896836,0.757853614868693,0.9277359019672052
2dsa,memory,raw,temporal,2dsa_arch_64_32_scaler_minmax_opt_rmsprop_batch_64_act_elu_drop_0.3,train,max_rss,100,55636.06501464844,51255.79248046875,85130.7373046875,0.8851108762197764,0.8901130070945047,0.9353020448718692
2dsa,memory,raw,temporal,2dsa_arch_64_32_scaler_minmax_opt_rmsprop_batch_64_act_elu_drop_0.3,val,max_rss,100,22736.643740234376,20803.524658203125,38884.0361328125,0.7841218046948366,0.7861688652270722,0.8795303355080865
2dsa,memory,raw,temporal,2dsa_arch_64_32_scaler_minmax_opt_rmsprop_batch_64_act_relu_drop_0.2,test,max_rss,100,18012.861884765625,16269.25390625,51273.0390625,0.7492345283586566,0.7407812303331169,0.9236810003703296
2dsa,memory,raw,temporal,2dsa_arch_64_32_scaler_minmax_opt_rmsprop_batch_64_act_relu_drop_0.2,train,max_rss,100,55075.883994140626,50082.5498046875,84989.279296875,0.8757120324871285,0.8722953242778696,0.9318560206797736
2dsa,memory,raw,temporal,2dsa_arch_64_32_scaler_minmax_opt_rmsprop_batch_64_act_relu_drop_0.2,val,max_rss,100,22088.016005859376,19866.69921875,37957.37646484375,0.7601542587057972,0.7556850802333135,0.8585699268229756
2dsa,memory,raw,temporal,2dsa_arch_64_32_scaler_minmax_opt_rmsprop_batch_64_act_relu_drop_0.3,test,max_rss,100,18350.9566796875,16540.560302734375,51486.341796875,0.7635116885737879,0.7557877385464484,0.9269260735704586
2dsa,memory,raw,temporal,2dsa_arch_64_32_scaler_minmax_opt_rmsprop_batch_64_act_relu_drop_0.3,train,max_rss,100,55607.52279785156,50677.072509765625,85513.24951171875,0.8844108189831554,0.880172913728292,0.9348140518567843
2dsa,memory,raw,temporal,2dsa_arch_64_32_scaler_minmax_opt_rmsprop_batch_64_act_relu_drop_0.3,val,max_rss,100,22551.096572265626,20384.80517578125,38463.10400390625,0.7771115981522445,0.7732668074716338,0.8700091382923829
2dsa,memory,raw,temporal,2dsa_arch_64_32_scaler_standard_opt_adam_batch_128_act_elu_drop_0.2,test,max_rss,100,10841.414296875,8983.54345703125,48728.22900390625,0.5973150438843421,0.6023857970977218,0.8911363911396326
2dsa,memory,raw,temporal,2dsa_arch_64_32_scaler_standard_opt_adam_batch_128_act_elu_drop_0.2,train,max_rss,100,28099.073369140624,25867.4833984375,56162.203125,0.486552498906986,0.4987735443239367,0.6809348784638658
2dsa,memory,raw,temporal,2dsa_arch_64_32_scaler_standard_opt_adam_batch_128_act_elu_drop_0.2,val,max_rss,100,11895.749020996094,11392.541015625,22222.806640625,1.0673617513693767,0.7461675292912058,3.630854104592984
2dsa,memory,raw,temporal,2dsa_arch_64_32_scaler_standard_opt_adam_batch_128_act_elu_drop_0.3,test,max_rss,100,10959.542358398438,8851.962646484375,50863.687744140625,0.5884159503771399,0.5871052077193284,0.9301894212640702
2dsa,memory,raw,temporal,2dsa_arch_64_32_scaler_standard_opt_adam_batch_128_act_elu_drop_0.3,train,max_rss,100,27078.64314453125,24623.189453125,55810.466796875,0.47491086433360996,0.5017350071228599,0.6728273437320933
2dsa,memory,raw,temporal,2dsa_arch_64_32_scaler_standard_opt_adam_batch_128_act_elu_drop_0.3,val,max_rss,100,9117.471943359375,8123.090087890625,20798.580078125,0.5723480151773365,0.4906012989814338,1.9354662816927144
2dsa,memory,raw,temporal,2dsa_arch_64_32_scaler_standard_opt_adam_batch_128_act_relu_drop_0.2,test,max_rss,100,13257.576528320313,11010.1650390625,46001.0146484375,2.2298103057176943,0.6704722910567416,8.970680950556313
2dsa,memory,raw,temporal,2dsa_arch_64_32_scaler_standard_opt_adam_batch_128_act_relu_drop_0.2,train,max_rss,100,39717.099326171876,36160.29833984375,67987.8671875,0.8362612373357262,0.6845445317574079,6.1176689255070205
2dsa,memory,raw,temporal,2dsa_arch_64_32_scaler_standard_opt_adam_batch_128_act_relu_drop_0.2,val,max_rss,100,17442.101240234377,16717.8994140625,30661.80078125,1.693856174367603,2.100119477360388,3.352815765464188
2dsa,memory,raw,temporal,2dsa_arch_64_32_scaler_standard_opt_adam_batch_128_act_relu_drop_0.3,test,max_rss,100,13250.012163085938,11157.56884765625,46181.80078125,2.0908941304993642,0.6610893344037299,8.906830083446867
2dsa,memory,raw,temporal,2dsa_arch_64_32_scaler_standard_opt_adam_batch_128_act_relu_drop_0.3,train,max_rss,100,40837.4431640625,36147.6630859375,69053.25,0.9751819772311231,0.6835007584029965,10.77273790951638
2dsa,memory,raw,temporal,2dsa_arch_64_32_scaler_standard_opt_adam_batch_128_act_relu_drop_0.3,val,max_rss,100,17223.606240234374,16757.46875,30842.158203125,1.622319744088485,2.0132502478259178,3.2673344458884688
2dsa,memory,raw,temporal,2dsa_arch_64_32_scaler_standard_opt_adam_batch_64_act_elu_drop_0.2,test,max_rss,100,10728.581962890625,8690.824951171875,49236.1142578125,0.5564396815349602,0.5633056949841917,0.9004245397452955
2dsa,memory,raw,temporal,2dsa_arch_64_32_scaler_standard_opt_adam_batch_64_act_elu_drop_0.2,train,max_rss,100,21578.55583984375,19034.83203125,46566.97265625,0.45049641821062136,0.43667187748525427,0.9156074463816748
2dsa,memory,raw,temporal,2dsa_arch_64_32_scaler_standard_opt_adam_batch_64_act_elu_drop_0.2,val,max_rss,100,9138.651552734374,8055.174072265625,18185.51953125,0.7076900350602148,0.4930310195400658,2.651250140544187
2dsa,memory,raw,temporal,2dsa_arch_64_32_scaler_standard_opt_adam_batch_64_act_elu_drop_0.3,test,max_rss,100,11548.756905517577,9370.946044921875,52448.528564453125,0.6486843423093953,0.6287839992070807,0.9528949860540568
2dsa,memory,raw,temporal,2dsa_arch_64_32_scaler_standard_opt_adam_batch_64_act_elu_drop_0.3,train,max_rss,100,26134.24240234375,23894.7734375,54209.81640625,0.47767729000630277,0.49720239302300534,0.6907677357477692
2dsa,memory,raw,temporal,2dsa_arch_64_32_scaler_standard_opt_adam_batch_64_act_elu_drop_0.3,val,max_rss,100,9680.85033203125,8910.8603515625,20894.90234375,0.7430804283746039,0.5654100315233932,2.6373654728609175
2dsa,memory,raw,temporal,2dsa_arch_64_32_scaler_standard_opt_adam_batch_64_act_relu_drop_0.2,test,max_rss,100,13244.811701660155,11277.14990234375,46729.82421875,1.1326745864194252,0.5659600580030423,8.50209149352861
2dsa,memory,raw,temporal,2dsa_arch_64_32_scaler_standard_opt_adam_batch_64_act_relu_drop_0.2,train,max_rss,100,40461.63899414062,36223.5146484375,67867.0078125,0.8938789090832862,0.6804151427869132,8.989441546411857
2dsa,memory,raw,temporal,2dsa_arch_64_32_scaler_standard_opt_adam_batch_64_act_relu_drop_0.2,val,max_rss,100,17237.015380859375,16790.9248046875,31102.875,1.636386645199125,2.022288096892548,3.2811478516855703
2dsa,memory,raw,temporal,2dsa_arch_64_32_scaler_standard_opt_adam_batch_64_act_relu_drop_0.3,test,max_rss,100,10685.349643554688,8847.6845703125,48783.33837890625,0.5986965710229802,0.5539592811613947,1.350015974547592
2dsa,memory,raw,temporal,2dsa_arch_64_32_scaler_standard_opt_adam_batch_64_act_relu_drop_0.3,train,max_rss,100,35700.64092773438,33101.728515625,64933.716796875,1.123196797665934,0.6095622545958939,49.051542583264805
2dsa,memory,raw,temporal,2dsa_arch_64_32_scaler_standard_opt_adam_batch_64_act_relu_drop_0.3,val,max_rss,100,14012.563193359376,12931.8935546875,27290.677734375,1.2252381768477878,0.9916563930618943,4.434005720148415
2dsa,memory,raw,temporal,2dsa_arch_64_32_scaler_standard_opt_rmsprop_batch_128_act_elu_drop_0.2,test,max_rss,100,10598.06061279297,8854.4462890625,48545.5634765625,0.585726400937543,0.5879336393718927,0.8877958244465628
2dsa,memory,raw,temporal,2dsa_arch_64_32_scaler_standard_opt_rmsprop_batch_128_act_elu_drop_0.2,train,max_rss,100,39105.76856445312,26449.2666015625,1010282.875,17.112594331423352,0.5233115556904846,1661.6494654605262
2dsa,memory,raw,temporal,2dsa_arch_64_32_scaler_standard_opt_rmsprop_batch_128_act_elu_drop_0.2,val,max_rss,100,11733.513037109375,10436.6767578125,22271.138671875,1.0854460516110904,0.5620823396091987,4.540964677732179
2dsa,memory,raw,temporal,2dsa_arch_64_32_scaler_standard_opt_rmsprop_batch_128_act_elu_drop_0.3,test,max_rss,100,10236.38639404297,8641.267333984375,48691.72021484375,0.5714400768762107,0.5836430078826778,0.890468722496731
2dsa,memory,raw,temporal,2dsa_arch_64_32_scaler_standard_opt_rmsprop_batch_128_act_elu_drop_0.3,train,max_rss,100,44709.595419921876,27297.419921875,1493675.625,25.093411342527574,0.5349507701434604,2456.7033305921054
2dsa,memory,raw,temporal,2dsa_arch_64_32_scaler_standard_opt_rmsprop_batch_128_act_elu_drop_0.3,val,max_rss,100,9956.648830566406,8911.7236328125,22965.3203125,0.8023861872716077,0.5165721582334559,3.3048724034461436
2dsa,memory,raw,temporal,2dsa_arch_64_32_scaler_standard_opt_rmsprop_batch_128_act_relu_drop_0.2,test,max_rss,100,14306.716691894531,12630.08544921875,53453.698486328125,0.7016705758882609,0.5655248771760584,1.910887628241664
2dsa,memory,raw,temporal,2dsa_arch_64_32_scaler_standard_opt_rmsprop_batch_128_act_relu_drop_0.2,train,max_rss,100,44036.101640625,40064.71533203125,72099.1181640625,0.7187018572143806,0.7301780032597949,0.8284199151834286
2dsa,memory,raw,temporal,2dsa_arch_64_32_scaler_standard_opt_rmsprop_batch_128_act_relu_drop_0.2,val,max_rss,100,16321.611533203126,14248.73681640625,33411.7958984375,0.8130017704335688,0.5962598505096115,3.006403283227848
2dsa,memory,raw,temporal,2dsa_arch_64_32_scaler_standard_opt_rmsprop_batch_128_act_relu_drop_0.3,test,max_rss,100,14798.724208068848,13276.21435546875,53593.533935546875,0.6405112271964641,0.5785439657125482,1.676303066667854
2dsa,memory,raw,temporal,2dsa_arch_64_32_scaler_standard_opt_rmsprop_batch_128_act_relu_drop_0.3,train,max_rss,100,45259.10957519531,41030.69580078125,73244.1640625,0.7363520761069624,0.7472799649796631,0.843371926217649
2dsa,memory,raw,temporal,2dsa_arch_64_32_scaler_standard_opt_rmsprop_batch_128_act_relu_drop_0.3,val,max_rss,100,16741.935068359377,14924.919921875,34332.0498046875,0.6953408935768722,0.6027355940309185,3.0133451000963127
2dsa,memory,raw,temporal,2dsa_arch_64_32_scaler_standard_opt_rmsprop_batch_64_act_elu_drop_0.2,test,max_rss,100,10305.680388793946,8458.894775390625,53857.21600341797,0.5525092111353909,0.5582960105819996,0.9849347305904788
2dsa,memory,raw,temporal,2dsa_arch_64_32_scaler_standard_opt_rmsprop_batch_64_act_elu_drop_0.2,train,max_rss,100,44280.740423583986,28614.267578125,1390105.5,23.40006432623631,0.5427628984395076,2286.357730263158
2dsa,memory,raw,temporal,2dsa_arch_64_32_scaler_standard_opt_rmsprop_batch_64_act_elu_drop_0.2,val,max_rss,100,11851.949853515625,11049.14208984375,23068.595703125,1.0739757215297605,0.5546305127205164,4.2154639012255455
2dsa,memory,raw,temporal,2dsa_arch_64_32_scaler_standard_opt_rmsprop_batch_64_act_elu_drop_0.3,test,max_rss,100,10266.522763671876,8393.942626953125,52913.615478515625,0.5710103400549817,0.5565316975601303,0.9579849749641672
2dsa,memory,raw,temporal,2dsa_arch_64_32_scaler_standard_opt_rmsprop_batch_64_act_elu_drop_0.3,train,max_rss,100,53885.85694824219,27314.7138671875,2379516.5,39.65042938017878,0.5403419132807317,3913.678453947368
2dsa,memory,raw,temporal,2dsa_arch_64_32_scaler_standard_opt_rmsprop_batch_64_act_elu_drop_0.3,val,max_rss,100,10547.147067871094,9379.3662109375,22634.75,0.8711394427211762,0.536533114920815,3.3108099561502136
2dsa,memory,raw,temporal,2dsa_arch_64_32_scaler_standard_opt_rmsprop_batch_64_act_relu_drop_0.2,test,max_rss,100,13429.428255615234,11181.48876953125,47419.7841796875,1.983121838220277,0.7033472201296704,9.099849745969571
2dsa,memory,raw,temporal,2dsa_arch_64_32_scaler_standard_opt_rmsprop_batch_64_act_relu_drop_0.2,train,max_rss,100,42866.76283203125,36120.49462890625,142318.234375,1.290938903899888,0.6846646990831646,22.20253266380655
2dsa,memory,raw,temporal,2dsa_arch_64_32_scaler_standard_opt_rmsprop_batch_64_act_relu_drop_0.2,val,max_rss,100,17296.10439453125,16690.888671875,30614.8837890625,1.614743141583911,2.018883019090795,3.272529651727578
2dsa,memory,raw,temporal,2dsa_arch_64_32_scaler_standard_opt_rmsprop_batch_64_act_relu_drop_0.3,test,max_rss,100,13797.596001281738,12157.7998046875,49181.22607421875,0.9161590184664361,0.5505584583831524,4.606335859666874
2dsa,memory,raw,temporal,2dsa_arch_64_32_scaler_standard_opt_rmsprop_batch_64_act_relu_drop_0.3,train,max_rss,100,41899.94892578125,37327.03369140625,69369.603515625,0.9380456140098361,0.7049128616892273,9.891327028081124
2dsa,memory,raw,temporal,2dsa_arch_64_32_scaler_standard_opt_rmsprop_batch_64_act_relu_drop_0.3,val,max_rss,100,17055.25978515625,16367.5869140625,31944.0859375,1.4901951638539983,1.565999999814812,4.773411921801545
ga,cpu,raw,record,ga_arch_128_64_scaler_minmax_opt_adam_batch_128_act_elu_drop_0.2,test,CPUTime,100,198021.9480859375,158707.9462890625,698878.978515625,0.8840577398763263,0.8824696831060642,0.9688955318508264
ga,cpu,raw,record,ga_arch_128_64_scaler_minmax_opt_adam_batch_128_act_elu_drop_0.2,train,CPUTime,100,128007.82123046875,109230.65234375,407972.9873046875,0.8611867156289216,0.8656499978820968,0.9729255693772566
ga,cpu,raw,record,ga_arch_128_64_scaler_minmax_opt_adam_batch_128_act_elu_drop_0.2,val,CPUTime,100,126460.789296875,75928.4384765625,467636.365234375,0.8275259780440802,0.8107986759777999,0.9632910128690596
ga,cpu,raw,record,ga_arch_128_64_scaler_minmax_opt_adam_batch_128_act_elu_drop_0.3,test,CPUTime,100,198675.7005859375,159325.2421875,699635.041015625,0.8875326932195147,0.8861620443668705,0.969868457839852
ga,cpu,raw,record,ga_arch_128_64_scaler_minmax_opt_adam_batch_128_act_elu_drop_0.3,train,CPUTime,100,128499.05551757812,109658.5546875,407678.44140625,0.8647853424453044,0.8690614910848574,0.9722231423910036
ga,cpu,raw,record,ga_arch_128_64_scaler_minmax_opt_adam_batch_128_act_elu_drop_0.3,val,CPUTime,100,126745.06045898437,76292.3017578125,467789.564453125,0.8302554709896137,0.8144213824311483,0.963606590188472
ga,cpu,raw,record,ga_arch_128_64_scaler_minmax_opt_adam_batch_128_act_relu_drop_0.2,test,CPUTime,100,197825.36379882813,158891.20703125,697918.802734375,0.88306151593912,0.8827124154679835,0.9689454899309736
ga,cpu,raw,record,ga_arch_128_64_scaler_minmax_opt_adam_batch_128_act_relu_drop_0.2,train,CPUTime,100,127804.2715625,109363.373046875,406912.572265625,0.8600366399288063,0.8658750687713334,0.970396713453554
ga,cpu,raw,record,ga_arch_128_64_scaler_minmax_opt_adam_batch_128_act_relu_drop_0.2,val,CPUTime,100,126961.45557617188,75877.9169921875,468439.23046875,0.8321240571930255,0.8159284422392912,0.9649448467500726
ga,cpu,raw,record,ga_arch_128_64_scaler_minmax_opt_adam_batch_128_act_relu_drop_0.3,test,CPUTime,100,197771.44489257812,158814.7314453125,697931.396484375,0.8827688657674037,0.8822950390026012,0.9688700076087676
ga,cpu,raw,record,ga_arch_128_64_scaler_minmax_opt_adam_batch_128_act_relu_drop_0.3,train,CPUTime,100,127732.02879882812,109377.5439453125,406875.0380859375,0.8595858768389739,0.8667422877076563,0.9703072027156378
ga,cpu,raw,record,ga_arch_128_64_scaler_minmax_opt_adam_batch_128_act_relu_drop_0.3,val,CPUTime,100,126995.82221679688,76056.453125,468512.0390625,0.832361939883343,0.8169164286784217,0.9650948262410473
ga,cpu,raw,record,ga_arch_128_64_scaler_minmax_opt_adam_batch_64_act_elu_drop_0.2,test,CPUTime,100,199149.60275390625,159680.6123046875,700341.8359375,0.8900447184118263,0.8886565255541055,0.970510172936202
ga,cpu,raw,record,ga_arch_128_64_scaler_minmax_opt_adam_batch_64_act_elu_drop_0.2,train,CPUTime,100,128955.55846679688,109913.05859375,408437.2822265625,0.8681265391821037,0.8712286072019856,0.9740328103350676
ga,cpu,raw,record,ga_arch_128_64_scaler_minmax_opt_adam_batch_64_act_elu_drop_0.2,val,CPUTime,100,126743.77103515626,76164.89892578125,467599.490234375,0.8307248339625584,0.8176256219384808,0.963215053515296
ga,cpu,raw,record,ga_arch_128_64_scaler_minmax_opt_adam_batch_64_act_elu_drop_0.3,test,CPUTime,100,199513.88250976562,159862.169921875,701086.244140625,0.8919378452392686,0.8898284025905561,0.9710288042211476
ga,cpu,raw,record,ga_arch_128_64_scaler_minmax_opt_adam_batch_64_act_elu_drop_0.3,train,CPUTime,100,129094.97548828126,109957.91552734375,408092.1748046875,0.8690469966550083,0.8718467878853482,0.9732098052700942
ga,cpu,raw,record,ga_arch_128_64_scaler_minmax_opt_adam_batch_64_act_elu_drop_0.3,val,CPUTime,100,127155.30912109376,76256.1416015625,467321.87109375,1.652929867469514,0.8177922770211834,55.54359489889706
ga,cpu,raw,record,ga_arch_128_64_scaler_minmax_opt_adam_batch_64_act_relu_drop_0.2,test,CPUTime,100,197422.5529296875,158488.9208984375,697507.68359375,0.8809176506942694,0.8803763901346969,0.968354675001828
ga,cpu,raw,record,ga_arch_128_64_scaler_minmax_opt_adam_batch_64_act_relu_drop_0.2,train,CPUTime,100,127442.88237304687,109149.728515625,406774.494140625,0.8574187774900185,0.8650396130678333,0.9700674275876644
ga,cpu,raw,record,ga_arch_128_64_scaler_minmax_opt_adam_batch_64_act_relu_drop_0.2,val,CPUTime,100,126878.97643554688,76049.9423828125,468493.626953125,0.8311672350846803,0.8165470940697099,0.9650568988666864
ga,cpu,raw,record,ga_arch_128_64_scaler_minmax_opt_adam_batch_64_act_relu_drop_0.3,test,CPUTime,100,198058.28875976562,159011.060546875,698389.66796875,0.8842865859955967,0.8836993776627835,0.9692423599651036
ga,cpu,raw,record,ga_arch_128_64_scaler_minmax_opt_adam_batch_64_act_relu_drop_0.3,train,CPUTime,100,127957.782734375,109508.92822265625,406894.40625,0.8611554125233039,0.8676475203524612,0.970353391514001
ga,cpu,raw,record,ga_arch_128_64_scaler_minmax_opt_adam_batch_64_act_relu_drop_0.3,val,CPUTime,100,126994.6947265625,75944.2236328125,468411.54296875,0.832418407114302,0.8168316723361132,0.9648878128624162
ga,cpu,raw,record,ga_arch_128_64_scaler_minmax_opt_rmsprop_batch_128_act_elu_drop_0.2,test,CPUTime,100,196954.86899414062,157626.896484375,697694.744140625,0.87835702102704,0.8771996060073148,0.9674162052289468
ga,cpu,raw,record,ga_arch_128_64_scaler_minmax_opt_rmsprop_batch_128_act_elu_drop_0.2,train,CPUTime,100,127308.48500976563,108644.64892578125,408844.07421875,0.8567365130884663,0.8616749928714453,0.9750029194916364
ga,cpu,raw,record,ga_arch_128_64_scaler_minmax_opt_rmsprop_batch_128_act_elu_drop_0.2,val,CPUTime,100,124982.4561328125,74228.095703125,465203.01171875,1.5757673339150424,0.7942141178671233,51.64216452205882
ga,cpu,raw,record,ga_arch_128_64_scaler_minmax_opt_rmsprop_batch_128_act_elu_drop_0.3,test,CPUTime,100,197229.64852539063,157886.3359375,698053.8125,0.8798131740016576,0.8786439678856326,0.9678030514436003
ga,cpu,raw,record,ga_arch_128_64_scaler_minmax_opt_rmsprop_batch_128_act_elu_drop_0.3,train,CPUTime,100,127570.22916992188,108779.95947265625,409339.4580078125,0.8586084486354906,0.8625573713175987,0.97618430053899
ga,cpu,raw,record,ga_arch_128_64_scaler_minmax_opt_rmsprop_batch_128_act_elu_drop_0.3,val,CPUTime,100,124724.40004882813,74171.70166015625,465375.216796875,0.8126133435958097,0.7943209908108286,0.9586332400127612
ga,cpu,raw,record,ga_arch_128_64_scaler_minmax_opt_rmsprop_batch_128_act_relu_drop_0.2,test,CPUTime,100,198021.22686523438,159041.8662109375,698242.9453125,0.8840854318275952,0.8837686138525748,0.96921615181728
ga,cpu,raw,record,ga_arch_128_64_scaler_minmax_opt_rmsprop_batch_128_act_relu_drop_0.2,train,CPUTime,100,127990.45364257813,109317.5380859375,407216.3349609375,0.8612406520347107,0.8655824124015555,0.9711211204669816
ga,cpu,raw,record,ga_arch_128_64_scaler_minmax_opt_rmsprop_batch_128_act_relu_drop_0.2,val,CPUTime,100,126933.04158203125,75751.525390625,468303.80078125,0.8319422110200427,0.8159999314254163,0.9646658731489092
ga,cpu,raw,record,ga_arch_128_64_scaler_minmax_opt_rmsprop_batch_128_act_relu_drop_0.3,test,CPUTime,100,197985.53900390625,159026.630859375,698179.2578125,0.8839054044379481,0.8835174173735387,0.9691658943566974
ga,cpu,raw,record,ga_arch_128_64_scaler_minmax_opt_rmsprop_batch_128_act_relu_drop_0.3,train,CPUTime,100,127970.14512695312,109355.85595703125,407329.7158203125,0.8611145137304926,0.866031658708252,0.971391508802966
ga,cpu,raw,record,ga_arch_128_64_scaler_minmax_opt_rmsprop_batch_128_act_relu_drop_0.3,val,CPUTime,100,127091.69639648437,76019.9130859375,468536.7890625,0.8333554515178447,0.8168154248760767,0.965145809129336
ga,cpu,raw,record,ga_arch_128_64_scaler_minmax_opt_rmsprop_batch_64_act_elu_drop_0.2,test,CPUTime,100,197468.5900097656,158060.0185546875,698422.203125,0.8810852039151357,0.8799165090279932,0.968109638982132
ga,cpu,raw,record,ga_arch_128_64_scaler_minmax_opt_rmsprop_batch_64_act_elu_drop_0.2,train,CPUTime,100,127830.07215820313,109122.38037109375,409715.2001953125,0.8606067252142965,0.8643538006690346,0.9770803627614612
ga,cpu,raw,record,ga_arch_128_64_scaler_minmax_opt_rmsprop_batch_64_act_elu_drop_0.2,val,CPUTime,100,124807.09573242188,74313.20849609375,465359.408203125,0.8135648109501021,0.7975178441537867,0.9586006756584518
ga,cpu,raw,record,ga_arch_128_64_scaler_minmax_opt_rmsprop_batch_64_act_elu_drop_0.3,test,CPUTime,100,196712.9048828125,157469.1875,697354.783203125,0.8770686655194372,0.8757482765142921,0.967084357122868
ga,cpu,raw,record,ga_arch_128_64_scaler_minmax_opt_rmsprop_batch_64_act_elu_drop_0.3,train,CPUTime,100,127172.250703125,108576.78662109375,409471.7109375,0.8556942145464042,0.8605286981019201,0.9764996945991902
ga,cpu,raw,record,ga_arch_128_64_scaler_minmax_opt_rmsprop_batch_64_act_elu_drop_0.3,val,CPUTime,100,124967.62944335937,74384.7939453125,465938.166015625,0.8141027996751289,0.7943929584202736,0.959792867371621
ga,cpu,raw,record,ga_arch_128_64_scaler_minmax_opt_rmsprop_batch_64_act_relu_drop_0.2,test,CPUTime,100,198731.4930566406,159604.521484375,699278.83203125,0.8878474336516204,0.8872179593222353,0.9701887866656989
ga,cpu,raw,record,ga_arch_128_64_scaler_minmax_opt_rmsprop_batch_64_act_relu_drop_0.2,train,CPUTime,100,128505.19200195312,109735.70849609375,407152.408203125,0.8649075073831498,0.8678705166144052,0.9709686692528604
ga,cpu,raw,record,ga_arch_128_64_scaler_minmax_opt_rmsprop_batch_64_act_relu_drop_0.2,val,CPUTime,100,127214.82891601563,76298.67138671875,468427.76953125,0.8344049389291218,0.8200384234872977,0.9649212381966888
ga,cpu,raw,record,ga_arch_128_64_scaler_minmax_opt_rmsprop_batch_64_act_relu_drop_0.3,test,CPUTime,100,197441.14755859374,158587.5068359375,697431.626953125,0.8810089599844588,0.8808686051752082,0.96842766614922
ga,cpu,raw,record,ga_arch_128_64_scaler_minmax_opt_rmsprop_batch_64_act_relu_drop_0.3,train,CPUTime,100,127559.66284179688,108973.97265625,407447.5302734375,0.8580261057358095,0.8631111650013032,0.9716724702819226
ga,cpu,raw,record,ga_arch_128_64_scaler_minmax_opt_rmsprop_batch_64_act_relu_drop_0.3,val,CPUTime,100,127161.24672851563,76384.72119140625,468821.419921875,0.8338586888231865,0.8197059365961772,0.9657321244144692
ga,cpu,raw,record,ga_arch_128_64_scaler_standard_opt_adam_batch_128_act_elu_drop_0.2,test,CPUTime,100,192411.73134765626,154132.8486328125,687240.8359375,0.856212676133846,0.8587710932967991,0.9607638648407968
ga,cpu,raw,record,ga_arch_128_64_scaler_standard_opt_adam_batch_128_act_elu_drop_0.2,train,CPUTime,100,125278.64886705398,108141.7802734375,405566.349609375,0.8464937833730422,0.8488257547763609,1.0002944884739036
ga,cpu,raw,record,ga_arch_128_64_scaler_standard_opt_adam_batch_128_act_elu_drop_0.2,val,CPUTime,100,138095.53285452843,89520.38329696655,485494.05490112305,22.76157320118058,1.000079731241294,866.6028065286624
ga,cpu,raw,record,ga_arch_128_64_scaler_standard_opt_adam_batch_128_act_elu_drop_0.3,test,CPUTime,100,189877.00009765624,151485.876953125,683740.13671875,0.8428502098387354,0.8453946128603058,0.9570741053479872
ga,cpu,raw,record,ga_arch_128_64_scaler_standard_opt_adam_batch_128_act_elu_drop_0.3,train,CPUTime,100,123423.91457210541,106783.3759765625,404495.06640625,0.836945609424175,0.8376420507996984,1.000594746233714
ga,cpu,raw,record,ga_arch_128_64_scaler_standard_opt_adam_batch_128_act_elu_drop_0.3,val,CPUTime,100,137123.311227417,87365.20432662964,485548.667098999,22.806310221070586,0.9996935967372524,820.6787420382166
ga,cpu,raw,record,ga_arch_128_64_scaler_standard_opt_adam_batch_128_act_relu_drop_0.2,test,CPUTime,100,193709.05080078126,155409.158203125,688119.40625,0.8632634758818688,0.8670625078358141,0.962578827143252
ga,cpu,raw,record,ga_arch_128_64_scaler_standard_opt_adam_batch_128_act_relu_drop_0.2,train,CPUTime,100,126462.00378662109,109364.69287109375,406228.32421875,0.8576655558071871,0.8581285257384487,0.9687649328177838
ga,cpu,raw,record,ga_arch_128_64_scaler_standard_opt_adam_batch_128_act_relu_drop_0.2,val,CPUTime,100,135211.33573730467,85393.86450195312,480523.173828125,23.474100959845938,0.9147945334849918,988.2103901273886
ga,cpu,raw,record,ga_arch_128_64_scaler_standard_opt_adam_batch_128_act_relu_drop_0.3,test,CPUTime,100,194113.0696484375,155831.095703125,688743.46875,0.8653873841920137,0.86902416884114,0.9631777198509288
ga,cpu,raw,record,ga_arch_128_64_scaler_standard_opt_adam_batch_128_act_relu_drop_0.3,train,CPUTime,100,126612.5633959961,109778.498046875,405859.115234375,0.8579829025775709,0.860547828136113,0.9678844508434368
ga,cpu,raw,record,ga_arch_128_64_scaler_standard_opt_adam_batch_128_act_relu_drop_0.3,val,CPUTime,100,135597.984296875,85795.62609863281,480782.056640625,23.674516032510475,0.9158712759880615,967.3043391719746
ga,cpu,raw,record,ga_arch_128_64_scaler_standard_opt_adam_batch_64_act_elu_drop_0.2,test,CPUTime,100,194419.3894140625,156268.9736328125,690440.69921875,0.8658076051560163,0.8683051534967481,0.9637722207300198
ga,cpu,raw,record,ga_arch_128_64_scaler_standard_opt_adam_batch_64_act_elu_drop_0.2,train,CPUTime,100,126557.86200710297,109084.66552734375,406620.9541015625,0.8546833628093771,0.8587791450766249,1.0000956941165169
ga,cpu,raw,record,ga_arch_128_64_scaler_standard_opt_adam_batch_64_act_elu_drop_0.2,val,CPUTime,100,137936.08553702474,89805.71671104431,485486.2665939331,20.305936719065553,1.0000212782074356,710.0219446656051
ga,cpu,raw,record,ga_arch_128_64_scaler_standard_opt_adam_batch_64_act_elu_drop_0.3,test,CPUTime,100,194062.1782421875,155637.8876953125,690032.68359375,0.8639397834615703,0.8663503027143018,0.9629854104937534
ga,cpu,raw,record,ga_arch_128_64_scaler_standard_opt_adam_batch_64_act_elu_drop_0.3,train,CPUTime,100,126454.74951171875,108801.92919921875,405790.205078125,0.8535927757581525,0.8604176883834664,0.9677201153234596
ga,cpu,raw,record,ga_arch_128_64_scaler_standard_opt_adam_batch_64_act_elu_drop_0.3,val,CPUTime,100,137359.83733597756,88175.80495071411,485535.23456573486,22.093679237875648,0.996801982831024,818.1068869426751
ga,cpu,raw,record,ga_arch_128_64_scaler_standard_opt_adam_batch_64_act_relu_drop_0.2,test,CPUTime,100,158834.22650745392,120258.84375,645046.3203125,0.8698664251917922,0.6949535932308115,6.764290307707241
ga,cpu,raw,record,ga_arch_128_64_scaler_standard_opt_adam_batch_64_act_relu_drop_0.2,train,CPUTime,100,109953.5477685547,94471.103515625,404466.8544921875,0.8582198387603936,0.7538239054329833,4.111204368559527
ga,cpu,raw,record,ga_arch_128_64_scaler_standard_opt_adam_batch_64_act_relu_drop_0.2,val,CPUTime,100,111977.57923828125,61586.55078125,439055.8515625,36.4720500516398,1.8204044538114668,1877.6082802547771
ga,cpu,raw,record,ga_arch_128_64_scaler_standard_opt_adam_batch_64_act_relu_drop_0.3,test,CPUTime,100,161588.64854221343,122264.390625,648981.0546875,0.7415317602707894,0.6934509440398979,4.7777561974715725
ga,cpu,raw,record,ga_arch_128_64_scaler_standard_opt_adam_batch_64_act_relu_drop_0.3,train,CPUTime,100,110250.0200756836,94165.43505859375,403670.5126953125,0.852751988089744,0.7499441572312,3.995212895335453
ga,cpu,raw,record,ga_arch_128_64_scaler_standard_opt_adam_batch_64_act_relu_drop_0.3,val,CPUTime,100,111470.86717285156,57821.13671875,450697.1875,33.76087764295751,0.8645694144859254,1670.5065684713377
ga,cpu,raw,record,ga_arch_128_64_scaler_standard_opt_rmsprop_batch_128_act_elu_drop_0.2,test,CPUTime,100,193783.0,155681.1982421875,689263.35546875,0.8634220531098572,0.8654265620695545,0.9629166051792354
ga,cpu,raw,record,ga_arch_128_64_scaler_standard_opt_rmsprop_batch_128_act_elu_drop_0.2,train,CPUTime,100,126068.01683587075,108455.3505859375,406415.583984375,0.8517869595404887,0.8542820414015357,1.000178547098497
ga,cpu,raw,record,ga_arch_128_64_scaler_standard_opt_rmsprop_batch_128_act_elu_drop_0.2,val,CPUTime,100,138035.2181850338,89829.07808303833,485467.633477211,20.781633394539735,1.0000255301818284,702.4891023089172
ga,cpu,raw,record,ga_arch_128_64_scaler_standard_opt_rmsprop_batch_128_act_elu_drop_0.3,test,CPUTime,100,192936.7873046875,154781.435546875,688233.62109375,0.8589199542326184,0.8607365489165513,0.961664741769488
ga,cpu,raw,record,ga_arch_128_64_scaler_standard_opt_rmsprop_batch_128_act_elu_drop_0.3,train,CPUTime,100,125357.23629606247,107985.9150390625,405639.1103515625,0.846746210236488,0.8501661783983377,0.9999441906153212
ga,cpu,raw,record,ga_arch_128_64_scaler_standard_opt_rmsprop_batch_128_act_elu_drop_0.3,val,CPUTime,100,137813.70371586084,89494.95220422745,485442.22745227814,20.991015147409772,0.9997706125535459,678.3801751592357
ga,cpu,raw,record,ga_arch_128_64_scaler_standard_opt_rmsprop_batch_128_act_relu_drop_0.2,test,CPUTime,100,196778.93374023438,158724.431640625,692779.658203125,0.8784020979824331,0.8828581456540938,0.9672276477403446
ga,cpu,raw,record,ga_arch_128_64_scaler_standard_opt_rmsprop_batch_128_act_relu_drop_0.2,train,CPUTime,100,128506.26900634766,110766.7919921875,408039.7666015625,0.8688548673258255,0.8712285583167725,0.973084823267726
ga,cpu,raw,record,ga_arch_128_64_scaler_standard_opt_rmsprop_batch_128_act_relu_drop_0.2,val,CPUTime,100,137444.28463500977,87630.3638305664,482886.4833984375,21.452095558214605,0.9491771803479302,774.4649681528663
ga,cpu,raw,record,ga_arch_128_64_scaler_standard_opt_rmsprop_batch_128_act_relu_drop_0.3,test,CPUTime,100,195138.8305078125,156987.3759765625,690637.890625,0.8706778367836792,0.8738280260521758,0.964806407097274
ga,cpu,raw,record,ga_arch_128_64_scaler_standard_opt_rmsprop_batch_128_act_relu_drop_0.3,train,CPUTime,100,127194.51736083985,109719.64794921875,406743.796875,0.8593196399968588,0.8624966666160131,0.969994221381455
ga,cpu,raw,record,ga_arch_128_64_scaler_standard_opt_rmsprop_batch_128_act_relu_drop_0.3,val,CPUTime,100,136755.48985351564,87336.17175292969,482349.36474609375,23.209869428516903,0.935863071867697,881.1056926751593
ga,cpu,raw,record,ga_arch_128_64_scaler_standard_opt_rmsprop_batch_64_act_elu_drop_0.2,test,CPUTime,100,196900.50275390624,158600.982421875,693728.1328125,0.8789729232057318,0.8811962473396542,0.9672419630690448
ga,cpu,raw,record,ga_arch_128_64_scaler_standard_opt_rmsprop_batch_64_act_elu_drop_0.2,train,CPUTime,100,128447.23939941406,110408.78466796875,407353.626953125,0.8671401534499289,0.8720014196248371,0.9714485315795468
ga,cpu,raw,record,ga_arch_128_64_scaler_standard_opt_rmsprop_batch_64_act_elu_drop_0.2,val,CPUTime,100,137829.91923911573,89353.84680724144,485461.3582544327,19.210705450643733,1.0000106268768372,606.6151970541401
ga,cpu,raw,record,ga_arch_128_64_scaler_standard_opt_rmsprop_batch_64_act_elu_drop_0.3,test,CPUTime,100,194108.8953125,156071.94921875,690247.92578125,0.8640944791486003,0.8666617496011417,0.963452979561534
ga,cpu,raw,record,ga_arch_128_64_scaler_standard_opt_rmsprop_batch_64_act_elu_drop_0.3,train,CPUTime,100,126033.07148602486,108376.6748046875,406282.0703125,0.8518231119789107,0.8547372488822267,1.0002132182743375
ga,cpu,raw,record,ga_arch_128_64_scaler_standard_opt_rmsprop_batch_64_act_elu_drop_0.3,val,CPUTime,100,137772.01029859067,89600.67924976349,485459.684548378,20.084195964837747,1.0000064452203659,606.8078224522293
ga,cpu,raw,record,ga_arch_128_64_scaler_standard_opt_rmsprop_batch_64_act_relu_drop_0.2,test,CPUTime,100,197014.58543945313,158821.4951171875,693486.4296875,0.8795998098085175,0.8826706653429661,0.9675037067143132
ga,cpu,raw,record,ga_arch_128_64_scaler_standard_opt_rmsprop_batch_64_act_relu_drop_0.2,train,CPUTime,100,128557.9262109375,110787.337890625,407618.044921875,0.8684269243933304,0.8726410150465492,0.9720791101001964
ga,cpu,raw,record,ga_arch_128_64_scaler_standard_opt_rmsprop_batch_64_act_relu_drop_0.2,val,CPUTime,100,137677.77085449218,87813.42181396484,483100.6491699219,22.49739308977701,0.9544428368545139,757.3083200636943
ga,cpu,raw,record,ga_arch_128_64_scaler_standard_opt_rmsprop_batch_64_act_relu_drop_0.3,test,CPUTime,100,196792.20845703126,158670.9775390625,693015.416015625,0.8784644078973911,0.8817781883387592,0.9671889013201656
ga,cpu,raw,record,ga_arch_128_64_scaler_standard_opt_rmsprop_batch_64_act_relu_drop_0.3,train,CPUTime,100,128411.5159375,110683.25390625,407595.30078125,0.867439637945888,0.8730990986393244,0.9720248703425258
ga,cpu,raw,record,ga_arch_128_64_scaler_standard_opt_rmsprop_batch_64_act_relu_drop_0.3,val,CPUTime,100,137633.34073120117,87979.79736328125,483474.6922607422,22.42860625409683,0.9585525155395933,720.203523089172
ga,cpu,raw,record,ga_arch_64_32_scaler_minmax_opt_adam_batch_128_act_elu_drop_0.2,test,CPUTime,100,202543.84915039063,162581.3505859375,704857.2734375,0.9080512928533644,0.905606182172742,0.9753140368928104
ga,cpu,raw,record,ga_arch_64_32_scaler_minmax_opt_adam_batch_128_act_elu_drop_0.2,train,CPUTime,100,131415.29629882812,112027.04638671875,408044.3818359375,0.8861967984749193,0.887324728579226,0.973095829583516
ga,cpu,raw,record,ga_arch_64_32_scaler_minmax_opt_adam_batch_128_act_elu_drop_0.2,val,CPUTime,100,128772.03438476562,81108.041015625,468058.486328125,1.8276705410905008,0.8331742264468596,66.2977481617647
ga,cpu,raw,record,ga_arch_64_32_scaler_minmax_opt_adam_batch_128_act_elu_drop_0.3,test,CPUTime,100,200669.6965234375,160903.9658203125,702521.42578125,0.8980846571299647,0.8957921502414652,0.9726482738460196
ga,cpu,raw,record,ga_arch_64_32_scaler_minmax_opt_adam_batch_128_act_elu_drop_0.3,train,CPUTime,100,129984.91958007813,110729.52978515625,408128.65625,0.8755932471361427,0.8782192295084573,0.973296805468776
ga,cpu,raw,record,ga_arch_64_32_scaler_minmax_opt_adam_batch_128_act_elu_drop_0.3,val,CPUTime,100,127563.90395507813,76291.48681640625,467821.208984375,1.532658765507715,0.8244475590050148,47.09921013327206
ga,cpu,raw,record,ga_arch_64_32_scaler_minmax_opt_adam_batch_128_act_relu_drop_0.2,test,CPUTime,100,198283.8515234375,159296.826171875,698501.943359375,0.8855039151617778,0.8850622131467241,0.9695754083395326
ga,cpu,raw,record,ga_arch_64_32_scaler_minmax_opt_adam_batch_128_act_relu_drop_0.2,train,CPUTime,100,128173.34581054687,109676.91259765625,407051.947265625,0.8627394734838164,0.8682933578600491,0.9707290920802072
ga,cpu,raw,record,ga_arch_64_32_scaler_minmax_opt_adam_batch_128_act_relu_drop_0.2,val,CPUTime,100,127246.90498046875,76086.259765625,468674.732421875,0.8345367650774161,0.8192181615209817,0.9654299606800912
ga,cpu,raw,record,ga_arch_64_32_scaler_minmax_opt_adam_batch_128_act_relu_drop_0.3,test,CPUTime,100,198510.04123046875,159469.107421875,698845.181640625,0.8867027073367814,0.8860956609483679,0.9698467156790708
ga,cpu,raw,record,ga_arch_64_32_scaler_minmax_opt_adam_batch_128_act_relu_drop_0.3,train,CPUTime,100,128358.39958984376,109858.302734375,407218.451171875,0.8641041717223635,0.8699241862249806,0.9711261671631976
ga,cpu,raw,record,ga_arch_64_32_scaler_minmax_opt_adam_batch_128_act_relu_drop_0.3,val,CPUTime,100,127390.0090234375,76333.6064453125,468777.53515625,0.8359064051173907,0.8206657912444988,0.9656417255416032
ga,cpu,raw,record,ga_arch_64_32_scaler_minmax_opt_adam_batch_64_act_elu_drop_0.2,test,CPUTime,100,201453.06334960938,161542.8623046875,703625.42578125,0.90223216008422,0.8996723308792487,0.973761702643882
ga,cpu,raw,record,ga_arch_64_32_scaler_minmax_opt_adam_batch_64_act_elu_drop_0.2,train,CPUTime,100,130533.96234375,111206.05126953125,407905.3994140625,0.8796290063059077,0.8820311300314322,0.972764387169082
ga,cpu,raw,record,ga_arch_64_32_scaler_minmax_opt_adam_batch_64_act_elu_drop_0.2,val,CPUTime,100,128011.24497070312,80417.53515625,467674.74609375,1.7145372383314919,0.8241837929500535,59.14337660845588
ga,cpu,raw,record,ga_arch_64_32_scaler_minmax_opt_adam_batch_64_act_elu_drop_0.3,test,CPUTime,100,199622.86581054688,160038.6923828125,701089.126953125,0.8925379426086092,0.8906726690204514,0.971142758302583
ga,cpu,raw,record,ga_arch_64_32_scaler_minmax_opt_adam_batch_64_act_elu_drop_0.3,train,CPUTime,100,129226.7249609375,110189.20556640625,407999.5556640625,0.8700572529309354,0.8736108493356388,0.9729889290529624
ga,cpu,raw,record,ga_arch_64_32_scaler_minmax_opt_adam_batch_64_act_elu_drop_0.3,val,CPUTime,100,127040.890234375,76203.43359375,467856.1328125,0.8334718540897486,0.8204905045142997,0.9637437153290612
ga,cpu,raw,record,ga_arch_64_32_scaler_minmax_opt_adam_batch_64_act_relu_drop_0.2,test,CPUTime,100,197995.88922851562,158937.8505859375,698306.283203125,0.88395473410145,0.8834040215255838,0.9691440478247556
ga,cpu,raw,record,ga_arch_64_32_scaler_minmax_opt_adam_batch_64_act_relu_drop_0.2,train,CPUTime,100,127924.03916015624,109454.8330078125,406917.0283203125,0.8608950813616723,0.86757166352179,0.970407340160907
ga,cpu,raw,record,ga_arch_64_32_scaler_minmax_opt_adam_batch_64_act_relu_drop_0.2,val,CPUTime,100,126904.89002929688,75873.6708984375,468314.310546875,0.8315834457186995,0.8162550586826716,0.964687522369386
ga,cpu,raw,record,ga_arch_64_32_scaler_minmax_opt_adam_batch_64_act_relu_drop_0.3,test,CPUTime,100,198819.9871972656,159591.8798828125,699577.611328125,0.8883178589686388,0.8872075435005554,0.970178151793725
ga,cpu,raw,record,ga_arch_64_32_scaler_minmax_opt_adam_batch_64_act_relu_drop_0.3,train,CPUTime,100,128540.0798828125,109971.38232421875,407107.66796875,0.8653435619365193,0.8711527979770775,0.9708619736642852
ga,cpu,raw,record,ga_arch_64_32_scaler_minmax_opt_adam_batch_64_act_relu_drop_0.3,val,CPUTime,100,127367.96737304688,76570.47705078125,468661.787109375,0.8357345751408315,0.8203038586970395,0.9654032944408568
ga,cpu,raw,record,ga_arch_64_32_scaler_minmax_opt_rmsprop_batch_128_act_elu_drop_0.2,test,CPUTime,100,197036.686796875,157618.404296875,697963.595703125,0.8787791768047754,0.8777612031770485,0.967503855031226
ga,cpu,raw,record,ga_arch_64_32_scaler_minmax_opt_rmsprop_batch_128_act_elu_drop_0.2,train,CPUTime,100,127525.86790039063,108969.11962890625,409643.4443359375,0.8594214420239531,0.8655777830915262,0.9769092408673384
ga,cpu,raw,record,ga_arch_64_32_scaler_minmax_opt_rmsprop_batch_128_act_elu_drop_0.2,val,CPUTime,100,124401.78641601563,73958.7880859375,464860.73828125,0.809985618485395,0.7914083520631037,0.9575734581667378
ga,cpu,raw,record,ga_arch_64_32_scaler_minmax_opt_rmsprop_batch_128_act_elu_drop_0.3,test,CPUTime,100,197436.9087890625,158004.7841796875,698433.814453125,0.8809077610945502,0.8797455702999498,0.968083411608042
ga,cpu,raw,record,ga_arch_64_32_scaler_minmax_opt_rmsprop_batch_128_act_elu_drop_0.3,train,CPUTime,100,127825.78594726563,109156.0087890625,409832.4287109375,0.8605989211084792,0.863749479139156,0.9773599269087476
ga,cpu,raw,record,ga_arch_64_32_scaler_minmax_opt_rmsprop_batch_128_act_elu_drop_0.3,val,CPUTime,100,124821.00375,74440.23876953125,465335.408203125,0.8136488625497931,0.7950412284192201,0.9585512377061716
ga,cpu,raw,record,ga_arch_64_32_scaler_minmax_opt_rmsprop_batch_128_act_relu_drop_0.2,test,CPUTime,100,198078.40095703126,159087.98828125,698299.623046875,0.8843965553713731,0.8841289490180575,0.9692858937256364
ga,cpu,raw,record,ga_arch_64_32_scaler_minmax_opt_rmsprop_batch_128_act_relu_drop_0.2,train,CPUTime,100,128063.51725585938,109420.08056640625,407266.1015625,0.8618351656391009,0.8669427979232831,0.9712398028324024
ga,cpu,raw,record,ga_arch_64_32_scaler_minmax_opt_rmsprop_batch_128_act_relu_drop_0.2,val,CPUTime,100,127009.13783203125,75840.41259765625,468416.904296875,0.8326196549192839,0.8169626048326379,0.9648988567409162
ga,cpu,raw,record,ga_arch_64_32_scaler_minmax_opt_rmsprop_batch_128_act_relu_drop_0.3,test,CPUTime,100,198318.06682617188,159324.7734375,698555.484375,0.8856772376865508,0.8854013728371379,0.9696267122583336
ga,cpu,raw,record,ga_arch_64_32_scaler_minmax_opt_rmsprop_batch_128_act_relu_drop_0.3,train,CPUTime,100,128279.15065429687,109592.1865234375,407500.7392578125,0.8633949725166601,0.8680050607903103,0.9717993619709068
ga,cpu,raw,record,ga_arch_64_32_scaler_minmax_opt_rmsprop_batch_128_act_relu_drop_0.3,val,CPUTime,100,127240.71383789062,76066.19921875,468633.9375,0.8348199246166423,0.818951280350418,0.9653459266217194
ga,cpu,raw,record,ga_arch_64_32_scaler_minmax_opt_rmsprop_batch_64_act_elu_drop_0.2,test,CPUTime,100,197645.25967773437,158178.0546875,698707.041015625,0.8820158647451052,0.8809142159731163,0.9683712919892872
ga,cpu,raw,record,ga_arch_64_32_scaler_minmax_opt_rmsprop_batch_64_act_elu_drop_0.2,train,CPUTime,100,127969.366328125,109145.23095703125,409546.3935546875,0.8615972449307462,0.8648271359075332,0.9766777961650064
ga,cpu,raw,record,ga_arch_64_32_scaler_minmax_opt_rmsprop_batch_64_act_elu_drop_0.2,val,CPUTime,100,124900.61657226563,74485.93212890625,465326.154296875,0.8145418464559249,0.7983899087138787,0.9585321754488554
ga,cpu,raw,record,ga_arch_64_32_scaler_minmax_opt_rmsprop_batch_64_act_elu_drop_0.3,test,CPUTime,100,197907.67416992187,158437.048828125,699022.9375,0.8834074205725119,0.882136948948371,0.9687535321398136
ga,cpu,raw,record,ga_arch_64_32_scaler_minmax_opt_rmsprop_batch_64_act_elu_drop_0.3,train,CPUTime,100,128181.37860351562,109282.39892578125,409900.421875,0.8631387192594198,0.8661235091142625,0.9775220756046608
ga,cpu,raw,record,ga_arch_64_32_scaler_minmax_opt_rmsprop_batch_64_act_elu_drop_0.3,val,CPUTime,100,125240.43194335938,74737.97216796875,465750.638671875,0.8175961271598818,0.8005798392347374,0.9594065770436414
ga,cpu,raw,record,ga_arch_64_32_scaler_minmax_opt_rmsprop_batch_64_act_relu_drop_0.2,test,CPUTime,100,197672.15784179687,158787.6318359375,697723.533203125,0.8822363421599697,0.8820275762621724,0.968762304810548
ga,cpu,raw,record,ga_arch_64_32_scaler_minmax_opt_rmsprop_batch_64_act_relu_drop_0.2,train,CPUTime,100,127744.3551171875,109154.404296875,407397.9609375,0.8594701607101094,0.8645108961904204,0.9715542583514974
ga,cpu,raw,record,ga_arch_64_32_scaler_minmax_opt_rmsprop_batch_64_act_relu_drop_0.2,val,CPUTime,100,127065.62329101562,76113.7568359375,468604.455078125,0.833060072087488,0.8173506590258499,0.9652851953481462
ga,cpu,raw,record,ga_arch_64_32_scaler_minmax_opt_rmsprop_batch_64_act_relu_drop_0.3,test,CPUTime,100,198749.92489257813,159652.98828125,699274.82421875,0.8879519800037737,0.8870931071998048,0.970158005413062
ga,cpu,raw,record,ga_arch_64_32_scaler_minmax_opt_rmsprop_batch_64_act_relu_drop_0.3,train,CPUTime,100,128568.21364257812,109731.017578125,407689.9267578125,0.8652737270416087,0.8680806513139516,0.9722505324206284
ga,cpu,raw,record,ga_arch_64_32_scaler_minmax_opt_rmsprop_batch_64_act_relu_drop_0.3,val,CPUTime,100,127649.49810546875,76622.8271484375,469036.4765625,0.8386193076550034,0.8221975798253061,0.966175122745166
ga,cpu,raw,record,ga_arch_64_32_scaler_standard_opt_adam_batch_128_act_elu_drop_0.2,test,CPUTime,100,189187.690390625,150698.7919921875,682609.37890625,0.8392465481996463,0.84221589042994,0.9560455193174978
ga,cpu,raw,record,ga_arch_64_32_scaler_standard_opt_adam_batch_128_act_elu_drop_0.2,train,CPUTime,100,123101.55461462021,106511.2294921875,404398.875,0.8359479628927169,0.8354596438332684,1.000407468698146
ga,cpu,raw,record,ga_arch_64_32_scaler_standard_opt_adam_batch_128_act_elu_drop_0.2,val,CPUTime,100,137076.87404117585,86776.7568359375,485503.2299346924,22.888144322963658,0.9970360766889923,786.343451433121
ga,cpu,raw,record,ga_arch_64_32_scaler_standard_opt_adam_batch_128_act_elu_drop_0.3,test,CPUTime,100,192717.28080078124,154442.0244140625,687503.9765625,0.8578989737621002,0.8606442903912792,0.9610281930456024
ga,cpu,raw,record,ga_arch_64_32_scaler_standard_opt_adam_batch_128_act_elu_drop_0.3,train,CPUTime,100,125811.75237792969,108491.044921875,405789.2822265625,0.8517407801110497,0.8545061637296802,0.9731794478874424
ga,cpu,raw,record,ga_arch_64_32_scaler_standard_opt_adam_batch_128_act_elu_drop_0.3,val,CPUTime,100,137500.7137086487,88238.2303276062,485541.2918395996,23.32763917823844,0.9936480777325194,877.4296377388536
ga,cpu,raw,record,ga_arch_64_32_scaler_standard_opt_adam_batch_128_act_relu_drop_0.2,test,CPUTime,100,169657.4127746582,128501.44921875,659130.44921875,0.7400857720909347,0.735261669431714,0.9938748288360066
ga,cpu,raw,record,ga_arch_64_32_scaler_standard_opt_adam_batch_128_act_relu_drop_0.2,train,CPUTime,100,111539.83491699219,95746.1279296875,403277.1728515625,0.7735364548899157,0.7597657932942613,0.9617270878780768
ga,cpu,raw,record,ga_arch_64_32_scaler_standard_opt_adam_batch_128_act_relu_drop_0.2,val,CPUTime,100,123421.05197265625,68125.837890625,469573.140625,30.55218317561441,0.7772782327751944,1634.2451234076434
ga,cpu,raw,record,ga_arch_64_32_scaler_standard_opt_adam_batch_128_act_relu_drop_0.3,test,CPUTime,100,195074.4950097656,156914.1904296875,690566.50390625,0.8703589396576722,0.8733013747298706,0.9646213213230764
ga,cpu,raw,record,ga_arch_64_32_scaler_standard_opt_adam_batch_128_act_relu_drop_0.3,train,CPUTime,100,127462.54450195312,109787.79150390625,407622.3681640625,0.8612232779252333,0.864261366629613,0.9720894200790376
ga,cpu,raw,record,ga_arch_64_32_scaler_standard_opt_adam_batch_128_act_relu_drop_0.3,val,CPUTime,100,135604.6285961914,85934.06750488281,480790.9853515625,21.69109830727807,0.9212912144757543,850.7205414012739
ga,cpu,raw,record,ga_arch_64_32_scaler_standard_opt_adam_batch_64_act_elu_drop_0.2,test,CPUTime,100,193173.23224609374,154778.0927734375,688634.234375,0.8592921222771287,0.8614586468731857,0.961668872670172
ga,cpu,raw,record,ga_arch_64_32_scaler_standard_opt_adam_batch_64_act_elu_drop_0.2,train,CPUTime,100,126051.61004882812,108468.005859375,406086.427734375,0.8532052240171134,0.8572010372290425,0.9684265410071758
ga,cpu,raw,record,ga_arch_64_32_scaler_standard_opt_adam_batch_64_act_elu_drop_0.2,val,CPUTime,100,137074.45845081328,87762.4925994873,485524.0791320801,22.848666337032384,0.9872408140495577,847.1027070063694
ga,cpu,raw,record,ga_arch_64_32_scaler_standard_opt_adam_batch_64_act_elu_drop_0.3,test,CPUTime,100,194544.9296875,156116.6142578125,690586.2109375,0.8665373882383455,0.8685324216916833,0.963670027630452
ga,cpu,raw,record,ga_arch_64_32_scaler_standard_opt_adam_batch_64_act_elu_drop_0.3,train,CPUTime,100,126976.92323242188,109265.6904296875,406589.9072265625,0.8575376808579115,0.8639360830033983,0.9696272285204413
ga,cpu,raw,record,ga_arch_64_32_scaler_standard_opt_adam_batch_64_act_elu_drop_0.3,val,CPUTime,100,137267.18084825517,88162.72382926941,485505.7427101135,21.549980481737467,0.9913106152903255,774.8789808917197
ga,cpu,raw,record,ga_arch_64_32_scaler_standard_opt_adam_batch_64_act_relu_drop_0.2,test,CPUTime,100,194419.305,156144.8349609375,689818.62890625,0.8668577246427372,0.86986836977057,0.963593246161954
ga,cpu,raw,record,ga_arch_64_32_scaler_standard_opt_adam_batch_64_act_relu_drop_0.2,train,CPUTime,100,126798.39517578125,109536.23388671875,406012.54296875,0.8565295129201279,0.8606552267191974,0.9682503421413172
ga,cpu,raw,record,ga_arch_64_32_scaler_standard_opt_adam_batch_64_act_relu_drop_0.2,val,CPUTime,100,136465.30408203125,86258.95849609375,482522.6281738281,23.615519141100826,0.9346038828487906,940.4958200636944
ga,cpu,raw,record,ga_arch_64_32_scaler_standard_opt_adam_batch_64_act_relu_drop_0.3,test,CPUTime,100,166651.22605682374,126330.126953125,655265.87890625,0.7242950426378755,0.7189628935511891,0.9977432138194136
ga,cpu,raw,record,ga_arch_64_32_scaler_standard_opt_adam_batch_64_act_relu_drop_0.3,train,CPUTime,100,111222.04874267578,95365.3984375,403756.275390625,0.7913722444573712,0.7575567943624183,2.794051117298674
ga,cpu,raw,record,ga_arch_64_32_scaler_standard_opt_adam_batch_64_act_relu_drop_0.3,val,CPUTime,100,116630.45172851562,61418.5517578125,462228.52734375,30.26618943491763,0.717293905672235,1651.9752189490446
ga,cpu,raw,record,ga_arch_64_32_scaler_standard_opt_rmsprop_batch_128_act_elu_drop_0.2,test,CPUTime,100,195427.95607421876,157208.64453125,691270.484375,0.8712371284608149,0.8746478557803969,0.9651089735995017
ga,cpu,raw,record,ga_arch_64_32_scaler_standard_opt_rmsprop_batch_128_act_elu_drop_0.2,train,CPUTime,100,127586.40928344727,109783.18603515625,406990.7705078125,0.8619739520981886,0.8657369286664137,0.9864334715262724
ga,cpu,raw,record,ga_arch_64_32_scaler_standard_opt_rmsprop_batch_128_act_elu_drop_0.2,val,CPUTime,100,138309.54357025863,89860.1683177948,485454.6264657974,21.135337793566396,0.9999612317830476,777.4525776273886
ga,cpu,raw,record,ga_arch_64_32_scaler_standard_opt_rmsprop_batch_128_act_elu_drop_0.3,test,CPUTime,100,187521.25888671874,148853.978515625,679995.0859375,0.830500772068993,0.8341905455261672,0.9537148124166788
ga,cpu,raw,record,ga_arch_64_32_scaler_standard_opt_rmsprop_batch_128_act_elu_drop_0.3,train,CPUTime,100,121807.6608909893,105402.6298828125,403695.0322265625,0.8267530143411971,0.8264929122708635,0.9999260442171848
ga,cpu,raw,record,ga_arch_64_32_scaler_standard_opt_rmsprop_batch_128_act_elu_drop_0.3,val,CPUTime,100,137212.0285811901,86323.91039276123,485569.0998764038,23.857446895527268,0.9998023848424209,734.500199044586
ga,cpu,raw,record,ga_arch_64_32_scaler_standard_opt_rmsprop_batch_128_act_relu_drop_0.2,test,CPUTime,100,198130.5477734375,159966.251953125,694586.033203125,0.8855958087574105,0.8893158842775998,0.9690818124001552
ga,cpu,raw,record,ga_arch_64_32_scaler_standard_opt_rmsprop_batch_128_act_relu_drop_0.2,train,CPUTime,100,129636.26256835938,111776.05224609375,408648.0654296875,0.8764317854884892,0.8801391917620203,0.974535481772386
ga,cpu,raw,record,ga_arch_64_32_scaler_standard_opt_rmsprop_batch_128_act_relu_drop_0.2,val,CPUTime,100,137368.75309814455,88089.42694091797,482955.7817382813,20.37074997315061,0.9488743715553348,727.2690585191083
ga,cpu,raw,record,ga_arch_64_32_scaler_standard_opt_rmsprop_batch_128_act_relu_drop_0.3,test,CPUTime,100,196932.13924804688,158687.8046875,692773.06640625,0.8792844358758807,0.8836242250453881,0.9672285486282596
ga,cpu,raw,record,ga_arch_64_32_scaler_standard_opt_rmsprop_batch_128_act_relu_drop_0.3,train,CPUTime,100,128844.45905761719,111232.08154296875,407493.6376953125,0.8709605986952432,0.8748314500172757,0.9717824263110624
ga,cpu,raw,record,ga_arch_64_32_scaler_standard_opt_rmsprop_batch_128_act_relu_drop_0.3,val,CPUTime,100,137761.52002197265,88423.44146728516,483800.9481201172,22.080979382620253,0.9586660665096144,850.3070262738853
ga,cpu,raw,record,ga_arch_64_32_scaler_standard_opt_rmsprop_batch_64_act_elu_drop_0.2,test,CPUTime,100,197020.24106445312,158682.8037109375,693502.939453125,0.8796641508579675,0.8828143919897932,0.9673544614474464
ga,cpu,raw,record,ga_arch_64_32_scaler_standard_opt_rmsprop_batch_64_act_elu_drop_0.2,train,CPUTime,100,128609.4319165039,110917.48046875,406848.2890625,0.8694929639412965,0.8752612524870553,0.9702434121960004
ga,cpu,raw,record,ga_arch_64_32_scaler_standard_opt_rmsprop_batch_64_act_elu_drop_0.2,val,CPUTime,100,138661.47417659283,90027.16949439049,485449.6707906723,21.44841658241455,0.9998865381636384,746.000597133758
ga,cpu,raw,record,ga_arch_64_32_scaler_standard_opt_rmsprop_batch_64_act_elu_drop_0.3,test,CPUTime,100,199526.1251660156,161046.6962890625,697300.037109375,0.892886397128811,0.8945331221007867,0.9709509680546023
ga,cpu,raw,record,ga_arch_64_32_scaler_standard_opt_rmsprop_batch_64_act_elu_drop_0.3,train,CPUTime,100,130588.08007324219,112144.7109375,408800.916015625,0.8828282970399199,0.8869354063446919,0.9748999966985712
ga,cpu,raw,record,ga_arch_64_32_scaler_standard_opt_rmsprop_batch_64_act_elu_drop_0.3,val,CPUTime,100,138398.40609899044,88810.50486397743,485449.9071025848,18.137432985498496,0.9998905370935192,560.1025079617834
ga,cpu,raw,record,ga_arch_64_32_scaler_standard_opt_rmsprop_batch_64_act_relu_drop_0.2,test,CPUTime,100,198728.90903320312,160452.2412109375,695904.748046875,0.8886887131741444,0.8911520217932367,0.9699358513970882
ga,cpu,raw,record,ga_arch_64_32_scaler_standard_opt_rmsprop_batch_64_act_relu_drop_0.2,train,CPUTime,100,130000.63477050781,111818.708984375,409115.056640625,0.8779840374773233,0.8824904895276968,0.9756491527847664
ga,cpu,raw,record,ga_arch_64_32_scaler_standard_opt_rmsprop_batch_64_act_relu_drop_0.2,val,CPUTime,100,137633.7438659668,88166.16009521484,483053.43603515625,20.21872288664771,0.9566759469679975,634.7954319267516
ga,cpu,raw,record,ga_arch_64_32_scaler_standard_opt_rmsprop_batch_64_act_relu_drop_0.3,test,CPUTime,100,199065.76822265625,160899.974609375,696068.369140625,0.8904881552278329,0.8939689224897283,0.9705104970361228
ga,cpu,raw,record,ga_arch_64_32_scaler_standard_opt_rmsprop_batch_64_act_relu_drop_0.3,train,CPUTime,100,130055.01305664063,112245.1455078125,408411.1220703125,0.8794812783884645,0.8839206015850266,0.9739704241337588
ga,cpu,raw,record,ga_arch_64_32_scaler_standard_opt_rmsprop_batch_64_act_relu_drop_0.3,val,CPUTime,100,138525.70150878906,88925.20123291016,483968.8688964844,20.189718829786806,0.9669602217774396,646.6672472133758
ga,cpu,raw,temporal,ga_arch_128_64_scaler_minmax_opt_adam_batch_128_act_elu_drop_0.2,test,CPUTime,100,165472.04051879884,115207.5146484375,485932.1271057129,0.9459638194084838,1.0014737962075575,1.007213578070558
ga,cpu,raw,temporal,ga_arch_128_64_scaler_minmax_opt_adam_batch_128_act_elu_drop_0.2,train,CPUTime,100,69707.9370654297,66092.3876953125,118872.3662109375,0.7947794912687212,0.7905420310429259,0.9350431979522288
ga,cpu,raw,temporal,ga_arch_128_64_scaler_minmax_opt_adam_batch_128_act_elu_drop_0.2,val,CPUTime,100,203217.12830078125,161045.5458984375,691784.728515625,0.8690646621707301,0.8643931036938999,0.9631494709722488
ga,cpu,raw,temporal,ga_arch_128_64_scaler_minmax_opt_adam_batch_128_act_elu_drop_0.3,test,CPUTime,100,165714.63065002442,115762.3861694336,485748.34283447266,0.9469125795100578,1.0008996358186575,1.0046136385768458
ga,cpu,raw,temporal,ga_arch_128_64_scaler_minmax_opt_adam_batch_128_act_elu_drop_0.3,train,CPUTime,100,70286.22395019532,66800.9111328125,118849.9560546875,0.7992521433758908,0.7946914862972793,0.9375105507293704
ga,cpu,raw,temporal,ga_arch_128_64_scaler_minmax_opt_adam_batch_128_act_elu_drop_0.3,val,CPUTime,100,204388.2004589844,162128.0615234375,693597.16796875,0.8748597757528235,0.8697895774620401,0.964416979069693
ga,cpu,raw,temporal,ga_arch_128_64_scaler_minmax_opt_adam_batch_128_act_relu_drop_0.2,test,CPUTime,100,164765.67069473266,113683.72520542145,485434.9496002197,0.9414810787053031,0.9997358434383491,0.9999545780578296
ga,cpu,raw,temporal,ga_arch_128_64_scaler_minmax_opt_adam_batch_128_act_relu_drop_0.2,train,CPUTime,100,69877.45964355468,66088.5556640625,118806.8212890625,0.7995364177087455,0.7938754475914644,0.930644600910564
ga,cpu,raw,temporal,ga_arch_128_64_scaler_minmax_opt_adam_batch_128_act_relu_drop_0.2,val,CPUTime,100,202438.04602539062,160858.6669921875,689370.74609375,0.8654073122631598,0.8630854339547492,0.9625527590725126
ga,cpu,raw,temporal,ga_arch_128_64_scaler_minmax_opt_adam_batch_128_act_relu_drop_0.3,test,CPUTime,100,164715.37881145478,113585.30446624756,485419.19870758057,0.9411808494534181,0.9995463689703514,0.9999221325628852
ga,cpu,raw,temporal,ga_arch_128_64_scaler_minmax_opt_adam_batch_128_act_relu_drop_0.3,train,CPUTime,100,69700.27029296875,66007.0703125,118568.556640625,0.797502272424755,0.7920647520217313,0.9322235917615568
ga,cpu,raw,temporal,ga_arch_128_64_scaler_minmax_opt_adam_batch_128_act_relu_drop_0.3,val,CPUTime,100,202415.13357421875,160772.560546875,689576.62890625,0.8652514974473365,0.8632404874986555,0.9624807594511492
ga,cpu,raw,temporal,ga_arch_128_64_scaler_minmax_opt_adam_batch_64_act_elu_drop_0.2,test,CPUTime,100,165236.59220703124,115054.84344100952,485583.63481140137,0.9441277655936406,1.0003915972214155,1.0021309540331502
ga,cpu,raw,temporal,ga_arch_128_64_scaler_minmax_opt_adam_batch_64_act_elu_drop_0.2,train,CPUTime,100,69401.92309570312,65838.8994140625,118551.1318359375,0.791788606699825,0.7869081657296151,0.932151938959782
ga,cpu,raw,temporal,ga_arch_128_64_scaler_minmax_opt_adam_batch_64_act_elu_drop_0.2,val,CPUTime,100,203138.1952050781,160921.052734375,691965.076171875,0.8685982719934837,0.863893479157426,0.9630868153163954
ga,cpu,raw,temporal,ga_arch_128_64_scaler_minmax_opt_adam_batch_64_act_elu_drop_0.3,test,CPUTime,100,165648.79506225587,115660.52668762207,485977.42486572266,0.9467017030946587,1.0016120862621003,1.0081706815178606
ga,cpu,raw,temporal,ga_arch_128_64_scaler_minmax_opt_adam_batch_64_act_elu_drop_0.3,train,CPUTime,100,70003.14602050782,66593.484375,118635.4423828125,0.7959303744955636,0.7922858186186941,0.9293391768517458
ga,cpu,raw,temporal,ga_arch_128_64_scaler_minmax_opt_adam_batch_64_act_elu_drop_0.3,val,CPUTime,100,203960.09798828125,161787.0078125,692862.53125,0.872787506216848,0.8679392014146605,0.963886268196178
ga,cpu,raw,temporal,ga_arch_128_64_scaler_minmax_opt_adam_batch_64_act_relu_drop_0.2,test,CPUTime,100,164114.60830810547,113086.31243896484,484604.9748535156,0.9370266059938385,0.9895872250260231,0.9982449008944472
ga,cpu,raw,temporal,ga_arch_128_64_scaler_minmax_opt_adam_batch_64_act_relu_drop_0.2,train,CPUTime,100,69060.29315429687,65318.3408203125,118646.8349609375,0.7931051307718434,0.7914833378478765,0.9336594735222636
ga,cpu,raw,temporal,ga_arch_128_64_scaler_minmax_opt_adam_batch_64_act_relu_drop_0.2,val,CPUTime,100,201465.3303515625,159270.802734375,688893.56640625,0.8601528638609757,0.8594318679303189,0.9620238005358568
ga,cpu,raw,temporal,ga_arch_128_64_scaler_minmax_opt_adam_batch_64_act_relu_drop_0.3,test,CPUTime,100,163967.83538085938,113090.27651977539,484502.8196411133,0.9395143645611878,0.9883186903346439,0.9980344698729512
ga,cpu,raw,temporal,ga_arch_128_64_scaler_minmax_opt_adam_batch_64_act_relu_drop_0.3,train,CPUTime,100,68841.83012207031,65165.9541015625,118067.837890625,0.7909544873133154,0.7909005102996733,0.930733397800526
ga,cpu,raw,temporal,ga_arch_128_64_scaler_minmax_opt_adam_batch_64_act_relu_drop_0.3,val,CPUTime,100,201228.16134765625,159025.45703125,688642.2890625,0.8589232603045842,0.8587144521898606,0.9617647293416294
ga,cpu,raw,temporal,ga_arch_128_64_scaler_minmax_opt_rmsprop_batch_128_act_elu_drop_0.2,test,CPUTime,100,165666.65746398925,115665.67562866211,486197.2857666016,0.9471349760094441,1.0023062507075688,1.011436684103006
ga,cpu,raw,temporal,ga_arch_128_64_scaler_minmax_opt_rmsprop_batch_128_act_elu_drop_0.2,train,CPUTime,100,70094.776796875,66615.2314453125,118876.9365234375,0.7988596556720053,0.7954541678524405,0.9340299958930084
ga,cpu,raw,temporal,ga_arch_128_64_scaler_minmax_opt_rmsprop_batch_128_act_elu_drop_0.2,val,CPUTime,100,203558.85524414064,161518.5673828125,691970.322265625,0.8708535199814592,0.8666242744104933,0.9634509827764294
ga,cpu,raw,temporal,ga_arch_128_64_scaler_minmax_opt_rmsprop_batch_128_act_elu_drop_0.3,test,CPUTime,100,165698.21411010742,115885.34393310547,486035.78271484375,0.947470202548996,1.0018259089133523,1.0090054086093578
ga,cpu,raw,temporal,ga_arch_128_64_scaler_minmax_opt_rmsprop_batch_128_act_elu_drop_0.3,train,CPUTime,100,70204.27012207032,66734.9931640625,118673.369140625,0.7982946403173569,0.7936411435694327,0.9315339589556704
ga,cpu,raw,temporal,ga_arch_128_64_scaler_minmax_opt_rmsprop_batch_128_act_elu_drop_0.3,val,CPUTime,100,204122.6137207031,162045.80078125,692951.431640625,0.8735989438239947,0.8687374046903042,0.9641138934582704
ga,cpu,raw,temporal,ga_arch_128_64_scaler_minmax_opt_rmsprop_batch_128_act_relu_drop_0.2,test,CPUTime,100,165310.51746429445,114183.02337646484,486311.6946411133,0.9462842162214978,1.0024214716613211,1.012142543772165
ga,cpu,raw,temporal,ga_arch_128_64_scaler_minmax_opt_rmsprop_batch_128_act_relu_drop_0.2,train,CPUTime,100,69865.17419433594,66036.7958984375,118534.8056640625,0.7982523843595725,0.7937702367778039,0.9264112647474396
ga,cpu,raw,temporal,ga_arch_128_64_scaler_minmax_opt_rmsprop_batch_128_act_relu_drop_0.2,val,CPUTime,100,202629.84236328126,161098.76953125,689483.8359375,0.8669558992485358,0.8633259203531867,0.9626510052942326
ga,cpu,raw,temporal,ga_arch_128_64_scaler_minmax_opt_rmsprop_batch_128_act_relu_drop_0.3,test,CPUTime,100,164881.20027381898,114017.818359375,485640.2385253906,0.9427514684669167,1.0004104515013508,1.0026314649664243
ga,cpu,raw,temporal,ga_arch_128_64_scaler_minmax_opt_rmsprop_batch_128_act_relu_drop_0.3,train,CPUTime,100,69992.63321777344,66118.76171875,118490.291015625,0.7984598366285404,0.7945409970120305,0.92451419346186
ga,cpu,raw,temporal,ga_arch_128_64_scaler_minmax_opt_rmsprop_batch_128_act_relu_drop_0.3,val,CPUTime,100,202894.86259765626,161403.7158203125,689700.109375,0.8683117490430731,0.8644119932403085,0.9628988291225684
ga,cpu,raw,temporal,ga_arch_128_64_scaler_minmax_opt_rmsprop_batch_64_act_elu_drop_0.2,test,CPUTime,100,165134.69018203736,114783.044921875,485560.58026123047,0.9434997622254282,1.0003198393605999,1.0016586866396855
ga,cpu,raw,temporal,ga_arch_128_64_scaler_minmax_opt_rmsprop_batch_64_act_elu_drop_0.2,train,CPUTime,100,69442.22271484375,65734.5625,118621.642578125,0.7923613965683889,0.7871529206833203,0.9309685767430644
ga,cpu,raw,temporal,ga_arch_128_64_scaler_minmax_opt_rmsprop_batch_64_act_elu_drop_0.2,val,CPUTime,100,203005.38397460937,160913.341796875,691591.85546875,0.8679546105572924,0.8634685887722789,0.9630579869031112
ga,cpu,raw,temporal,ga_arch_128_64_scaler_minmax_opt_rmsprop_batch_64_act_elu_drop_0.3,test,CPUTime,100,165322.71814184188,115392.77355670929,485437.7580509186,0.9443369814790423,0.999758361711704,0.9999603632266474
ga,cpu,raw,temporal,ga_arch_128_64_scaler_minmax_opt_rmsprop_batch_64_act_elu_drop_0.3,train,CPUTime,100,69776.35711425781,66317.6337890625,118692.52734375,0.7950274758460636,0.7893762354707256,0.9339491069678344
ga,cpu,raw,temporal,ga_arch_128_64_scaler_minmax_opt_rmsprop_batch_64_act_elu_drop_0.3,val,CPUTime,100,203855.73818359376,161644.154296875,693037.95703125,0.8721259416164205,0.867305812438826,0.964026998973603
ga,cpu,raw,temporal,ga_arch_128_64_scaler_minmax_opt_rmsprop_batch_64_act_relu_drop_0.2,test,CPUTime,100,164508.59657829284,113599.2180519104,485355.8338394165,0.9440712929443379,0.998782611806353,0.9997916063408634
ga,cpu,raw,temporal,ga_arch_128_64_scaler_minmax_opt_rmsprop_batch_64_act_relu_drop_0.2,train,CPUTime,100,69012.32799316406,65089.916015625,118231.0439453125,0.792006258525399,0.7877781464739528,0.927130564279841
ga,cpu,raw,temporal,ga_arch_128_64_scaler_minmax_opt_rmsprop_batch_64_act_relu_drop_0.2,val,CPUTime,100,201138.33538085938,158961.4423828125,688398.41796875,0.8585671707954332,0.8575577168216763,0.961533387916887
ga,cpu,raw,temporal,ga_arch_128_64_scaler_minmax_opt_rmsprop_batch_64_act_relu_drop_0.3,test,CPUTime,100,164760.0839706421,113690.38748931885,485666.8150177002,0.9420518555522754,1.0006467435788653,1.0029846951694934
ga,cpu,raw,temporal,ga_arch_128_64_scaler_minmax_opt_rmsprop_batch_64_act_relu_drop_0.3,train,CPUTime,100,69095.04152832032,65136.904296875,118208.333984375,0.7917777028628827,0.7861905868873509,0.928385606403611
ga,cpu,raw,temporal,ga_arch_128_64_scaler_minmax_opt_rmsprop_batch_64_act_relu_drop_0.3,val,CPUTime,100,201550.6460449219,159616.240234375,688866.47265625,0.8606979072377876,0.8590385513844411,0.96182417695759
ga,cpu,raw,temporal,ga_arch_128_64_scaler_standard_opt_adam_batch_128_act_elu_drop_0.2,test,CPUTime,100,165435.54458745956,114168.91860961914,486130.8903808594,0.9524886634259186,1.0010891020440247,1.050160455493117
ga,cpu,raw,temporal,ga_arch_128_64_scaler_standard_opt_adam_batch_128_act_elu_drop_0.2,train,CPUTime,100,67174.26741360426,63129.51571190357,114394.26171875,0.781013077859486,0.7680596705415887,0.9999728279112352
ga,cpu,raw,temporal,ga_arch_128_64_scaler_standard_opt_adam_batch_128_act_elu_drop_0.2,val,CPUTime,100,198144.7028125,155033.12890625,688133.6328125,0.8442728226756114,0.8470643604571704,0.9546672432056352
ga,cpu,raw,temporal,ga_arch_128_64_scaler_standard_opt_adam_batch_128_act_elu_drop_0.3,test,CPUTime,100,165177.0915846634,114229.92628622055,485447.7624225617,0.9468962903327145,0.9998939308381978,1.010068373631918
ga,cpu,raw,temporal,ga_arch_128_64_scaler_standard_opt_adam_batch_128_act_elu_drop_0.3,train,CPUTime,100,67455.70660525322,63327.2138671875,114254.96875,0.7828840988503158,0.7704989959184064,0.9998627366480828
ga,cpu,raw,temporal,ga_arch_128_64_scaler_standard_opt_adam_batch_128_act_elu_drop_0.3,val,CPUTime,100,198891.18435546875,155921.126953125,689012.45703125,0.8475200562318215,0.8515910983637788,0.9555391955897098
ga,cpu,raw,temporal,ga_arch_128_64_scaler_standard_opt_adam_batch_128_act_relu_drop_0.2,test,CPUTime,100,162188.60377349853,110922.81640625,483362.4887695313,0.9267217162348312,0.9678101032252922,0.9957234688835136
ga,cpu,raw,temporal,ga_arch_128_64_scaler_standard_opt_adam_batch_128_act_relu_drop_0.2,train,CPUTime,100,68191.27837890625,65013.0615234375,117637.7998046875,0.7882958196724953,0.7848644475007144,0.948555573504436
ga,cpu,raw,temporal,ga_arch_128_64_scaler_standard_opt_adam_batch_128_act_relu_drop_0.2,val,CPUTime,100,199487.76219726563,156290.6376953125,686294.53125,9.490240506419365,0.8508663019813576,864.8576831210191
ga,cpu,raw,temporal,ga_arch_128_64_scaler_standard_opt_adam_batch_128_act_relu_drop_0.3,test,CPUTime,100,162436.53287139893,111011.83447265625,483866.28479003906,0.9286371045196915,0.9734927547101897,0.9967361470454754
ga,cpu,raw,temporal,ga_arch_128_64_scaler_standard_opt_adam_batch_128_act_relu_drop_0.3,train,CPUTime,100,68478.55705810546,65325.88854980469,117760.83984375,0.7908611473998721,0.7877366913486124,0.97078693652438
ga,cpu,raw,temporal,ga_arch_128_64_scaler_standard_opt_adam_batch_128_act_relu_drop_0.3,val,CPUTime,100,199954.17397460938,157084.6240234375,687381.8359375,9.277080414673323,0.8522551337733725,843.2948845541401
ga,cpu,raw,temporal,ga_arch_128_64_scaler_standard_opt_adam_batch_64_act_elu_drop_0.2,test,CPUTime,100,165157.47054592133,113760.1829662323,485421.0006980896,0.9473579554334812,0.9995625079919122,1.0103766505409346
ga,cpu,raw,temporal,ga_arch_128_64_scaler_standard_opt_adam_batch_64_act_elu_drop_0.2,train,CPUTime,100,66757.27122421264,62743.654296875,114290.4248046875,0.7766743076095297,0.7624074739010229,0.9994654495224532
ga,cpu,raw,temporal,ga_arch_128_64_scaler_standard_opt_adam_batch_64_act_elu_drop_0.2,val,CPUTime,100,198262.56729492187,154888.91796875,687547.44921875,0.8449574019942626,0.8474794400540344,0.9543257792197064
ga,cpu,raw,temporal,ga_arch_128_64_scaler_standard_opt_adam_batch_64_act_elu_drop_0.3,test,CPUTime,100,164966.3446028328,113399.04894542694,485430.1486721039,0.9464235315703147,0.9996875956686535,1.0109223099966915
ga,cpu,raw,temporal,ga_arch_128_64_scaler_standard_opt_adam_batch_64_act_elu_drop_0.3,train,CPUTime,100,67144.40993614196,63088.38390636444,114996.9814453125,0.7811954635862925,0.7677136243099738,0.9996012869864708
ga,cpu,raw,temporal,ga_arch_128_64_scaler_standard_opt_adam_batch_64_act_elu_drop_0.3,val,CPUTime,100,198441.24711914064,155407.876953125,687862.01171875,0.8447531212000857,0.8442394419714596,0.9562270262595204
ga,cpu,raw,temporal,ga_arch_128_64_scaler_standard_opt_adam_batch_64_act_relu_drop_0.2,test,CPUTime,100,162368.00219726562,111006.5419921875,483676.5114746094,0.9280995350470935,0.9719545287527602,0.9963520658832348
ga,cpu,raw,temporal,ga_arch_128_64_scaler_standard_opt_adam_batch_64_act_relu_drop_0.2,train,CPUTime,100,68386.97134765625,65065.08154296875,117743.958984375,0.788398088363832,0.7866542411247048,0.9583854664530588
ga,cpu,raw,temporal,ga_arch_128_64_scaler_standard_opt_adam_batch_64_act_relu_drop_0.2,val,CPUTime,100,199720.72344726563,156772.1201171875,686913.5546875,9.416423175013442,0.8509641884312344,857.3537022292994
ga,cpu,raw,temporal,ga_arch_128_64_scaler_standard_opt_adam_batch_64_act_relu_drop_0.3,test,CPUTime,100,162479.61004730224,111136.685546875,483664.5841064453,0.9287676544948996,0.9718772094583116,0.9963140761911656
ga,cpu,raw,temporal,ga_arch_128_64_scaler_standard_opt_adam_batch_64_act_relu_drop_0.3,train,CPUTime,100,68573.75110595702,65144.990234375,118078.1787109375,0.7931525219931725,0.787633284917423,0.959548260270111
ga,cpu,raw,temporal,ga_arch_128_64_scaler_standard_opt_adam_batch_64_act_relu_drop_0.3,val,CPUTime,100,199833.55989257814,157011.4580078125,687169.34765625,9.195449252070548,0.8509947629558157,835.1798367834394
ga,cpu,raw,temporal,ga_arch_128_64_scaler_standard_opt_rmsprop_batch_128_act_elu_drop_0.2,test,CPUTime,100,165359.32653538705,114293.57352638245,485444.8794746399,0.9482208223855936,0.9998527019008137,1.01217084729122
ga,cpu,raw,temporal,ga_arch_128_64_scaler_standard_opt_rmsprop_batch_128_act_elu_drop_0.2,train,CPUTime,100,67187.66642412185,63144.268838882446,113999.345703125,0.7780160030068376,0.7691136498261982,0.9998200234100116
ga,cpu,raw,temporal,ga_arch_128_64_scaler_standard_opt_rmsprop_batch_128_act_elu_drop_0.2,val,CPUTime,100,198799.34796875,155228.5771484375,688867.94921875,0.847580162966183,0.8526672579238483,0.9546429412048026
ga,cpu,raw,temporal,ga_arch_128_64_scaler_standard_opt_rmsprop_batch_128_act_elu_drop_0.3,test,CPUTime,100,165413.01974420546,114624.84586906433,485427.57845687866,0.9456333843550376,0.9996350598611469,0.9999393941314652
ga,cpu,raw,temporal,ga_arch_128_64_scaler_standard_opt_rmsprop_batch_128_act_elu_drop_0.3,train,CPUTime,100,67623.46987005234,63313.4453125,114272.1396484375,0.7831182152801947,0.7746830465073479,0.9995981934536308
ga,cpu,raw,temporal,ga_arch_128_64_scaler_standard_opt_rmsprop_batch_128_act_elu_drop_0.3,val,CPUTime,100,199487.72107421875,156322.2021484375,689970.14453125,0.8510043972292627,0.8550659569638059,0.9558160043880712
ga,cpu,raw,temporal,ga_arch_128_64_scaler_standard_opt_rmsprop_batch_128_act_relu_drop_0.2,test,CPUTime,100,162699.31690612793,111469.85668945312,484334.9020996094,0.9300334267013248,0.9747548798139352,0.9977050033365408
ga,cpu,raw,temporal,ga_arch_128_64_scaler_standard_opt_rmsprop_batch_128_act_relu_drop_0.2,train,CPUTime,100,68693.38543701172,65381.69140625,117787.716796875,0.7935226147838947,0.7918503159624939,0.9987849496929756
ga,cpu,raw,temporal,ga_arch_128_64_scaler_standard_opt_rmsprop_batch_128_act_relu_drop_0.2,val,CPUTime,100,200178.5838671875,157499.2734375,687499.75,9.519500418045931,0.8524002016614316,867.4346138535032
ga,cpu,raw,temporal,ga_arch_128_64_scaler_standard_opt_rmsprop_batch_128_act_relu_drop_0.3,test,CPUTime,100,162773.41764450073,111352.66802978516,484299.87463378906,0.9314111827199432,0.9785384512378918,0.9980625131301414
ga,cpu,raw,temporal,ga_arch_128_64_scaler_standard_opt_rmsprop_batch_128_act_relu_drop_0.3,train,CPUTime,100,68407.37836547852,65349.489807128906,117755.0615234375,0.7914142632543859,0.787707822182892,0.9732359539295096
ga,cpu,raw,temporal,ga_arch_128_64_scaler_standard_opt_rmsprop_batch_128_act_relu_drop_0.3,val,CPUTime,100,199964.62396484375,157039.6796875,687386.86328125,9.51934806723073,0.8521016591454342,867.5412022292994
ga,cpu,raw,temporal,ga_arch_128_64_scaler_standard_opt_rmsprop_batch_64_act_elu_drop_0.2,test,CPUTime,100,165279.15808794022,114538.84815597534,485422.12802124023,0.9444408332722842,0.9995892679367695,1.0070888348828453
ga,cpu,raw,temporal,ga_arch_128_64_scaler_standard_opt_rmsprop_batch_64_act_elu_drop_0.2,train,CPUTime,100,67408.77065879822,63126.90747642517,113964.2939453125,0.780232867474452,0.7735572363771426,0.999483132849151
ga,cpu,raw,temporal,ga_arch_128_64_scaler_standard_opt_rmsprop_batch_64_act_elu_drop_0.2,val,CPUTime,100,199113.41607421875,155969.7548828125,689932.48046875,0.8485853698653999,0.8518511380941753,0.955488660721568
ga,cpu,raw,temporal,ga_arch_128_64_scaler_standard_opt_rmsprop_batch_64_act_elu_drop_0.3,test,CPUTime,100,165562.09677581786,114691.64107131958,485422.07706451416,0.9465088426186214,0.9995668212407652,0.9999280617325822
ga,cpu,raw,temporal,ga_arch_128_64_scaler_standard_opt_rmsprop_batch_64_act_elu_drop_0.3,train,CPUTime,100,67996.13282684326,63520.3837890625,114568.2900390625,0.7824458786961774,0.7715207031437341,0.9994814323931124
ga,cpu,raw,temporal,ga_arch_128_64_scaler_standard_opt_rmsprop_batch_64_act_elu_drop_0.3,val,CPUTime,100,200047.50439453125,157004.240234375,690494.1796875,0.853374240449556,0.8568057866868414,0.9563568117980984
ga,cpu,raw,temporal,ga_arch_128_64_scaler_standard_opt_rmsprop_batch_64_act_relu_drop_0.2,test,CPUTime,100,162762.14861572266,111343.89611816406,484128.56604003906,0.9309529844388781,0.9776161833889074,0.9972663438735798
ga,cpu,raw,temporal,ga_arch_128_64_scaler_standard_opt_rmsprop_batch_64_act_relu_drop_0.2,train,CPUTime,100,68438.02571777343,65006.767578125,117806.7060546875,0.7938990721615394,0.7913532635769595,0.9550946052625472
ga,cpu,raw,temporal,ga_arch_128_64_scaler_standard_opt_rmsprop_batch_64_act_relu_drop_0.2,val,CPUTime,100,199866.15485351562,156909.818359375,687477.54296875,9.116899884887731,0.8516457216123452,827.3159335191083
ga,cpu,raw,temporal,ga_arch_128_64_scaler_standard_opt_rmsprop_batch_64_act_relu_drop_0.3,test,CPUTime,100,162810.44142547608,111453.99810791016,484319.5076904297,0.9309214666367422,0.9773946065416185,0.99767318343832
ga,cpu,raw,temporal,ga_arch_128_64_scaler_standard_opt_rmsprop_batch_64_act_relu_drop_0.3,train,CPUTime,100,68928.96568817139,65541.982421875,117991.537109375,0.7979514077119956,0.7928417945818121,0.9987338075138216
ga,cpu,raw,temporal,ga_arch_128_64_scaler_standard_opt_rmsprop_batch_64_act_relu_drop_0.3,val,CPUTime,100,200423.97158203126,157960.3369140625,688025.75390625,8.900356535929587,0.8537140194226516,805.3478801751593
ga,cpu,raw,temporal,ga_arch_64_32_scaler_minmax_opt_adam_batch_128_act_elu_drop_0.2,test,CPUTime,100,166136.58500427246,115068.36608886719,487418.6590576172,0.9499341414712292,0.987434169843119,1.034637030261922
ga,cpu,raw,temporal,ga_arch_64_32_scaler_minmax_opt_adam_batch_128_act_elu_drop_0.2,train,CPUTime,100,71126.49344238281,67039.083984375,118721.7529296875,0.8063748578185485,0.8047368331480346,0.9181599403706576
ga,cpu,raw,temporal,ga_arch_64_32_scaler_minmax_opt_adam_batch_128_act_elu_drop_0.2,val,CPUTime,100,205656.99697265626,163398.736328125,695015.576171875,0.8811733113394504,0.8735606648579863,0.9655708022534328
ga,cpu,raw,temporal,ga_arch_64_32_scaler_minmax_opt_adam_batch_128_act_elu_drop_0.3,test,CPUTime,100,165726.8568659973,115014.06378173828,486271.5495605469,0.9439103083021698,0.9821064464529947,1.0150573499128928
ga,cpu,raw,temporal,ga_arch_64_32_scaler_minmax_opt_adam_batch_128_act_elu_drop_0.3,train,CPUTime,100,71592.0402734375,67307.4814453125,118767.544921875,0.8110717995755765,0.8083057321239147,0.918514082486814
ga,cpu,raw,temporal,ga_arch_64_32_scaler_minmax_opt_adam_batch_128_act_elu_drop_0.3,val,CPUTime,100,206630.75985351563,164395.83984375,696232.419921875,0.8859548669039425,0.8784897622783476,0.9669764236094508
ga,cpu,raw,temporal,ga_arch_64_32_scaler_minmax_opt_adam_batch_128_act_relu_drop_0.2,test,CPUTime,100,163235.1169354248,113886.3720703125,482615.7404785156,0.9245108906889853,0.950971339955514,0.9985063030333688
ga,cpu,raw,temporal,ga_arch_64_32_scaler_minmax_opt_adam_batch_128_act_relu_drop_0.2,train,CPUTime,100,71335.93824707031,67133.0771484375,118624.083984375,0.8071488376747085,0.8059655032731421,0.9174045967980496
ga,cpu,raw,temporal,ga_arch_64_32_scaler_minmax_opt_adam_batch_128_act_relu_drop_0.2,val,CPUTime,100,204999.7251171875,163519.4794921875,691758.337890625,0.8788809775494834,0.8715584547289865,0.9650553954880368
ga,cpu,raw,temporal,ga_arch_64_32_scaler_minmax_opt_adam_batch_128_act_relu_drop_0.3,test,CPUTime,100,163347.599246521,114666.8779296875,482095.8615722656,0.9253203163844629,0.9495082691486718,1.0028518006100844
ga,cpu,raw,temporal,ga_arch_64_32_scaler_minmax_opt_adam_batch_128_act_relu_drop_0.3,train,CPUTime,100,71762.05891601562,67274.474609375,118614.447265625,0.8118764894401689,0.8119827876001551,0.9173300691828946
ga,cpu,raw,temporal,ga_arch_64_32_scaler_minmax_opt_adam_batch_128_act_relu_drop_0.3,val,CPUTime,100,206135.8448046875,164297.1875,694102.05078125,0.8838359280869813,0.8769147351983748,0.9664183674917805
ga,cpu,raw,temporal,ga_arch_64_32_scaler_minmax_opt_adam_batch_64_act_elu_drop_0.2,test,CPUTime,100,165701.4491434765,115786.58435869217,485465.5253171921,0.9465413504059872,1.0000260536352692,1.0001565973666824
ga,cpu,raw,temporal,ga_arch_64_32_scaler_minmax_opt_adam_batch_64_act_elu_drop_0.2,train,CPUTime,100,70243.71531738281,66579.6396484375,118789.080078125,0.7983566143780539,0.793020454593268,0.938033736800814
ga,cpu,raw,temporal,ga_arch_64_32_scaler_minmax_opt_adam_batch_64_act_elu_drop_0.2,val,CPUTime,100,204778.05391601563,162324.5205078125,694616.92578125,0.8765527397408293,0.8709125918184981,0.9648336095177358
ga,cpu,raw,temporal,ga_arch_64_32_scaler_minmax_opt_adam_batch_64_act_elu_drop_0.3,test,CPUTime,100,165962.2117627716,116424.04576015472,485472.7949352264,0.9475830328725919,1.000048833374489,1.0002218827973102
ga,cpu,raw,temporal,ga_arch_64_32_scaler_minmax_opt_adam_batch_64_act_elu_drop_0.3,train,CPUTime,100,70683.41599609375,66786.107421875,118409.7138671875,0.802272332985758,0.7958696384077772,0.9428645003911834
ga,cpu,raw,temporal,ga_arch_64_32_scaler_minmax_opt_adam_batch_64_act_elu_drop_0.3,val,CPUTime,100,205739.90280273437,163320.7470703125,695842.681640625,0.8812939830732469,0.8750286733099386,0.9660344574026796
ga,cpu,raw,temporal,ga_arch_64_32_scaler_minmax_opt_adam_batch_64_act_relu_drop_0.2,test,CPUTime,100,165119.46411239624,114367.4306640625,485672.609375,0.9436883688608259,1.0006685889481137,1.003225648847473
ga,cpu,raw,temporal,ga_arch_64_32_scaler_minmax_opt_adam_batch_64_act_relu_drop_0.2,train,CPUTime,100,69981.64111328125,66245.2939453125,118697.384765625,0.798227870579602,0.795231737191022,0.9310529215911536
ga,cpu,raw,temporal,ga_arch_64_32_scaler_minmax_opt_adam_batch_64_act_relu_drop_0.2,val,CPUTime,100,203148.97252929688,161271.6953125,690898.00390625,0.8689156370475526,0.8653469925037283,0.9630754663259524
ga,cpu,raw,temporal,ga_arch_64_32_scaler_minmax_opt_adam_batch_64_act_relu_drop_0.3,test,CPUTime,100,165137.07284160613,115147.68530273438,485387.9745864868,0.9412963467076838,0.9958156971770524,0.999857813537526
ga,cpu,raw,temporal,ga_arch_64_32_scaler_minmax_opt_adam_batch_64_act_relu_drop_0.3,train,CPUTime,100,70958.04879882812,66914.60546875,118765.001953125,0.8065264627203658,0.8046174713401038,0.9238803907518528
ga,cpu,raw,temporal,ga_arch_64_32_scaler_minmax_opt_adam_batch_64_act_relu_drop_0.3,val,CPUTime,100,204680.41543945312,163048.2119140625,692125.931640625,0.8766761451381037,0.8725162828049458,0.9650294098155824
ga,cpu,raw,temporal,ga_arch_64_32_scaler_minmax_opt_rmsprop_batch_128_act_elu_drop_0.2,test,CPUTime,100,160383.8497729492,113009.00146484375,475420.8037109375,0.8971078177031567,0.9000667563145373,0.9799344313292344
ga,cpu,raw,temporal,ga_arch_64_32_scaler_minmax_opt_rmsprop_batch_128_act_elu_drop_0.2,train,CPUTime,100,72890.67446777344,67835.216796875,119019.146484375,0.8188207404673961,0.8170102800096612,0.920459896711432
ga,cpu,raw,temporal,ga_arch_64_32_scaler_minmax_opt_rmsprop_batch_128_act_elu_drop_0.2,val,CPUTime,100,208217.8480957031,165873.7646484375,697792.666015625,0.8934405978518006,0.8846469055172181,0.968727203141172
ga,cpu,raw,temporal,ga_arch_64_32_scaler_minmax_opt_rmsprop_batch_128_act_elu_drop_0.3,test,CPUTime,100,162383.46032393933,114612.88720703125,479380.13037109375,0.9141926122529925,0.9216051081215308,0.9999518912612354
ga,cpu,raw,temporal,ga_arch_64_32_scaler_minmax_opt_rmsprop_batch_128_act_elu_drop_0.3,train,CPUTime,100,72459.76529785157,67704.28759765625,118915.8349609375,0.8165372158566163,0.8163102195060153,0.9196609150601488
ga,cpu,raw,temporal,ga_arch_64_32_scaler_minmax_opt_rmsprop_batch_128_act_elu_drop_0.3,val,CPUTime,100,207610.21392578125,165530.607421875,696860.203125,0.8906987689102109,0.8829512064746508,0.9681766672403052
ga,cpu,raw,temporal,ga_arch_64_32_scaler_minmax_opt_rmsprop_batch_128_act_relu_drop_0.2,test,CPUTime,100,161604.1458883667,114320.95776367188,478514.0908203125,0.9090272252510375,0.9182244979646754,0.9947370911052812
ga,cpu,raw,temporal,ga_arch_64_32_scaler_minmax_opt_rmsprop_batch_128_act_relu_drop_0.2,train,CPUTime,100,72296.33610839843,67422.912109375,118643.345703125,0.8171031302144559,0.8160430045438418,0.9175535613989126
ga,cpu,raw,temporal,ga_arch_64_32_scaler_minmax_opt_rmsprop_batch_128_act_relu_drop_0.2,val,CPUTime,100,206779.82279296874,165107.630859375,694206.587890625,0.8876872340666161,0.8810554448113102,0.9671742673847636
ga,cpu,raw,temporal,ga_arch_64_32_scaler_minmax_opt_rmsprop_batch_128_act_relu_drop_0.3,test,CPUTime,100,161526.2113543701,114298.36669921875,478008.02099609375,0.9080656128265235,0.9161794627689355,0.9948825147205702
ga,cpu,raw,temporal,ga_arch_64_32_scaler_minmax_opt_rmsprop_batch_128_act_relu_drop_0.3,train,CPUTime,100,72511.55216308594,67705.72265625,118692.5673828125,0.8177933476971885,0.8179668482518085,0.9179342277331908
ga,cpu,raw,temporal,ga_arch_64_32_scaler_minmax_opt_rmsprop_batch_128_act_relu_drop_0.3,val,CPUTime,100,207396.66551757813,165585.4794921875,695361.921875,0.8898938294021227,0.8835130122643355,0.9679265692193054
ga,cpu,raw,temporal,ga_arch_64_32_scaler_minmax_opt_rmsprop_batch_64_act_elu_drop_0.2,test,CPUTime,100,165611.04098593234,115909.05813336372,485458.88385009766,0.9435069376306712,1.0000057410669752,1.0000257511358968
ga,cpu,raw,temporal,ga_arch_64_32_scaler_minmax_opt_rmsprop_batch_64_act_elu_drop_0.2,train,CPUTime,100,70371.21991210937,66643.2021484375,118521.3212890625,0.7986926998663271,0.7943591964631875,0.9340692036772972
ga,cpu,raw,temporal,ga_arch_64_32_scaler_minmax_opt_rmsprop_batch_64_act_elu_drop_0.2,val,CPUTime,100,204919.2294140625,162641.5078125,694626.958984375,0.8772836821659298,0.8713415187029052,0.9650009906471136
ga,cpu,raw,temporal,ga_arch_64_32_scaler_minmax_opt_rmsprop_batch_64_act_elu_drop_0.3,test,CPUTime,100,165779.57712833406,115729.30291748047,485421.0231628418,0.9445861885436057,0.9984602839168052,0.9999258907850578
ga,cpu,raw,temporal,ga_arch_64_32_scaler_minmax_opt_rmsprop_batch_64_act_elu_drop_0.3,train,CPUTime,100,71299.81014648438,67092.27587890625,118937.107421875,0.8084406662263898,0.8045739231225977,0.9278459538759246
ga,cpu,raw,temporal,ga_arch_64_32_scaler_minmax_opt_rmsprop_batch_64_act_elu_drop_0.3,val,CPUTime,100,206108.51736328125,163938.39453125,695623.568359375,0.8832615922179464,0.8772758532735936,0.9666029039440786
ga,cpu,raw,temporal,ga_arch_64_32_scaler_minmax_opt_rmsprop_batch_64_act_relu_drop_0.2,test,CPUTime,100,164939.15892374993,114188.001953125,485416.01594924927,0.9423788411953099,0.9995084836403735,0.9999638282473844
ga,cpu,raw,temporal,ga_arch_64_32_scaler_minmax_opt_rmsprop_batch_64_act_relu_drop_0.2,train,CPUTime,100,70135.69890136718,66307.626953125,118733.271484375,0.8001049888794429,0.7970853952520927,0.9305127472868702
ga,cpu,raw,temporal,ga_arch_64_32_scaler_minmax_opt_rmsprop_batch_64_act_relu_drop_0.2,val,CPUTime,100,203117.32123046875,161529.572265625,690155.171875,0.8688411449194875,0.8660043765263692,0.9632544491338468
ga,cpu,raw,temporal,ga_arch_64_32_scaler_minmax_opt_rmsprop_batch_64_act_relu_drop_0.3,test,CPUTime,100,165272.0492071724,114970.2343826294,485635.7389526367,0.9421408836693989,0.9892848974660968,1.0024862396180347
ga,cpu,raw,temporal,ga_arch_64_32_scaler_minmax_opt_rmsprop_batch_64_act_relu_drop_0.3,train,CPUTime,100,71246.22712402344,67213.6279296875,118931.8466796875,0.8081086594743309,0.8064291220865378,0.9197847450944092
ga,cpu,raw,temporal,ga_arch_64_32_scaler_minmax_opt_rmsprop_batch_64_act_relu_drop_0.3,val,CPUTime,100,205052.74143554686,163417.755859375,692326.734375,0.8791917131142379,0.8738640660933307,0.9653359204490484
ga,cpu,raw,temporal,ga_arch_64_32_scaler_standard_opt_adam_batch_128_act_elu_drop_0.2,test,CPUTime,100,165064.0242821312,114214.29183197021,485594.4373779297,0.9471554748366705,1.0004605760640826,1.0062864143518988
ga,cpu,raw,temporal,ga_arch_64_32_scaler_standard_opt_adam_batch_128_act_elu_drop_0.2,train,CPUTime,100,67783.85829248428,63717.5263671875,114870.72265625,0.7866309969841851,0.7731465606461068,0.9998114551111146
ga,cpu,raw,temporal,ga_arch_64_32_scaler_standard_opt_adam_batch_128_act_elu_drop_0.2,val,CPUTime,100,199006.44380859376,156395.765625,689606.77734375,0.8472530726774756,0.8446776294738316,0.9561913752682448
ga,cpu,raw,temporal,ga_arch_64_32_scaler_standard_opt_adam_batch_128_act_elu_drop_0.3,test,CPUTime,100,165131.57767373562,114358.77935600281,485447.4266901016,0.9438149476515479,0.9998874310343737,1.0004835813247903
ga,cpu,raw,temporal,ga_arch_64_32_scaler_standard_opt_adam_batch_128_act_elu_drop_0.3,train,CPUTime,100,68354.08075281144,64187.02978515625,115491.873046875,0.7915589500481385,0.7814339407155682,0.99985885203783
ga,cpu,raw,temporal,ga_arch_64_32_scaler_standard_opt_adam_batch_128_act_elu_drop_0.3,val,CPUTime,100,200063.12080078124,157707.9833984375,690511.7265625,0.8525728887644806,0.8500350298018975,0.9579113982668148
ga,cpu,raw,temporal,ga_arch_64_32_scaler_standard_opt_adam_batch_128_act_relu_drop_0.2,test,CPUTime,100,162838.87829803466,111558.84832763672,484211.4606933594,0.9312541859415404,0.9766122760019511,0.9974506237548536
ga,cpu,raw,temporal,ga_arch_64_32_scaler_standard_opt_adam_batch_128_act_relu_drop_0.2,train,CPUTime,100,68621.02782470704,65273.05859375,117805.505859375,0.7909527813677267,0.7893320579595026,0.9580343310042968
ga,cpu,raw,temporal,ga_arch_64_32_scaler_standard_opt_adam_batch_128_act_relu_drop_0.2,val,CPUTime,100,200123.9887207031,157231.2138671875,687635.53515625,9.215532265525425,0.8527651400208598,837.0543391719746
ga,cpu,raw,temporal,ga_arch_64_32_scaler_standard_opt_adam_batch_128_act_relu_drop_0.3,test,CPUTime,100,162895.34890655518,111633.85180664062,484050.6389160156,0.9317556501556105,0.9747654900675518,0.997545802184069
ga,cpu,raw,temporal,ga_arch_64_32_scaler_standard_opt_adam_batch_128_act_relu_drop_0.3,train,CPUTime,100,68959.12958740235,65520.7548828125,118221.0712890625,0.7948119044229489,0.7917507995507755,0.963553718115441
ga,cpu,raw,temporal,ga_arch_64_32_scaler_standard_opt_adam_batch_128_act_relu_drop_0.3,val,CPUTime,100,200437.03017578126,157801.26171875,687806.02734375,9.162268537541742,0.8543321689542704,831.5562300955414
ga,cpu,raw,temporal,ga_arch_64_32_scaler_standard_opt_adam_batch_64_act_elu_drop_0.2,test,CPUTime,100,164975.32017751693,114073.75201511383,485465.57667827606,0.9465649582348594,1.0000312364281465,1.0008384481412016
ga,cpu,raw,temporal,ga_arch_64_32_scaler_standard_opt_adam_batch_64_act_elu_drop_0.2,train,CPUTime,100,67540.91742677688,63426.778076171875,114592.2822265625,0.7836754815142881,0.7716779411126778,1.000166051542153
ga,cpu,raw,temporal,ga_arch_64_32_scaler_standard_opt_adam_batch_64_act_elu_drop_0.2,val,CPUTime,100,199024.74302734376,156365.29296875,689649.703125,0.8481113844020632,0.8488645168242365,0.9561609593146712
ga,cpu,raw,temporal,ga_arch_64_32_scaler_standard_opt_adam_batch_64_act_elu_drop_0.3,test,CPUTime,100,165536.94438188552,114544.5001039505,485474.677942276,0.9467999504219142,1.0000546510400885,1.0002395190401323
ga,cpu,raw,temporal,ga_arch_64_32_scaler_standard_opt_adam_batch_64_act_elu_drop_0.3,train,CPUTime,100,68034.19985397339,63504.6689453125,115358.81640625,0.7877523936133154,0.7769348325484967,1.000342277382977
ga,cpu,raw,temporal,ga_arch_64_32_scaler_standard_opt_adam_batch_64_act_elu_drop_0.3,val,CPUTime,100,200105.16805664063,157522.41796875,689690.94921875,0.8531677151374686,0.8514140652679567,0.9568064290262044
ga,cpu,raw,temporal,ga_arch_64_32_scaler_standard_opt_adam_batch_64_act_relu_drop_0.2,test,CPUTime,100,162520.9912008667,111116.37158203125,483776.6629638672,0.9292614240464776,0.97333626789247,0.996564244349358
ga,cpu,raw,temporal,ga_arch_64_32_scaler_standard_opt_adam_batch_64_act_relu_drop_0.2,train,CPUTime,100,68501.1576928711,65241.07275390625,117890.009765625,0.7926111578529925,0.788768848732198,0.966531882093836
ga,cpu,raw,temporal,ga_arch_64_32_scaler_standard_opt_adam_batch_64_act_relu_drop_0.2,val,CPUTime,100,199890.8370214844,157011.2587890625,687417.5234375,8.897841237334736,0.8523885954013273,805.3795282643312
ga,cpu,raw,temporal,ga_arch_64_32_scaler_standard_opt_adam_batch_64_act_relu_drop_0.3,test,CPUTime,100,162926.35508392335,111487.22064208984,484205.0106201172,0.9323021622360447,0.9767533453274241,0.9978904868708482
ga,cpu,raw,temporal,ga_arch_64_32_scaler_standard_opt_adam_batch_64_act_relu_drop_0.3,train,CPUTime,100,68922.5802734375,65743.0966796875,117896.5927734375,0.7943616510168988,0.7928346222910311,0.9741343475643144
ga,cpu,raw,temporal,ga_arch_64_32_scaler_standard_opt_adam_batch_64_act_relu_drop_0.3,val,CPUTime,100,200564.36251953125,158040.494140625,688165.671875,8.773580594756611,0.8551119116668395,792.5969844745223
ga,cpu,raw,temporal,ga_arch_64_32_scaler_standard_opt_rmsprop_batch_128_act_elu_drop_0.2,test,CPUTime,100,165310.35616972446,114777.73839855194,485443.03514766693,0.9445692593183384,0.9998555589556783,1.0065805445702525
ga,cpu,raw,temporal,ga_arch_64_32_scaler_standard_opt_rmsprop_batch_128_act_elu_drop_0.2,train,CPUTime,100,68269.16095668793,64042.35009765625,114938.1123046875,0.7902553526515913,0.775870102790799,0.9998135240370576
ga,cpu,raw,temporal,ga_arch_64_32_scaler_standard_opt_rmsprop_batch_128_act_elu_drop_0.2,val,CPUTime,100,200107.57462890624,157659.2900390625,690157.5703125,0.853165059666414,0.8516190272373834,0.9568921726814924
ga,cpu,raw,temporal,ga_arch_64_32_scaler_standard_opt_rmsprop_batch_128_act_elu_drop_0.3,test,CPUTime,100,165480.25714791298,114822.44287228584,485437.742023468,0.9457241318734553,0.9997746661567968,1.0015225510070014
ga,cpu,raw,temporal,ga_arch_64_32_scaler_standard_opt_rmsprop_batch_128_act_elu_drop_0.3,train,CPUTime,100,68427.26257795334,64033.205078125,114870.0107421875,0.788425528137138,0.7787903290359726,0.999734944672032
ga,cpu,raw,temporal,ga_arch_64_32_scaler_standard_opt_rmsprop_batch_128_act_elu_drop_0.3,val,CPUTime,100,200435.28036132813,157807.6708984375,690912.38671875,0.8545904189575841,0.8533560585722326,0.9573737604441476
ga,cpu,raw,temporal,ga_arch_64_32_scaler_standard_opt_rmsprop_batch_128_act_relu_drop_0.2,test,CPUTime,100,162677.9867440796,111299.72454833984,484057.4760742187,0.930292124797885,0.9755181080770083,0.9974674060987808
ga,cpu,raw,temporal,ga_arch_64_32_scaler_standard_opt_rmsprop_batch_128_act_relu_drop_0.2,train,CPUTime,100,68812.30540458679,65485.4345703125,117957.4111328125,0.796038342394093,0.7928414971627036,0.9983945417208084
ga,cpu,raw,temporal,ga_arch_64_32_scaler_standard_opt_rmsprop_batch_128_act_relu_drop_0.2,val,CPUTime,100,200151.08806640626,157521.7939453125,687515.96484375,9.157414575670078,0.8523914884735135,831.2080015923567
ga,cpu,raw,temporal,ga_arch_64_32_scaler_standard_opt_rmsprop_batch_128_act_relu_drop_0.3,test,CPUTime,100,162982.41037887573,111607.86083984375,484193.4063720703,0.9323636635381725,0.9761632847602151,0.9974399948515462
ga,cpu,raw,temporal,ga_arch_64_32_scaler_standard_opt_rmsprop_batch_128_act_relu_drop_0.3,train,CPUTime,100,69184.8687953949,65785.5078125,118345.6123046875,0.7991914282834123,0.7959317499237,0.997861596115497
ga,cpu,raw,temporal,ga_arch_64_32_scaler_standard_opt_rmsprop_batch_128_act_relu_drop_0.3,val,CPUTime,100,200514.64672851562,158017.2392578125,688140.3984375,8.533205126502544,0.8547553516060795,768.5613554936306
ga,cpu,raw,temporal,ga_arch_64_32_scaler_standard_opt_rmsprop_batch_64_act_elu_drop_0.2,test,CPUTime,100,165245.7230856037,113873.19704818726,485426.8120288849,0.945077150669876,0.9996524017243404,1.0086332065500794
ga,cpu,raw,temporal,ga_arch_64_32_scaler_standard_opt_rmsprop_batch_64_act_elu_drop_0.2,train,CPUTime,100,68126.34070114135,63565.7470703125,115971.5751953125,0.7860735735146978,0.7762332340953526,0.9995579320981371
ga,cpu,raw,temporal,ga_arch_64_32_scaler_standard_opt_rmsprop_batch_64_act_elu_drop_0.2,val,CPUTime,100,199637.44102539064,157256.8046875,687969.87109375,0.8513394768855065,0.8506159939088574,0.9558444922217776
ga,cpu,raw,temporal,ga_arch_64_32_scaler_standard_opt_rmsprop_batch_64_act_elu_drop_0.3,test,CPUTime,100,165440.81198188782,114522.77024650574,485436.4877586365,0.9460534246704677,0.9997455692902283,0.9999577465329298
ga,cpu,raw,temporal,ga_arch_64_32_scaler_standard_opt_rmsprop_batch_64_act_elu_drop_0.3,train,CPUTime,100,68604.16242298126,64303.123046875,116086.9775390625,0.7874204949921999,0.7779662627690498,0.9996954155265644
ga,cpu,raw,temporal,ga_arch_64_32_scaler_standard_opt_rmsprop_batch_64_act_elu_drop_0.3,val,CPUTime,100,200421.06170898437,158338.1357421875,689219.99609375,0.8552281450864604,0.850527146558953,0.9571781798750604
ga,cpu,raw,temporal,ga_arch_64_32_scaler_standard_opt_rmsprop_batch_64_act_relu_drop_0.2,test,CPUTime,100,162984.98887634277,111657.49279785156,484179.81872558594,0.932549425762737,0.9777183959790015,0.9975779925579522
ga,cpu,raw,temporal,ga_arch_64_32_scaler_standard_opt_rmsprop_batch_64_act_relu_drop_0.2,train,CPUTime,100,68992.67511749268,65599.982421875,118099.2958984375,0.7987598001761275,0.7965669268884317,0.9976696121485912
ga,cpu,raw,temporal,ga_arch_64_32_scaler_standard_opt_rmsprop_batch_64_act_relu_drop_0.2,val,CPUTime,100,200494.9374609375,157758.9248046875,688073.9921875,9.076250772200016,0.8547261034464206,822.9279956210191
ga,cpu,raw,temporal,ga_arch_64_32_scaler_standard_opt_rmsprop_batch_64_act_relu_drop_0.3,test,CPUTime,100,163157.06569274902,111942.81829833984,484347.7287597656,0.9333465418585749,0.9780530358816462,0.9977350218592034
ga,cpu,raw,temporal,ga_arch_64_32_scaler_standard_opt_rmsprop_batch_64_act_relu_drop_0.3,train,CPUTime,100,69246.31874328613,65747.2685546875,118535.9912109375,0.8022081077126834,0.7971726855175968,0.9974900014963598
ga,cpu,raw,temporal,ga_arch_64_32_scaler_standard_opt_rmsprop_batch_64_act_relu_drop_0.3,val,CPUTime,100,200675.68076171874,158138.4580078125,688442.75,8.54356371785942,0.8553651442469167,769.5242834394904
ga,memory,raw,record,ga_arch_128_64_scaler_minmax_opt_adam_batch_128_act_elu_drop_0.2,test,max_rss,100,1467022.49609375,1469684.703125,2390848.96875,0.8548394162126116,0.8546641914712931,0.9003469963389258
ga,memory,raw,record,ga_arch_128_64_scaler_minmax_opt_adam_batch_128_act_elu_drop_0.2,train,max_rss,100,321124.994375,302905.23046875,1151050.2109375,0.6164670699085523,0.5863245863491967,0.935326505669814
ga,memory,raw,record,ga_arch_128_64_scaler_minmax_opt_adam_batch_128_act_elu_drop_0.2,val,max_rss,100,200574.5472265625,168824.12890625,490787.234375,0.8190714670923398,0.5975471143078239,4.846403707814652
ga,memory,raw,record,ga_arch_128_64_scaler_minmax_opt_adam_batch_128_act_elu_drop_0.3,test,max_rss,100,1467688.96140625,1468382.5078125,2395752.34375,0.8550575837766579,0.857272164418202,0.9005925199806032
ga,memory,raw,record,ga_arch_128_64_scaler_minmax_opt_adam_batch_128_act_elu_drop_0.3,train,max_rss,100,323860.340078125,305014.828125,1151120.375,0.6213632042300619,0.5911700700926724,0.9353835199570956
ga,memory,raw,record,ga_arch_128_64_scaler_minmax_opt_adam_batch_128_act_elu_drop_0.3,val,max_rss,100,201146.58125,169072.44140625,493846.265625,0.7610109846217786,0.5961216207414515,4.726268107033468
ga,memory,raw,record,ga_arch_128_64_scaler_minmax_opt_adam_batch_128_act_relu_drop_0.2,test,max_rss,100,1460237.69296875,1468275.515625,2371780.875,0.8519415515951231,0.8482221240359844,0.8990140737134653
ga,memory,raw,record,ga_arch_128_64_scaler_minmax_opt_adam_batch_128_act_relu_drop_0.2,train,max_rss,100,315226.5535546875,294812.39453125,1149889.5546875,0.6108783810394146,0.5766971998070689,0.9343833734378048
ga,memory,raw,record,ga_arch_128_64_scaler_minmax_opt_adam_batch_128_act_relu_drop_0.2,val,max_rss,100,198205.12095703126,166723.4453125,489719.1875,0.9027081485825431,0.6000987498595656,4.999289154045017
ga,memory,raw,record,ga_arch_128_64_scaler_minmax_opt_adam_batch_128_act_relu_drop_0.3,test,max_rss,100,1460746.7925,1469791.9765625,2370935.34375,0.8523131899266552,0.8490475871242921,0.8993077908197288
ga,memory,raw,record,ga_arch_128_64_scaler_minmax_opt_adam_batch_128_act_relu_drop_0.3,train,max_rss,100,315804.9098046875,295523.67578125,1150381.421875,0.6120366705414896,0.5774399237606053,0.9347830574944744
ga,memory,raw,record,ga_arch_128_64_scaler_minmax_opt_adam_batch_128_act_relu_drop_0.3,val,max_rss,100,198925.77146484374,167060.03125,489407.984375,0.8791105190441884,0.5986157485154038,5.026282420546829
ga,memory,raw,record,ga_arch_128_64_scaler_minmax_opt_adam_batch_64_act_elu_drop_0.2,test,max_rss,100,1559042.366875,1537533.76953125,2529639.96875,0.9079973901973376,0.9119432549521966,0.9426096569317678
ga,memory,raw,record,ga_arch_128_64_scaler_minmax_opt_adam_batch_64_act_elu_drop_0.2,train,max_rss,100,404027.289609375,401769.921875,1150327.296875,0.7650249436632709,0.7560043268027339,0.9347390763139504
ga,memory,raw,record,ga_arch_128_64_scaler_minmax_opt_adam_batch_64_act_elu_drop_0.2,val,max_rss,100,226560.6714453125,202427.34375,595400.8515625,0.8765631616904188,0.6522828804559284,3.974568235844979
ga,memory,raw,record,ga_arch_128_64_scaler_minmax_opt_adam_batch_64_act_elu_drop_0.3,test,max_rss,100,1562592.6196875,1539221.203125,2534709.0625,0.9100493823250321,0.9120107034286657,0.9374315799809682
ga,memory,raw,record,ga_arch_128_64_scaler_minmax_opt_adam_batch_64_act_elu_drop_0.3,train,max_rss,100,402399.748828125,403354.2578125,1141937.3125,0.7577719964768477,0.756374401573505,0.9279214981635572
ga,memory,raw,record,ga_arch_128_64_scaler_minmax_opt_adam_batch_64_act_elu_drop_0.3,val,max_rss,100,219127.83734375,196645.1953125,594342.9375,0.8594243859056264,0.6191361750252342,3.7656416582624983
ga,memory,raw,record,ga_arch_128_64_scaler_minmax_opt_adam_batch_64_act_relu_drop_0.2,test,max_rss,100,1547784.515859375,1535006.11328125,2508437.34375,0.9016899247927352,0.9068896760731544,0.9440924035356898
ga,memory,raw,record,ga_arch_128_64_scaler_minmax_opt_adam_batch_64_act_relu_drop_0.2,train,max_rss,100,401959.170859375,395735.2890625,1155448.5546875,0.760945707751906,0.7566916100977248,0.938900535239794
ga,memory,raw,record,ga_arch_128_64_scaler_minmax_opt_adam_batch_64_act_relu_drop_0.2,val,max_rss,100,228543.8265625,187556.7265625,600851.8125,0.9230138894082526,0.6728194192474762,4.489715548912261
ga,memory,raw,record,ga_arch_128_64_scaler_minmax_opt_adam_batch_64_act_relu_drop_0.3,test,max_rss,100,1450270.4378125,1460166.4296875,2358030.5625,0.84620449243,0.843132613452781,0.8923735742879857
ga,memory,raw,record,ga_arch_128_64_scaler_minmax_opt_adam_batch_64_act_relu_drop_0.3,train,max_rss,100,306530.6877734375,287411.2265625,1152154.9609375,0.652446920213611,0.5562136167475532,6.202668114846997
ga,memory,raw,record,ga_arch_128_64_scaler_minmax_opt_adam_batch_64_act_relu_drop_0.3,val,max_rss,100,202178.95959960937,166114.2109375,469617.53125,0.8529365796016404,0.589653158592468,5.228926644561216
ga,memory,raw,record,ga_arch_128_64_scaler_minmax_opt_rmsprop_batch_128_act_elu_drop_0.2,test,max_rss,100,1562306.651015625,1542197.83203125,2531417.515625,0.9100122612489304,0.9144144289722955,0.9433726918384978
ga,memory,raw,record,ga_arch_128_64_scaler_minmax_opt_rmsprop_batch_128_act_elu_drop_0.2,train,max_rss,100,407257.0625,406131.3125,1147755.453125,0.7708769804690917,0.7645350536554236,0.932649233833615
ga,memory,raw,record,ga_arch_128_64_scaler_minmax_opt_rmsprop_batch_128_act_elu_drop_0.2,val,max_rss,100,225585.3583203125,200471.88671875,600325.9609375,0.8027926160621988,0.6187782304532093,3.9197206814580032
ga,memory,raw,record,ga_arch_128_64_scaler_minmax_opt_rmsprop_batch_128_act_elu_drop_0.3,test,max_rss,100,1570016.5703125,1548607.70703125,2541193.765625,0.9145452725173535,0.9187344598412822,0.9448156915612836
ga,memory,raw,record,ga_arch_128_64_scaler_minmax_opt_rmsprop_batch_128_act_elu_drop_0.3,train,max_rss,100,412253.620078125,412110.703125,1148588.2734375,0.7773843674439146,0.7730982978375873,0.9333259713949652
ga,memory,raw,record,ga_arch_128_64_scaler_minmax_opt_rmsprop_batch_128_act_elu_drop_0.3,val,max_rss,100,229335.3434765625,207692.14453125,604880.078125,0.8082437528289784,0.6304322803748557,3.66395917375018
ga,memory,raw,record,ga_arch_128_64_scaler_minmax_opt_rmsprop_batch_128_act_relu_drop_0.2,test,max_rss,100,1559259.779375,1545519.4453125,2520198.703125,0.9084972749877818,0.9133811163992571,0.9477552977514424
ga,memory,raw,record,ga_arch_128_64_scaler_minmax_opt_rmsprop_batch_128_act_relu_drop_0.2,train,max_rss,100,411869.424140625,408009.0,1159329.5703125,0.7788186812153015,0.7764700100684597,0.942054191569021
ga,memory,raw,record,ga_arch_128_64_scaler_minmax_opt_rmsprop_batch_128_act_relu_drop_0.2,val,max_rss,100,236498.665625,195376.2734375,612270.015625,0.8953842198163591,0.6686163549423163,5.382864182530039
ga,memory,raw,record,ga_arch_128_64_scaler_minmax_opt_rmsprop_batch_128_act_relu_drop_0.3,test,max_rss,100,1557064.96765625,1543621.875,2517882.34375,0.9072016016249639,0.9121295400498166,0.9472385119337878
ga,memory,raw,record,ga_arch_128_64_scaler_minmax_opt_rmsprop_batch_128_act_relu_drop_0.3,train,max_rss,100,410261.412890625,405834.0859375,1158947.578125,0.7766111550114497,0.7735308530620804,0.9417437903245466
ga,memory,raw,record,ga_arch_128_64_scaler_minmax_opt_rmsprop_batch_128_act_relu_drop_0.3,val,max_rss,100,233478.0122265625,194136.7421875,610243.484375,0.8725009311777076,0.6672505230737861,4.284154840801038
ga,memory,raw,record,ga_arch_128_64_scaler_minmax_opt_rmsprop_batch_64_act_elu_drop_0.2,test,max_rss,100,1564466.26625,1543885.16796875,2535045.15625,0.9112684576158516,0.9158044383979259,0.9441980218890644
ga,memory,raw,record,ga_arch_128_64_scaler_minmax_opt_rmsprop_batch_64_act_elu_drop_0.2,train,max_rss,100,408617.07796875,407945.3359375,1148363.828125,0.772029695979962,0.7660611681397906,0.9331435904285575
ga,memory,raw,record,ga_arch_128_64_scaler_minmax_opt_rmsprop_batch_64_act_elu_drop_0.2,val,max_rss,100,224685.698984375,202549.7265625,600928.90625,0.7896873900877097,0.6207386890477893,3.8527166474571386
ga,memory,raw,record,ga_arch_128_64_scaler_minmax_opt_rmsprop_batch_64_act_elu_drop_0.3,test,max_rss,100,1568489.550859375,1546938.80859375,2540656.984375,0.9136217575171159,0.9177845499168797,0.9446207625726568
ga,memory,raw,record,ga_arch_128_64_scaler_minmax_opt_rmsprop_batch_64_act_elu_drop_0.3,train,max_rss,100,411012.605234375,410268.1796875,1148296.984375,0.7756455721771732,0.7699145324262753,0.9330892741784762
ga,memory,raw,record,ga_arch_128_64_scaler_minmax_opt_rmsprop_batch_64_act_elu_drop_0.3,val,max_rss,100,226737.786171875,205995.875,602871.5546875,0.7893830031985271,0.624513838346619,3.7122285153436105
ga,memory,raw,record,ga_arch_128_64_scaler_minmax_opt_rmsprop_batch_64_act_relu_drop_0.2,test,max_rss,100,1545512.615078125,1533567.83984375,2505664.875,0.9003736100496087,0.9054993595360986,0.9442116908453052
ga,memory,raw,record,ga_arch_128_64_scaler_minmax_opt_rmsprop_batch_64_act_relu_drop_0.2,train,max_rss,100,401772.0434375,394772.4296875,1154851.53125,0.7611747832030352,0.7574430054241623,0.9384154027579146
ga,memory,raw,record,ga_arch_128_64_scaler_minmax_opt_rmsprop_batch_64_act_relu_drop_0.2,val,max_rss,100,222250.150078125,183816.6953125,600674.34375,0.8886661532816218,0.6874019534902365,4.632557448494453
ga,memory,raw,record,ga_arch_128_64_scaler_minmax_opt_rmsprop_batch_64_act_relu_drop_0.3,test,max_rss,100,1556947.897265625,1542413.7421875,2520979.40625,0.9070551992202108,0.9116080484527217,0.94681914394424
ga,memory,raw,record,ga_arch_128_64_scaler_minmax_opt_rmsprop_batch_64_act_relu_drop_0.3,train,max_rss,100,409098.89078125,404768.8203125,1157067.8515625,0.7734260564223964,0.7704611459882676,0.940216352111503
ga,memory,raw,record,ga_arch_128_64_scaler_minmax_opt_rmsprop_batch_64_act_relu_drop_0.3,val,max_rss,100,227225.15578125,191098.875,606942.34375,0.7976447848086068,0.6535729831306908,4.240538106901023
ga,memory,raw,record,ga_arch_128_64_scaler_standard_opt_adam_batch_128_act_elu_drop_0.2,test,max_rss,100,1538985.704765625,1527662.8125,2470389.46875,0.8973759356898303,0.8934659281014992,0.9556912807772968
ga,memory,raw,record,ga_arch_128_64_scaler_standard_opt_adam_batch_128_act_elu_drop_0.2,train,max_rss,100,433557.20140625,426714.625,1193149.95703125,0.8218961230299467,0.8282867384080218,0.9695361413827358
ga,memory,raw,record,ga_arch_128_64_scaler_standard_opt_adam_batch_128_act_elu_drop_0.2,val,max_rss,100,251663.4860636139,215190.705078125,658471.12890625,18.168688594412878,0.8010909684642773,444.40530446293496
ga,memory,raw,record,ga_arch_128_64_scaler_standard_opt_adam_batch_128_act_elu_drop_0.3,test,max_rss,100,1521153.448125,1508481.0390625,2446397.109375,0.887431398551352,0.8830842676648629,0.9508277880869556
ga,memory,raw,record,ga_arch_128_64_scaler_standard_opt_adam_batch_128_act_elu_drop_0.3,train,max_rss,100,423386.46703125,411571.3359375,1189134.73828125,0.8036097596540844,0.8104461454481318,0.9662734335640398
ga,memory,raw,record,ga_arch_128_64_scaler_standard_opt_adam_batch_128_act_elu_drop_0.3,val,max_rss,100,246347.27481877326,209854.49609375,651289.0859375,19.539834422046475,0.8331479562439774,471.02926437216337
ga,memory,raw,record,ga_arch_128_64_scaler_standard_opt_adam_batch_128_act_relu_drop_0.2,test,max_rss,100,1664104.9959960938,1639829.9521484375,2637236.8515625,0.9704760598275386,0.9696992657530918,0.9882880293271488
ga,memory,raw,record,ga_arch_128_64_scaler_standard_opt_adam_batch_128_act_relu_drop_0.2,train,max_rss,100,503522.0843359375,513459.265625,1219971.5908203125,0.9455610370248471,0.9419617872769822,0.99133100729727
ga,memory,raw,record,ga_arch_128_64_scaler_standard_opt_adam_batch_128_act_relu_drop_0.2,val,max_rss,100,327917.61528320314,275116.189453125,1136147.25,1.1441374332872618,0.9239822781247862,12.782359592277576
ga,memory,raw,record,ga_arch_128_64_scaler_standard_opt_adam_batch_128_act_relu_drop_0.3,test,max_rss,100,1578329.3446484376,1566597.4921875,2523310.765625,0.9198416651685837,0.9176626556633665,0.9680595840747886
ga,memory,raw,record,ga_arch_128_64_scaler_standard_opt_adam_batch_128_act_relu_drop_0.3,train,max_rss,100,456894.6539453125,456082.68359375,1203092.63671875,0.8658558014359311,0.8691000196913597,0.9776154169527644
ga,memory,raw,record,ga_arch_128_64_scaler_standard_opt_adam_batch_128_act_relu_drop_0.3,val,max_rss,100,292019.0492480469,234509.412109375,1430546.875,12.681544666028165,0.8431462501364395,306.75744610438727
ga,memory,raw,record,ga_arch_128_64_scaler_standard_opt_adam_batch_64_act_elu_drop_0.2,test,max_rss,100,1606310.204375,1589612.7890625,2563071.421875,0.9362921277370903,0.935139992451388,0.974494096741796
ga,memory,raw,record,ga_arch_128_64_scaler_standard_opt_adam_batch_64_act_elu_drop_0.2,train,max_rss,100,471470.63947265624,474228.1328125,1207292.05859375,0.889348530436232,0.8823064691463323,0.9810278055270022
ga,memory,raw,record,ga_arch_128_64_scaler_standard_opt_adam_batch_64_act_elu_drop_0.2,val,max_rss,100,290529.2312304687,247203.328125,779947.875,3.174656919318942,0.8453293407612197,220.85734953703704
ga,memory,raw,record,ga_arch_128_64_scaler_standard_opt_adam_batch_64_act_elu_drop_0.3,test,max_rss,100,1549682.15625,1539041.09375,2489043.3125,0.9036756619260992,0.9011786532249615,0.9608729351815548
ga,memory,raw,record,ga_arch_128_64_scaler_standard_opt_adam_batch_64_act_elu_drop_0.3,train,max_rss,100,441091.9726171875,433333.4140625,1194279.46484375,0.8365147574276217,0.842217446019003,0.9704539628516464
ga,memory,raw,record,ga_arch_128_64_scaler_standard_opt_adam_batch_64_act_elu_drop_0.3,val,max_rss,100,258862.32194156648,220654.9609375,661971.87890625,14.8127617781757,0.8427001563077794,364.8404878971256
ga,memory,raw,record,ga_arch_128_64_scaler_standard_opt_adam_batch_64_act_relu_drop_0.2,test,max_rss,100,1606943.4296875,1590990.21484375,2565232.15625,0.9366970906353762,0.9360543400242982,0.976200892047454
ga,memory,raw,record,ga_arch_128_64_scaler_standard_opt_adam_batch_64_act_relu_drop_0.2,train,max_rss,100,472980.599765625,474222.54296875,1206719.62890625,0.8929692857344286,0.8957591342299136,0.9805626575653724
ga,memory,raw,record,ga_arch_128_64_scaler_standard_opt_adam_batch_64_act_relu_drop_0.2,val,max_rss,100,296118.5170605469,246369.984375,1053619.125,1.0354933165943443,0.8464558628176218,11.853867118941542
ga,memory,raw,record,ga_arch_128_64_scaler_standard_opt_adam_batch_64_act_relu_drop_0.3,test,max_rss,100,1617668.459609375,1599922.666015625,2578685.5625,0.9430206410734077,0.9422687887937751,0.978305179497577
ga,memory,raw,record,ga_arch_128_64_scaler_standard_opt_adam_batch_64_act_relu_drop_0.3,train,max_rss,100,478526.436171875,483152.91015625,1209472.322265625,0.9006165901978664,0.8943850887411386,0.9827994557836776
ga,memory,raw,record,ga_arch_128_64_scaler_standard_opt_adam_batch_64_act_relu_drop_0.3,val,max_rss,100,300318.5115234375,252910.673828125,985151.375,1.037638842473313,0.8621120864815475,11.083562564691055
ga,memory,raw,record,ga_arch_128_64_scaler_standard_opt_rmsprop_batch_128_act_elu_drop_0.2,test,max_rss,100,1523886.279609375,1511036.6875,2451814.484375,0.8890246001607494,0.8850370825501166,0.9528488421146803
ga,memory,raw,record,ga_arch_128_64_scaler_standard_opt_rmsprop_batch_128_act_elu_drop_0.2,train,max_rss,100,427619.60359375,414483.578125,1189104.30078125,0.8113376345030717,0.818934876201383,0.966248700498318
ga,memory,raw,record,ga_arch_128_64_scaler_standard_opt_rmsprop_batch_128_act_elu_drop_0.2,val,max_rss,100,248298.07297063828,210261.810546875,653868.67578125,19.860062038782786,0.8393812629162984,498.0245839636914
ga,memory,raw,record,ga_arch_128_64_scaler_standard_opt_rmsprop_batch_128_act_elu_drop_0.3,test,max_rss,100,1529211.80015625,1516909.3515625,2459652.75,0.8921766756268434,0.888515040519807,0.9547014184083288
ga,memory,raw,record,ga_arch_128_64_scaler_standard_opt_rmsprop_batch_128_act_elu_drop_0.3,train,max_rss,100,430398.5993359375,418052.79296875,1190009.8359375,0.8167508852138936,0.8238302750301704,0.9669845250743516
ga,memory,raw,record,ga_arch_128_64_scaler_standard_opt_rmsprop_batch_128_act_elu_drop_0.3,val,max_rss,100,249575.34802949906,210773.98046875,655228.41796875,19.524371361914497,0.8408569694301353,502.3335854765507
ga,memory,raw,record,ga_arch_128_64_scaler_standard_opt_rmsprop_batch_128_act_relu_drop_0.2,test,max_rss,100,1540828.153125,1529130.3046875,2473955.125,0.8985016862665437,0.8949502523855084,0.9591982250143358
ga,memory,raw,record,ga_arch_128_64_scaler_standard_opt_rmsprop_batch_128_act_relu_drop_0.2,train,max_rss,100,438262.8090234375,427887.5234375,1194961.99609375,0.8320381980947122,0.8390774065454969,0.9710085777268332
ga,memory,raw,record,ga_arch_128_64_scaler_standard_opt_rmsprop_batch_128_act_relu_drop_0.2,val,max_rss,100,253445.44381340026,217086.828125,662210.1171875,17.245503078350627,0.8382410528228071,438.2999716338881
ga,memory,raw,record,ga_arch_128_64_scaler_standard_opt_rmsprop_batch_128_act_relu_drop_0.3,test,max_rss,100,1527777.488359375,1514953.21875,2457420.34375,0.8913855387798029,0.8877152819069016,0.9565522595675566
ga,memory,raw,record,ga_arch_128_64_scaler_standard_opt_rmsprop_batch_128_act_relu_drop_0.3,train,max_rss,100,431644.5506640625,417321.01953125,1191066.484375,0.8195648239959834,0.8267546222031465,0.9678431420846064
ga,memory,raw,record,ga_arch_128_64_scaler_standard_opt_rmsprop_batch_128_act_relu_drop_0.3,val,max_rss,100,249618.77632766723,213127.421875,657723.91796875,18.126913044766788,0.8485279843142126,472.11157337367626
ga,memory,raw,record,ga_arch_128_64_scaler_standard_opt_rmsprop_batch_64_act_elu_drop_0.2,test,max_rss,100,1530136.6,1517778.2578125,2465516.640625,0.8920954631818435,0.8896993777037068,0.955948352183992
ga,memory,raw,record,ga_arch_128_64_scaler_standard_opt_rmsprop_batch_64_act_elu_drop_0.2,train,max_rss,100,431866.0176953125,419253.58984375,1187300.03125,0.8193525701915592,0.8254084469675893,0.964782577561269
ga,memory,raw,record,ga_arch_128_64_scaler_standard_opt_rmsprop_batch_64_act_elu_drop_0.2,val,max_rss,100,249666.6941171074,208310.95703125,654180.78125,19.837816681796763,0.8446004858198909,526.8824697428139
ga,memory,raw,record,ga_arch_128_64_scaler_standard_opt_rmsprop_batch_64_act_elu_drop_0.3,test,max_rss,100,1528064.910078125,1515717.328125,2462168.5625,0.8914676733900256,0.8886477735897966,0.9554156277354882
ga,memory,raw,record,ga_arch_128_64_scaler_standard_opt_rmsprop_batch_64_act_elu_drop_0.3,train,max_rss,100,430425.639765625,416682.546875,1187088.34375,0.8167031837809631,0.8220481106202464,0.9646105634060328
ga,memory,raw,record,ga_arch_128_64_scaler_standard_opt_rmsprop_batch_64_act_elu_drop_0.3,val,max_rss,100,249658.1608139038,209065.796875,653120.09765625,20.341674919422097,0.8448882023743556,547.1470310136158
ga,memory,raw,record,ga_arch_128_64_scaler_standard_opt_rmsprop_batch_64_act_relu_drop_0.2,test,max_rss,100,1551543.272265625,1540670.1015625,2491914.4375,0.9047985589803139,0.9024882652462716,0.9631956056316576
ga,memory,raw,record,ga_arch_128_64_scaler_standard_opt_rmsprop_batch_64_act_relu_drop_0.2,train,max_rss,100,445139.6969921875,435048.99609375,1195237.55078125,0.8450163593947794,0.8503882059743485,0.9712324894211548
ga,memory,raw,record,ga_arch_128_64_scaler_standard_opt_rmsprop_batch_64_act_relu_drop_0.2,val,max_rss,100,257020.58897628784,220085.421875,664963.8359375,17.0854235058488,0.8678903568470465,459.5569686081694
ga,memory,raw,record,ga_arch_128_64_scaler_standard_opt_rmsprop_batch_64_act_relu_drop_0.3,test,max_rss,100,1516626.233359375,1503298.4609375,2446454.9375,0.8847757084753424,0.8818500811885366,0.9535552030343148
ga,memory,raw,record,ga_arch_128_64_scaler_standard_opt_rmsprop_batch_64_act_relu_drop_0.3,train,max_rss,100,424427.0823828125,407677.8671875,1184837.8203125,0.80717833360567,0.8117376427511592,0.9627818210951212
ga,memory,raw,record,ga_arch_128_64_scaler_standard_opt_rmsprop_batch_64_act_relu_drop_0.3,val,max_rss,100,247876.73785064698,205550.6484375,649614.3515625,21.868284211201495,0.8403352312276,605.6684474281392
ga,memory,raw,record,ga_arch_64_32_scaler_minmax_opt_adam_batch_128_act_elu_drop_0.2,test,max_rss,100,1545770.02046875,1525121.8125,2512577.34375,0.9001590258736659,0.9036505304890647,0.9352058383599344
ga,memory,raw,record,ga_arch_64_32_scaler_minmax_opt_adam_batch_128_act_elu_drop_0.2,train,max_rss,100,391232.078984375,387391.8359375,1145618.234375,0.7409472672829509,0.7302835314387452,0.9309125612486188
ga,memory,raw,record,ga_arch_64_32_scaler_minmax_opt_adam_batch_128_act_elu_drop_0.2,val,max_rss,100,215749.18,190470.51171875,581554.078125,0.9943785413524969,0.6969808407897649,4.231780813283389
ga,memory,raw,record,ga_arch_64_32_scaler_minmax_opt_adam_batch_128_act_elu_drop_0.3,test,max_rss,100,1561763.637109375,1539027.828125,2531842.859375,0.9095964707561315,0.9117019907879658,0.9372575563279784
ga,memory,raw,record,ga_arch_64_32_scaler_minmax_opt_adam_batch_128_act_elu_drop_0.3,train,max_rss,100,402507.54328125,402875.46875,1145381.9765625,0.758228453376268,0.7554990969736897,0.9307205816181012
ga,memory,raw,record,ga_arch_64_32_scaler_minmax_opt_adam_batch_128_act_elu_drop_0.3,val,max_rss,100,220351.578828125,198356.75,594431.7109375,0.8016663660315985,0.6018024166110622,3.752078230802478
ga,memory,raw,record,ga_arch_64_32_scaler_minmax_opt_adam_batch_128_act_relu_drop_0.2,test,max_rss,100,1490103.9521875,1489196.0,2425158.4375,0.8681158437748556,0.8702844170621495,0.9200228352174488
ga,memory,raw,record,ga_arch_64_32_scaler_minmax_opt_adam_batch_128_act_relu_drop_0.2,train,max_rss,100,351370.365625,331773.4296875,1148188.0234375,0.6713174399880839,0.6507986197259364,0.9330007341200514
ga,memory,raw,record,ga_arch_64_32_scaler_minmax_opt_adam_batch_128_act_relu_drop_0.2,val,max_rss,100,203513.672109375,163992.203125,543884.328125,1.274860939747829,0.6719549364546604,5.055820937184843
ga,memory,raw,record,ga_arch_64_32_scaler_minmax_opt_adam_batch_128_act_relu_drop_0.3,test,max_rss,100,1492393.6696875,1491256.9140625,2428029.625,0.8694690959766082,0.8711188733251377,0.9214417679046188
ga,memory,raw,record,ga_arch_64_32_scaler_minmax_opt_adam_batch_128_act_relu_drop_0.3,train,max_rss,100,353840.957734375,335206.15625,1149016.984375,0.6761109247545357,0.6546367468436635,0.9336743356099264
ga,memory,raw,record,ga_arch_64_32_scaler_minmax_opt_adam_batch_128_act_relu_drop_0.3,val,max_rss,100,204502.8609375,164625.296875,545701.46875,1.2464172639662636,0.6776693496782387,5.039458921625126
ga,memory,raw,record,ga_arch_64_32_scaler_minmax_opt_adam_batch_64_act_elu_drop_0.2,test,max_rss,100,1558595.08390625,1535474.484375,2529374.390625,0.9076844836740336,0.9096220965745796,0.93617882028915
ga,memory,raw,record,ga_arch_64_32_scaler_minmax_opt_adam_batch_64_act_elu_drop_0.2,train,max_rss,100,399790.834140625,400337.9609375,1143658.328125,0.7531570572078509,0.749015439120323,0.9293199701984334
ga,memory,raw,record,ga_arch_64_32_scaler_minmax_opt_adam_batch_64_act_elu_drop_0.2,val,max_rss,100,218150.2253125,197383.97265625,590889.4609375,0.8949034508686674,0.648782910240451,3.8656529138452673
ga,memory,raw,record,ga_arch_64_32_scaler_minmax_opt_adam_batch_64_act_elu_drop_0.3,test,max_rss,100,1577568.399296875,1552372.140625,2551886.3125,0.918758543513677,0.920033269410446,0.9437843787480764
ga,memory,raw,record,ga_arch_64_32_scaler_minmax_opt_adam_batch_64_act_elu_drop_0.3,train,max_rss,100,412210.374375,418774.34375,1141656.3203125,0.7724141827335211,0.7739573451676678,0.92769316803655
ga,memory,raw,record,ga_arch_64_32_scaler_minmax_opt_adam_batch_64_act_elu_drop_0.3,val,max_rss,100,225063.18640625,196288.78515625,605043.4921875,0.7461961092498299,0.6281564189456608,3.2900388092493875
ga,memory,raw,record,ga_arch_64_32_scaler_minmax_opt_adam_batch_64_act_relu_drop_0.2,test,max_rss,100,1536830.398359375,1525959.23828125,2494308.421875,0.8952642947627684,0.900744762608512,0.9407244142932856
ga,memory,raw,record,ga_arch_64_32_scaler_minmax_opt_adam_batch_64_act_relu_drop_0.2,train,max_rss,100,393840.271953125,385277.75,1152278.7734375,0.7476839841673681,0.7408366682023437,0.9363248175238088
ga,memory,raw,record,ga_arch_64_32_scaler_minmax_opt_adam_batch_64_act_relu_drop_0.2,val,max_rss,100,222115.522578125,179779.27734375,593186.8671875,0.9797711664068526,0.7062749517999469,4.799595699466936
ga,memory,raw,record,ga_arch_64_32_scaler_minmax_opt_adam_batch_64_act_relu_drop_0.3,test,max_rss,100,1530856.99015625,1521249.5234375,2486724.203125,0.8917684542379388,0.8967167970533789,0.9393858535415543
ga,memory,raw,record,ga_arch_64_32_scaler_minmax_opt_adam_batch_64_act_relu_drop_0.3,train,max_rss,100,389705.6665625,379646.8125,1151482.859375,0.7400412593172253,0.731956345340553,0.9356780694394786
ga,memory,raw,record,ga_arch_64_32_scaler_minmax_opt_adam_batch_64_act_relu_drop_0.3,val,max_rss,100,218569.777265625,177612.4140625,588256.1484375,0.9687166020203629,0.7012980219546489,4.932518279066417
ga,memory,raw,record,ga_arch_64_32_scaler_minmax_opt_rmsprop_batch_128_act_elu_drop_0.2,test,max_rss,100,1564690.335703125,1543536.8828125,2534413.296875,0.9113868249992081,0.915559112737391,0.942875887642164
ga,memory,raw,record,ga_arch_64_32_scaler_minmax_opt_rmsprop_batch_128_act_elu_drop_0.2,train,max_rss,100,407157.930859375,407337.9609375,1147224.8515625,0.767593704836187,0.762950000194846,0.9322180747923844
ga,memory,raw,record,ga_arch_64_32_scaler_minmax_opt_rmsprop_batch_128_act_elu_drop_0.2,val,max_rss,100,223763.335390625,202853.84765625,599233.9375,0.7804447239747264,0.616249288851886,3.8028404588675984
ga,memory,raw,record,ga_arch_64_32_scaler_minmax_opt_rmsprop_batch_128_act_elu_drop_0.3,test,max_rss,100,1565372.338359375,1545386.3515625,2534208.5625,0.9118429536181191,0.9159612438764471,0.945396024025596
ga,memory,raw,record,ga_arch_64_32_scaler_minmax_opt_rmsprop_batch_128_act_elu_drop_0.3,train,max_rss,100,409510.321484375,408577.9296875,1151431.4765625,0.7738766885293419,0.767300314755321,0.935636316520266
ga,memory,raw,record,ga_arch_64_32_scaler_minmax_opt_rmsprop_batch_128_act_elu_drop_0.3,val,max_rss,100,226835.377734375,202612.1328125,602081.71875,0.7962596145421129,0.6348256157604872,3.8449782091917593
ga,memory,raw,record,ga_arch_64_32_scaler_minmax_opt_rmsprop_batch_128_act_relu_drop_0.2,test,max_rss,100,1555286.558203125,1542254.2421875,2515302.28125,0.9061595281265342,0.911103302433259,0.9469296749764872
ga,memory,raw,record,ga_arch_64_32_scaler_minmax_opt_rmsprop_batch_128_act_relu_drop_0.2,train,max_rss,100,409531.624140625,404851.9140625,1158550.7265625,0.7752764317955364,0.7720960540250962,0.9414213145700612
ga,memory,raw,record,ga_arch_64_32_scaler_minmax_opt_rmsprop_batch_128_act_relu_drop_0.2,val,max_rss,100,234122.9238671875,192691.625,610185.8046875,0.8875373836403871,0.6645101091680642,4.996527074614104
ga,memory,raw,record,ga_arch_64_32_scaler_minmax_opt_rmsprop_batch_128_act_relu_drop_0.3,test,max_rss,100,1553812.649609375,1541135.55859375,2513716.734375,0.9052977075317069,0.9103500307012661,0.9466600546025166
ga,memory,raw,record,ga_arch_64_32_scaler_minmax_opt_rmsprop_batch_128_act_relu_drop_0.3,train,max_rss,100,408366.130390625,403148.3984375,1158450.9765625,0.7731287993862188,0.7694026465031532,0.9413402591842456
ga,memory,raw,record,ga_arch_64_32_scaler_minmax_opt_rmsprop_batch_128_act_relu_drop_0.3,val,max_rss,100,231531.5415625,191252.90625,608474.3671875,0.8658581867169037,0.6642676114482557,4.385500108053595
ga,memory,raw,record,ga_arch_64_32_scaler_minmax_opt_rmsprop_batch_64_act_elu_drop_0.2,test,max_rss,100,1574826.760546875,1551930.6328125,2548149.15625,0.9173408011320257,0.9206098817334225,0.9452727319069516
ga,memory,raw,record,ga_arch_64_32_scaler_minmax_opt_rmsprop_batch_64_act_elu_drop_0.2,train,max_rss,100,414479.537578125,415628.94140625,1148308.6484375,0.7813904353965527,0.7785556949500321,0.9330987522244524
ga,memory,raw,record,ga_arch_64_32_scaler_minmax_opt_rmsprop_batch_64_act_elu_drop_0.2,val,max_rss,100,228711.375,205927.3125,605709.796875,0.7867453233168407,0.632023595287722,3.491187328915142
ga,memory,raw,record,ga_arch_64_32_scaler_minmax_opt_rmsprop_batch_64_act_elu_drop_0.3,test,max_rss,100,1564784.2978125,1543487.0234375,2535584.96875,0.9114298555573761,0.9155989088684799,0.9435121474342614
ga,memory,raw,record,ga_arch_64_32_scaler_minmax_opt_rmsprop_batch_64_act_elu_drop_0.3,train,max_rss,100,407607.265390625,407512.9375,1148296.1484375,0.769943589145202,0.7638254074761002,0.933088594907934
ga,memory,raw,record,ga_arch_64_32_scaler_minmax_opt_rmsprop_batch_64_act_elu_drop_0.3,val,max_rss,100,224435.33515625,204191.328125,598606.0,0.7843564083440957,0.6203390741469748,3.7920868750900447
ga,memory,raw,record,ga_arch_64_32_scaler_minmax_opt_rmsprop_batch_64_act_relu_drop_0.2,test,max_rss,100,1554585.131015625,1541031.18359375,2517097.421875,0.9056991570882736,0.9108154787720268,0.9467835673250482
ga,memory,raw,record,ga_arch_64_32_scaler_minmax_opt_rmsprop_batch_64_act_relu_drop_0.2,train,max_rss,100,408358.414921875,403245.3359375,1157379.484375,0.7729876181650299,0.7696415751971042,0.9404695803606252
ga,memory,raw,record,ga_arch_64_32_scaler_minmax_opt_rmsprop_batch_64_act_relu_drop_0.2,val,max_rss,100,226654.779296875,189880.67578125,607002.890625,0.8002011061772464,0.6544418607115042,4.345872352686933
ga,memory,raw,record,ga_arch_64_32_scaler_minmax_opt_rmsprop_batch_64_act_relu_drop_0.3,test,max_rss,100,1554121.993515625,1540463.71875,2517122.5,0.9054127274595456,0.9103662613627685,0.9464797321366512
ga,memory,raw,record,ga_arch_64_32_scaler_minmax_opt_rmsprop_batch_64_act_relu_drop_0.3,train,max_rss,100,407414.10203125,401968.4140625,1156889.296875,0.7711746284883038,0.7675780106044565,0.9400712611933628
ga,memory,raw,record,ga_arch_64_32_scaler_minmax_opt_rmsprop_batch_64_act_relu_drop_0.3,val,max_rss,100,226127.1741796875,189067.96484375,605476.8515625,0.8185264092773052,0.6537042881321953,4.3401783784757235
ga,memory,raw,record,ga_arch_64_32_scaler_standard_opt_adam_batch_128_act_elu_drop_0.2,test,max_rss,100,1596078.7898046875,1580943.1875,2546648.828125,0.9302875140858247,0.9282909541386606,0.9707270796124812
ga,memory,raw,record,ga_arch_64_32_scaler_standard_opt_adam_batch_128_act_elu_drop_0.2,train,max_rss,100,464710.53283203125,465809.91015625,1205474.888671875,0.8781709158152846,0.8749102356982168,0.9795511999218902
ga,memory,raw,record,ga_arch_64_32_scaler_standard_opt_adam_batch_128_act_elu_drop_0.2,val,max_rss,100,294563.6051660156,241776.640625,1200082.875,11.24692280733169,0.8592856917851731,259.8107980332829
ga,memory,raw,record,ga_arch_64_32_scaler_standard_opt_adam_batch_128_act_elu_drop_0.3,test,max_rss,100,1528720.385234375,1516628.875,2455942.75,0.8919420401550369,0.8877030048733545,0.9539094462109348
ga,memory,raw,record,ga_arch_64_32_scaler_standard_opt_adam_batch_128_act_elu_drop_0.3,train,max_rss,100,428831.82828125,418573.09765625,1191858.2265625,0.8140495595928828,0.8197198736372711,0.9684865001645484
ga,memory,raw,record,ga_arch_64_32_scaler_standard_opt_adam_batch_128_act_elu_drop_0.3,val,max_rss,100,248230.59940597534,211524.38671875,655197.1640625,17.72140499542741,0.822920561042703,438.0107791225416
ga,memory,raw,record,ga_arch_64_32_scaler_standard_opt_adam_batch_128_act_relu_drop_0.2,test,max_rss,100,1625307.2566015625,1606619.76171875,2585782.8046875,0.9475611934995328,0.9461207518476845,0.9794177845966628
ga,memory,raw,record,ga_arch_64_32_scaler_standard_opt_adam_batch_128_act_relu_drop_0.2,train,max_rss,100,482562.97740234376,488464.44140625,1212808.3203125,0.9076315845114675,0.9012046950234448,0.9855102388289833
ga,memory,raw,record,ga_arch_64_32_scaler_standard_opt_adam_batch_128_act_relu_drop_0.2,val,max_rss,100,312141.8734375,259255.990234375,1341398.125,1.1288432939073163,0.8741414405314196,15.09155894199181
ga,memory,raw,record,ga_arch_64_32_scaler_standard_opt_adam_batch_128_act_relu_drop_0.3,test,max_rss,100,1594812.9133203125,1580619.9609375,2544923.390625,0.9295700789726712,0.92754874945694,0.9718711653105072
ga,memory,raw,record,ga_arch_64_32_scaler_standard_opt_adam_batch_128_act_relu_drop_0.3,train,max_rss,100,465709.4223046875,465410.61328125,1206492.458984375,0.8821459452700913,0.8854722337312426,0.98037806262138
ga,memory,raw,record,ga_arch_64_32_scaler_standard_opt_adam_batch_128_act_relu_drop_0.3,val,max_rss,100,296529.5912597656,242039.978515625,1316387.5,10.715254353386037,0.8630932777682896,251.7329330559758
ga,memory,raw,record,ga_arch_64_32_scaler_standard_opt_adam_batch_64_act_elu_drop_0.2,test,max_rss,100,1559740.40953125,1549764.8984375,2501639.859375,0.9096263491508177,0.9070679911973796,0.9639592938652842
ga,memory,raw,record,ga_arch_64_32_scaler_standard_opt_adam_batch_64_act_elu_drop_0.2,train,max_rss,100,447280.116171875,442091.0234375,1197729.5859375,0.8483451678406417,0.8541418973300379,0.9732574806096828
ga,memory,raw,record,ga_arch_64_32_scaler_standard_opt_adam_batch_64_act_elu_drop_0.2,val,max_rss,100,260752.41013671874,222540.935546875,666801.2265625,13.389964836723198,0.8380327986708807,325.002340204236
ga,memory,raw,record,ga_arch_64_32_scaler_standard_opt_adam_batch_64_act_elu_drop_0.3,test,max_rss,100,1520926.36921875,1508307.640625,2449500.421875,0.8873194402939774,0.8839860089270805,0.952776598584008
ga,memory,raw,record,ga_arch_64_32_scaler_standard_opt_adam_batch_64_act_elu_drop_0.3,train,max_rss,100,423867.14828125,409677.0,1186887.390625,0.8063241309789534,0.8113395888021014,0.9644472718463564
ga,memory,raw,record,ga_arch_64_32_scaler_standard_opt_adam_batch_64_act_elu_drop_0.3,val,max_rss,100,244327.6779501152,207870.2421875,650261.3203125,17.451215591172822,0.8364014328506304,438.39490355521934
ga,memory,raw,record,ga_arch_64_32_scaler_standard_opt_adam_batch_64_act_relu_drop_0.2,test,max_rss,100,1613507.0040625,1596413.779296875,2572495.375,0.9405690523015607,0.9396073271726937,0.9772921494780716
ga,memory,raw,record,ga_arch_64_32_scaler_standard_opt_adam_batch_64_act_relu_drop_0.2,train,max_rss,100,476653.4402148437,479988.302734375,1209291.734375,0.8969785074095316,0.8902050240487331,0.9826527127145224
ga,memory,raw,record,ga_arch_64_32_scaler_standard_opt_adam_batch_64_act_relu_drop_0.2,val,max_rss,100,304010.29530273436,251685.919921875,1260647.75,2.898214932920506,0.8716310012195583,181.44980596405227
ga,memory,raw,record,ga_arch_64_32_scaler_standard_opt_adam_batch_64_act_relu_drop_0.3,test,max_rss,100,1582553.0823046875,1570055.65625,2532697.09375,0.9222973905466191,0.9213140080674103,0.9701135165664696
ga,memory,raw,record,ga_arch_64_32_scaler_standard_opt_adam_batch_64_act_relu_drop_0.3,train,max_rss,100,459853.44822265627,458139.3203125,1201700.478515625,0.8714721410515684,0.876644060660329,0.9764841696317568
ga,memory,raw,record,ga_arch_64_32_scaler_standard_opt_adam_batch_64_act_relu_drop_0.3,val,max_rss,100,287316.1811035156,234681.1875,1184538.5,11.169461039367102,0.8392458503245617,274.91610722390317
ga,memory,raw,record,ga_arch_64_32_scaler_standard_opt_rmsprop_batch_128_act_elu_drop_0.2,test,max_rss,100,1533598.491953125,1521733.7109375,2464010.546875,0.8942159684309163,0.8904372935159688,0.9554467540954942
ga,memory,raw,record,ga_arch_64_32_scaler_standard_opt_rmsprop_batch_128_act_elu_drop_0.2,train,max_rss,100,432418.586484375,421817.0625,1191894.7890625,0.8205085611396069,0.8276275052385428,0.9685162103153644
ga,memory,raw,record,ga_arch_64_32_scaler_standard_opt_rmsprop_batch_128_act_elu_drop_0.2,val,max_rss,100,250406.7223707962,212725.8515625,656877.0625,18.502775822577302,0.8419615069859014,466.12367624810895
ga,memory,raw,record,ga_arch_64_32_scaler_standard_opt_rmsprop_batch_128_act_elu_drop_0.3,test,max_rss,100,1527216.457265625,1514327.234375,2455749.953125,0.8910123764565745,0.886904053454193,0.9550004724317092
ga,memory,raw,record,ga_arch_64_32_scaler_standard_opt_rmsprop_batch_128_act_elu_drop_0.3,train,max_rss,100,430916.2975,417215.9609375,1191887.09375,0.8179077956523347,0.8251530770230018,0.9685099572173828
ga,memory,raw,record,ga_arch_64_32_scaler_standard_opt_rmsprop_batch_128_act_elu_drop_0.3,val,max_rss,100,250822.5591758919,212794.060546875,657241.0078125,20.018543507412033,0.8482893334437827,510.95300680786687
ga,memory,raw,record,ga_arch_64_32_scaler_standard_opt_rmsprop_batch_128_act_relu_drop_0.2,test,max_rss,100,1525051.8365625,1512087.125,2452264.40625,0.8897976545386436,0.8857550410118615,0.9553479574930928
ga,memory,raw,record,ga_arch_64_32_scaler_standard_opt_rmsprop_batch_128_act_relu_drop_0.2,train,max_rss,100,430062.9166015625,415777.73828125,1191283.1953125,0.816581557139723,0.8238455935740445,0.9680192382114184
ga,memory,raw,record,ga_arch_64_32_scaler_standard_opt_rmsprop_batch_128_act_relu_drop_0.2,val,max_rss,100,249504.86745803832,212886.171875,657294.44921875,18.580466534334246,0.8458226976439615,481.405871785174
ga,memory,raw,record,ga_arch_64_32_scaler_standard_opt_rmsprop_batch_128_act_relu_drop_0.3,test,max_rss,100,1523688.541796875,1510536.4609375,2452177.96875,0.8889584574227283,0.8852049387713425,0.95520430618109
ga,memory,raw,record,ga_arch_64_32_scaler_standard_opt_rmsprop_batch_128_act_relu_drop_0.3,train,max_rss,100,429322.523671875,414462.43359375,1190532.0546875,0.8151160586154691,0.8220865875440677,0.967408872365192
ga,memory,raw,record,ga_arch_64_32_scaler_standard_opt_rmsprop_batch_128_act_relu_drop_0.3,val,max_rss,100,248954.2745503235,211547.9609375,655663.11328125,18.800730958641054,0.8456231581546715,485.05867057488655
ga,memory,raw,record,ga_arch_64_32_scaler_standard_opt_rmsprop_batch_64_act_elu_drop_0.2,test,max_rss,100,1525747.198203125,1513004.5234375,2458343.234375,0.8901159433418036,0.8870409215704398,0.9553191347467548
ga,memory,raw,record,ga_arch_64_32_scaler_standard_opt_rmsprop_batch_64_act_elu_drop_0.2,train,max_rss,100,429839.32796875,415364.30859375,1187538.93359375,0.815749943161109,0.8215945364102999,0.9649767060990624
ga,memory,raw,record,ga_arch_64_32_scaler_standard_opt_rmsprop_batch_64_act_elu_drop_0.2,val,max_rss,100,248954.2577857828,208735.140625,653551.0546875,19.68388691331851,0.8454323596559349,524.4851550680787
ga,memory,raw,record,ga_arch_64_32_scaler_standard_opt_rmsprop_batch_64_act_elu_drop_0.3,test,max_rss,100,1537901.80921875,1526410.6484375,2475256.578125,0.8967235539307968,0.894619595311916,0.958285989759364
ga,memory,raw,record,ga_arch_64_32_scaler_standard_opt_rmsprop_batch_64_act_elu_drop_0.3,train,max_rss,100,435733.57732421876,423886.5,1189078.0703125,0.8268269749842078,0.8318124756726178,0.9662273860044368
ga,memory,raw,record,ga_arch_64_32_scaler_standard_opt_rmsprop_batch_64_act_elu_drop_0.3,val,max_rss,100,252131.6183695817,211411.03125,656668.5859375,19.39591368270365,0.8520154353554465,531.4231751134645
ga,memory,raw,record,ga_arch_64_32_scaler_standard_opt_rmsprop_batch_64_act_relu_drop_0.2,test,max_rss,100,1529800.99640625,1517550.5390625,2463363.640625,0.8925371009280633,0.88960667391348,0.9566069184229904
ga,memory,raw,record,ga_arch_64_32_scaler_standard_opt_rmsprop_batch_64_act_relu_drop_0.2,train,max_rss,100,431526.54859375,417893.5859375,1188576.296875,0.819030385234021,0.8250838636505404,0.9658196522744265
ga,memory,raw,record,ga_arch_64_32_scaler_standard_opt_rmsprop_batch_64_act_relu_drop_0.2,val,max_rss,100,248684.45056518554,209660.0,654397.69140625,17.76934632774216,0.8457355209745214,473.13861573373674
ga,memory,raw,record,ga_arch_64_32_scaler_standard_opt_rmsprop_batch_64_act_relu_drop_0.3,test,max_rss,100,1521083.2815625,1508126.28125,2452360.75,0.8873936701121847,0.8844824342468929,0.95447268187399
ga,memory,raw,record,ga_arch_64_32_scaler_standard_opt_rmsprop_batch_64_act_relu_drop_0.3,train,max_rss,100,426954.370859375,411330.28125,1186154.30859375,0.8119070332664468,0.8165062991741465,0.9638515801483376
ga,memory,raw,record,ga_arch_64_32_scaler_standard_opt_rmsprop_batch_64_act_relu_drop_0.3,val,max_rss,100,247576.39841827392,207634.625,651164.25,19.799836447987335,0.8414936097010322,535.3290941754917
ga,memory,raw,temporal,ga_arch_128_64_scaler_minmax_opt_adam_batch_128_act_elu_drop_0.2,test,max_rss,100,466638.41015625,462738.5703125,621460.9921875,0.8020742240147862,0.7977269549978827,0.8681174737767366
ga,memory,raw,temporal,ga_arch_128_64_scaler_minmax_opt_adam_batch_128_act_elu_drop_0.2,train,max_rss,100,175758.9438671875,131502.9609375,1165824.8828125,0.7654612562253007,0.6056023308437046,7.631519472251493
ga,memory,raw,temporal,ga_arch_128_64_scaler_minmax_opt_adam_batch_128_act_elu_drop_0.2,val,max_rss,100,1583361.9065625,1561583.54296875,2550026.078125,0.9225672565022651,0.9252822742065955,0.9494223504183464
ga,memory,raw,temporal,ga_arch_128_64_scaler_minmax_opt_adam_batch_128_act_elu_drop_0.3,test,max_rss,100,471079.094765625,467197.6796875,625923.6171875,0.8097470514861753,0.8066282948226028,0.8743513046850554
ga,memory,raw,temporal,ga_arch_128_64_scaler_minmax_opt_adam_batch_128_act_elu_drop_0.3,train,max_rss,100,178754.1133984375,135370.30859375,1166448.0,0.7538711763261484,0.6115291585265263,7.345096812434141
ga,memory,raw,temporal,ga_arch_128_64_scaler_minmax_opt_adam_batch_128_act_elu_drop_0.3,val,max_rss,100,1587835.656484375,1565896.87109375,2555896.5,0.9252096099857832,0.927925316207184,0.9521864365195684
ga,memory,raw,temporal,ga_arch_128_64_scaler_minmax_opt_adam_batch_128_act_relu_drop_0.2,test,max_rss,100,439765.5315625,428904.9609375,600318.25,0.7582573853939727,0.7557291286099905,0.8655038125474597
ga,memory,raw,temporal,ga_arch_128_64_scaler_minmax_opt_adam_batch_128_act_relu_drop_0.2,train,max_rss,100,179278.3950390625,133928.02734375,1172638.28515625,1.1161503957642558,0.6746095703034769,8.213452757288374
ga,memory,raw,temporal,ga_arch_128_64_scaler_minmax_opt_adam_batch_128_act_relu_drop_0.2,val,max_rss,100,1548851.7184375,1540402.05078125,2505804.96875,0.9026122403338787,0.9024038339043865,0.9472489524369874
ga,memory,raw,temporal,ga_arch_128_64_scaler_minmax_opt_adam_batch_128_act_relu_drop_0.3,test,max_rss,100,441309.027265625,432509.8125,601252.734375,0.7608973160143572,0.7576437507318655,0.8642399614622756
ga,memory,raw,temporal,ga_arch_128_64_scaler_minmax_opt_adam_batch_128_act_relu_drop_0.3,train,max_rss,100,177986.1925,132799.853515625,1172148.31640625,1.0806201150757557,0.6682287695740362,8.177834672462241
ga,memory,raw,temporal,ga_arch_128_64_scaler_minmax_opt_adam_batch_128_act_relu_drop_0.3,val,max_rss,100,1551612.14609375,1542489.79296875,2508318.84375,0.9042437231535959,0.9042607914607537,0.946732556918518
ga,memory,raw,temporal,ga_arch_128_64_scaler_minmax_opt_adam_batch_64_act_elu_drop_0.2,test,max_rss,100,462565.8865625,458056.109375,618159.78125,0.7950174626568816,0.7888153704147312,0.8635060195817129
ga,memory,raw,temporal,ga_arch_128_64_scaler_minmax_opt_adam_batch_64_act_elu_drop_0.2,train,max_rss,100,172683.7539453125,128420.9296875,1166767.76953125,0.82439920629106,0.6189885132921099,7.7625713470319635
ga,memory,raw,temporal,ga_arch_128_64_scaler_minmax_opt_adam_batch_64_act_elu_drop_0.2,val,max_rss,100,1577116.217734375,1556565.23828125,2537754.046875,0.9189638353507964,0.921305245951276,0.9450816465168208
ga,memory,raw,temporal,ga_arch_128_64_scaler_minmax_opt_adam_batch_64_act_elu_drop_0.3,test,max_rss,100,464210.7353125,460420.33203125,617455.4296875,0.7978648978975882,0.7918590242965796,0.8625221124551595
ga,memory,raw,temporal,ga_arch_128_64_scaler_minmax_opt_adam_batch_64_act_elu_drop_0.3,train,max_rss,100,173623.798359375,128863.9140625,1168040.15234375,0.7687187150230256,0.6054648694697726,7.662536222339304
ga,memory,raw,temporal,ga_arch_128_64_scaler_minmax_opt_adam_batch_64_act_elu_drop_0.3,val,max_rss,100,1582747.8040625,1560340.29296875,2547414.5,0.9222241142271494,0.9241228418083628,0.9445888004633088
ga,memory,raw,temporal,ga_arch_128_64_scaler_minmax_opt_adam_batch_64_act_relu_drop_0.2,test,max_rss,100,434941.859375,427803.5703125,591877.3828125,0.7494452472999208,0.7412018366676019,0.8532115629205203
ga,memory,raw,temporal,ga_arch_128_64_scaler_minmax_opt_adam_batch_64_act_relu_drop_0.2,train,max_rss,100,172414.0148828125,128884.51953125,1170848.93359375,0.8709801812107874,0.6302049902483844,8.173403472953988
ga,memory,raw,temporal,ga_arch_128_64_scaler_minmax_opt_adam_batch_64_act_relu_drop_0.2,val,max_rss,100,1543711.730390625,1535152.1640625,2492935.328125,0.899663076154755,0.900661879650744,0.9387029275425516
ga,memory,raw,temporal,ga_arch_128_64_scaler_minmax_opt_adam_batch_64_act_relu_drop_0.3,test,max_rss,100,434427.295859375,426332.390625,592024.8359375,0.748565145456971,0.7411048821019546,0.8544966944943782
ga,memory,raw,temporal,ga_arch_128_64_scaler_minmax_opt_adam_batch_64_act_relu_drop_0.3,train,max_rss,100,172720.7599609375,129633.9296875,1170387.4453125,0.9622996562228764,0.6363512172488228,8.288922550052687
ga,memory,raw,temporal,ga_arch_128_64_scaler_minmax_opt_adam_batch_64_act_relu_drop_0.3,val,max_rss,100,1544768.840234375,1536230.40625,2496007.328125,0.9002742555979201,0.9005896008124861,0.9401614543850894
ga,memory,raw,temporal,ga_arch_128_64_scaler_minmax_opt_rmsprop_batch_128_act_elu_drop_0.2,test,max_rss,100,470523.423984375,466510.9140625,625829.375,0.8087896393678426,0.8059755174642234,0.8742196579835502
ga,memory,raw,temporal,ga_arch_128_64_scaler_minmax_opt_rmsprop_batch_128_act_elu_drop_0.2,train,max_rss,100,178180.8473046875,134683.90234375,1164793.796875,0.7481414447654576,0.6027374324149266,7.3233628600281
ga,memory,raw,temporal,ga_arch_128_64_scaler_minmax_opt_rmsprop_batch_128_act_elu_drop_0.2,val,max_rss,100,1586501.537265625,1565430.609375,2553827.65625,0.9244537352844329,0.9277150061752012,0.9518163650140428
ga,memory,raw,temporal,ga_arch_128_64_scaler_minmax_opt_rmsprop_batch_128_act_elu_drop_0.3,test,max_rss,100,465986.257421875,461738.37890625,620550.3984375,0.800962763355703,0.7977752941158629,0.8668454673985014
ga,memory,raw,temporal,ga_arch_128_64_scaler_minmax_opt_rmsprop_batch_128_act_elu_drop_0.3,train,max_rss,100,176399.0816796875,131353.58203125,1168081.35546875,0.7916307544028754,0.6125862391604397,7.650165195820161
ga,memory,raw,temporal,ga_arch_128_64_scaler_minmax_opt_rmsprop_batch_128_act_elu_drop_0.3,val,max_rss,100,1584282.6525,1563225.4296875,2551937.4375,0.9231437332176062,0.92609819885018,0.9502365569421396
ga,memory,raw,temporal,ga_arch_128_64_scaler_minmax_opt_rmsprop_batch_128_act_relu_drop_0.2,test,max_rss,100,437606.902578125,428680.71875,597211.3359375,0.7545358689950379,0.7509648251968981,0.8624305791651992
ga,memory,raw,temporal,ga_arch_128_64_scaler_minmax_opt_rmsprop_batch_128_act_relu_drop_0.2,train,max_rss,100,177898.8819140625,133221.3671875,1171875.7109375,1.0854807228318872,0.6670564417243707,8.217324157007376
ga,memory,raw,temporal,ga_arch_128_64_scaler_minmax_opt_rmsprop_batch_128_act_relu_drop_0.2,val,max_rss,100,1548549.999609375,1540047.9921875,2505734.140625,0.90244715942502,0.9017123165611212,0.9460713137361964
ga,memory,raw,temporal,ga_arch_128_64_scaler_minmax_opt_rmsprop_batch_128_act_relu_drop_0.3,test,max_rss,100,445417.3671484375,434688.39453125,606661.28125,0.7680048886306929,0.768110277871286,0.8686677583864847
ga,memory,raw,temporal,ga_arch_128_64_scaler_minmax_opt_rmsprop_batch_128_act_relu_drop_0.3,train,max_rss,100,181729.3979296875,135950.51953125,1171873.67578125,1.1146159029477776,0.6785926747356357,8.0695156085353
ga,memory,raw,temporal,ga_arch_128_64_scaler_minmax_opt_rmsprop_batch_128_act_relu_drop_0.3,val,max_rss,100,1554900.481953125,1545287.9609375,2515242.75,0.9061239907665457,0.9061760925687291,0.9503633617534492
ga,memory,raw,temporal,ga_arch_128_64_scaler_minmax_opt_rmsprop_batch_64_act_elu_drop_0.2,test,max_rss,100,456520.46671875,451157.91015625,610589.4765625,0.7846281704997774,0.778255741960802,0.8529310778498111
ga,memory,raw,temporal,ga_arch_128_64_scaler_minmax_opt_rmsprop_batch_64_act_elu_drop_0.2,train,max_rss,100,172664.5634765625,128727.99609375,1169781.15234375,0.7659993519418545,0.6098431135879157,7.901901672813488
ga,memory,raw,temporal,ga_arch_128_64_scaler_minmax_opt_rmsprop_batch_64_act_elu_drop_0.2,val,max_rss,100,1572704.173984375,1553404.53515625,2531597.375,0.9164298769116229,0.9192112835207211,0.9420026483666352
ga,memory,raw,temporal,ga_arch_128_64_scaler_minmax_opt_rmsprop_batch_64_act_elu_drop_0.3,test,max_rss,100,460003.700546875,455607.75390625,612792.4921875,0.79064333546881,0.7846993581883102,0.8560084654624011
ga,memory,raw,temporal,ga_arch_128_64_scaler_minmax_opt_rmsprop_batch_64_act_elu_drop_0.3,train,max_rss,100,173413.437421875,128828.5625,1169727.34765625,0.7635086538880627,0.6071702845250792,7.822910629610116
ga,memory,raw,temporal,ga_arch_128_64_scaler_minmax_opt_rmsprop_batch_64_act_elu_drop_0.3,val,max_rss,100,1579358.8759375,1558331.4921875,2542442.703125,0.9202907352826305,0.9225548084758469,0.9429982888604947
ga,memory,raw,temporal,ga_arch_128_64_scaler_minmax_opt_rmsprop_batch_64_act_relu_drop_0.2,test,max_rss,100,432489.353203125,424511.6796875,588807.203125,0.745704029041688,0.7392466879929732,0.8565091161923588
ga,memory,raw,temporal,ga_arch_128_64_scaler_minmax_opt_rmsprop_batch_64_act_relu_drop_0.2,train,max_rss,100,173970.17015625,131374.296875,1172288.12890625,0.8414070643366519,0.6267251438452279,7.950016464699684
ga,memory,raw,temporal,ga_arch_128_64_scaler_minmax_opt_rmsprop_batch_64_act_relu_drop_0.2,val,max_rss,100,1542083.3215625,1534319.4453125,2494623.609375,0.898696998440802,0.8979242078823382,0.9405376731027796
ga,memory,raw,temporal,ga_arch_128_64_scaler_minmax_opt_rmsprop_batch_64_act_relu_drop_0.3,test,max_rss,100,436031.552890625,427948.3125,592778.4375,0.7518272725153041,0.7451472640624186,0.8608145662113935
ga,memory,raw,temporal,ga_arch_128_64_scaler_minmax_opt_rmsprop_batch_64_act_relu_drop_0.3,train,max_rss,100,175566.6346484375,133180.14453125,1173238.86328125,0.813351766185733,0.6289112416528531,7.883351444502986
ga,memory,raw,temporal,ga_arch_128_64_scaler_minmax_opt_rmsprop_batch_64_act_relu_drop_0.3,val,max_rss,100,1546693.75796875,1538426.640625,2500603.90625,0.9014094282820035,0.9004669831199003,0.9428174445815884
ga,memory,raw,temporal,ga_arch_128_64_scaler_standard_opt_adam_batch_128_act_elu_drop_0.2,test,max_rss,100,454396.944609375,441028.140625,632675.859375,0.7839191646505546,0.7842022600333798,0.8837834967354499
ga,memory,raw,temporal,ga_arch_128_64_scaler_standard_opt_adam_batch_128_act_elu_drop_0.2,train,max_rss,100,186314.57947265625,145907.2578125,1182414.77734375,1.5186357027407196,0.7426516764700445,9.822572005619952
ga,memory,raw,temporal,ga_arch_128_64_scaler_standard_opt_adam_batch_128_act_elu_drop_0.2,val,max_rss,100,1531173.86328125,1524999.9296875,2463228.6875,0.8929607436712663,0.8912499393114428,0.945639299204577
ga,memory,raw,temporal,ga_arch_128_64_scaler_standard_opt_adam_batch_128_act_elu_drop_0.3,test,max_rss,100,458796.47765625,445849.87109375,639049.71875,0.7937404535290601,0.7951927888503619,0.8926871266790711
ga,memory,raw,temporal,ga_arch_128_64_scaler_standard_opt_adam_batch_128_act_elu_drop_0.3,train,max_rss,100,191653.24268066406,153295.9609375,1184544.81640625,1.5378973699238327,0.7521002030617701,9.65108557253249
ga,memory,raw,temporal,ga_arch_128_64_scaler_standard_opt_adam_batch_128_act_elu_drop_0.3,val,max_rss,100,1530077.430078125,1522178.4375,2464836.21875,0.8922497025734759,0.891023941854939,0.9496706188814664
ga,memory,raw,temporal,ga_arch_128_64_scaler_standard_opt_adam_batch_128_act_relu_drop_0.2,test,max_rss,100,406573.076640625,394460.3203125,567770.96875,0.7014291819959756,0.6886966306399395,0.81870098807631
ga,memory,raw,temporal,ga_arch_128_64_scaler_standard_opt_adam_batch_128_act_relu_drop_0.2,train,max_rss,100,167874.0320703125,128744.6953125,1173994.96875,0.6819778274244352,0.6234781776512621,4.350053293149074
ga,memory,raw,temporal,ga_arch_128_64_scaler_standard_opt_adam_batch_128_act_relu_drop_0.2,val,max_rss,100,1407781.90609375,1404239.1796875,2320487.0,0.820668345214993,0.8226841260441236,0.918140210128936
ga,memory,raw,temporal,ga_arch_128_64_scaler_standard_opt_adam_batch_128_act_relu_drop_0.3,test,max_rss,100,409482.4403125,399645.4140625,565464.34375,0.7071019695782812,0.6968609926433966,0.8292959199227616
ga,memory,raw,temporal,ga_arch_128_64_scaler_standard_opt_adam_batch_128_act_relu_drop_0.3,train,max_rss,100,170548.68828125,131813.599609375,1172313.64453125,0.691820485539809,0.6321663748509997,4.412441308622464
ga,memory,raw,temporal,ga_arch_128_64_scaler_standard_opt_adam_batch_128_act_relu_drop_0.3,val,max_rss,100,1425825.6528125,1419360.9375,2355763.71875,0.8311545019310783,0.835142931978386,0.9226851338366452
ga,memory,raw,temporal,ga_arch_128_64_scaler_standard_opt_adam_batch_64_act_elu_drop_0.2,test,max_rss,100,408437.570703125,394416.1015625,591995.3359375,0.7034944337658494,0.6844910671492977,0.8269569642862131
ga,memory,raw,temporal,ga_arch_128_64_scaler_standard_opt_adam_batch_64_act_elu_drop_0.2,train,max_rss,100,157877.62172729493,110825.3046875,1176362.703125,0.6268426927134679,0.6095040333308035,3.5358993678329904
ga,memory,raw,temporal,ga_arch_128_64_scaler_standard_opt_adam_batch_64_act_elu_drop_0.2,val,max_rss,100,1410291.568125,1408797.3828125,2252443.96875,0.8231817460813791,0.8145139975055947,0.8951378597811827
ga,memory,raw,temporal,ga_arch_128_64_scaler_standard_opt_adam_batch_64_act_elu_drop_0.3,test,max_rss,100,461644.35171875,449242.92578125,643480.2109375,0.7987206254018673,0.8027971181466145,0.8988760713332831
ga,memory,raw,temporal,ga_arch_128_64_scaler_standard_opt_adam_batch_64_act_elu_drop_0.3,train,max_rss,100,195153.25578125,161468.796875,1183725.8046875,1.5475507925516139,0.7577763990933888,9.429194107832808
ga,memory,raw,temporal,ga_arch_128_64_scaler_standard_opt_adam_batch_64_act_elu_drop_0.3,val,max_rss,100,1530803.336015625,1521863.328125,2469273.578125,0.8926353493485111,0.8923438990467607,0.953242980655822
ga,memory,raw,temporal,ga_arch_128_64_scaler_standard_opt_adam_batch_64_act_relu_drop_0.2,test,max_rss,100,398174.236484375,385175.234375,566296.65625,0.6871433238501072,0.6737849870623296,0.7994705161853727
ga,memory,raw,temporal,ga_arch_128_64_scaler_standard_opt_adam_batch_64_act_relu_drop_0.2,train,max_rss,100,163066.7484765625,121167.51171875,1172506.30078125,0.6765630227783406,0.6227238445817567,4.383126056674508
ga,memory,raw,temporal,ga_arch_128_64_scaler_standard_opt_adam_batch_64_act_relu_drop_0.2,val,max_rss,100,1330122.05703125,1326564.28125,2213416.125,0.7769776028358444,0.7740020644161035,0.905569233373662
ga,memory,raw,temporal,ga_arch_128_64_scaler_standard_opt_adam_batch_64_act_relu_drop_0.3,test,max_rss,100,400075.96546875,388608.140625,563508.921875,0.6909835169988052,0.6790398209883353,0.7983973978892809
ga,memory,raw,temporal,ga_arch_128_64_scaler_standard_opt_adam_batch_64_act_relu_drop_0.3,train,max_rss,100,165656.931640625,125229.734375,1171977.09375,0.6871982117156421,0.6348596681527987,4.440769948177007
ga,memory,raw,temporal,ga_arch_128_64_scaler_standard_opt_adam_batch_64_act_relu_drop_0.3,val,max_rss,100,1332801.510625,1328487.6015625,2227747.15625,0.7783798319155931,0.7780835043817522,0.9070502066617216
ga,memory,raw,temporal,ga_arch_128_64_scaler_standard_opt_rmsprop_batch_128_act_elu_drop_0.2,test,max_rss,100,463300.0057421875,450066.34765625,644110.375,0.8015018006784209,0.803958998115087,0.8997563461065665
ga,memory,raw,temporal,ga_arch_128_64_scaler_standard_opt_rmsprop_batch_128_act_elu_drop_0.2,train,max_rss,100,197098.9045654297,164279.55078125,1182949.16796875,9.366266790424499,0.755659029885682,266.75633509833585
ga,memory,raw,temporal,ga_arch_128_64_scaler_standard_opt_rmsprop_batch_128_act_elu_drop_0.2,val,max_rss,100,1532148.13390625,1523247.84375,2470920.828125,0.8934036522846945,0.8930130910023912,0.9528714964369418
ga,memory,raw,temporal,ga_arch_128_64_scaler_standard_opt_rmsprop_batch_128_act_elu_drop_0.3,test,max_rss,100,461349.9037109375,449130.0,641720.703125,0.7982488185654202,0.8010156877040622,0.8964182187947007
ga,memory,raw,temporal,ga_arch_128_64_scaler_standard_opt_rmsprop_batch_128_act_elu_drop_0.3,train,max_rss,100,196022.6158380127,161055.83203125,1182816.88671875,8.665067489959496,0.7558662807015142,242.79413294251137
ga,memory,raw,temporal,ga_arch_128_64_scaler_standard_opt_rmsprop_batch_128_act_elu_drop_0.3,val,max_rss,100,1533325.693671875,1524928.46875,2473346.46875,0.8941043257814387,0.8940069677940905,0.9528268029378736
ga,memory,raw,temporal,ga_arch_128_64_scaler_standard_opt_rmsprop_batch_128_act_relu_drop_0.2,test,max_rss,100,456974.604765625,443878.1953125,634006.25,0.791378587492477,0.7944820449662381,0.8868915307090494
ga,memory,raw,temporal,ga_arch_128_64_scaler_standard_opt_rmsprop_batch_128_act_relu_drop_0.2,train,max_rss,100,200439.23262207033,167363.953125,1180045.96875,7.463643453992433,0.7419750372763516,202.66017397882
ga,memory,raw,temporal,ga_arch_128_64_scaler_standard_opt_rmsprop_batch_128_act_relu_drop_0.2,val,max_rss,100,1524195.91515625,1514682.65625,2470846.78125,0.8885822123380536,0.8892997015397983,0.953182000650544
ga,memory,raw,temporal,ga_arch_128_64_scaler_standard_opt_rmsprop_batch_128_act_relu_drop_0.3,test,max_rss,100,466801.682421875,455288.60546875,649886.34375,0.8121543697644273,0.8162647126881841,0.9081511849325172
ga,memory,raw,temporal,ga_arch_128_64_scaler_standard_opt_rmsprop_batch_128_act_relu_drop_0.3,train,max_rss,100,209943.9158895874,172776.67578125,1184365.73046875,8.74358442391872,0.7666242337977053,243.81687310892588
ga,memory,raw,temporal,ga_arch_128_64_scaler_standard_opt_rmsprop_batch_128_act_relu_drop_0.3,val,max_rss,100,1520921.704609375,1508265.4375,2464445.875,0.8872221873927428,0.8865818926331053,0.958583974702368
ga,memory,raw,temporal,ga_arch_128_64_scaler_standard_opt_rmsprop_batch_64_act_elu_drop_0.2,test,max_rss,100,462399.69890625,449760.44921875,642356.265625,0.8000672708071862,0.8045736135385404,0.8973060346332864
ga,memory,raw,temporal,ga_arch_128_64_scaler_standard_opt_rmsprop_batch_64_act_elu_drop_0.2,train,max_rss,100,198812.0436569214,167210.0390625,1181706.78125,9.73260719974652,0.7535235853029072,279.83557110438727
ga,memory,raw,temporal,ga_arch_128_64_scaler_standard_opt_rmsprop_batch_64_act_elu_drop_0.2,val,max_rss,100,1530418.443203125,1520974.171875,2474024.296875,0.8923228132173068,0.8925390118969505,0.9547505409546704
ga,memory,raw,temporal,ga_arch_128_64_scaler_standard_opt_rmsprop_batch_64_act_elu_drop_0.3,test,max_rss,100,462665.7405859375,450641.1796875,641273.7578125,0.8004904369450913,0.8038879823011976,0.8957938818846106
ga,memory,raw,temporal,ga_arch_128_64_scaler_standard_opt_rmsprop_batch_64_act_elu_drop_0.3,train,max_rss,100,196894.88104125977,162942.6640625,1180911.859375,9.638449992939329,0.7489698675376526,277.27323657337365
ga,memory,raw,temporal,ga_arch_128_64_scaler_standard_opt_rmsprop_batch_64_act_elu_drop_0.3,val,max_rss,100,1534075.9346875,1525390.4375,2478145.296875,0.8944805414071341,0.8947800604947187,0.9539702310666204
ga,memory,raw,temporal,ga_arch_128_64_scaler_standard_opt_rmsprop_batch_64_act_relu_drop_0.2,test,max_rss,100,460631.4808203125,448739.37109375,639975.328125,0.7990562846475853,0.8037366500159535,0.8939801083503754
ga,memory,raw,temporal,ga_arch_128_64_scaler_standard_opt_rmsprop_batch_64_act_relu_drop_0.2,train,max_rss,100,205464.4431640625,170775.0703125,1180385.671875,8.552596091619682,0.7496246338150474,239.57680124810892
ga,memory,raw,temporal,ga_arch_128_64_scaler_standard_opt_rmsprop_batch_64_act_relu_drop_0.2,val,max_rss,100,1522319.599921875,1511297.40625,2470121.9375,0.8874495066469369,0.8880500268476816,0.9563539621272676
ga,memory,raw,temporal,ga_arch_128_64_scaler_standard_opt_rmsprop_batch_64_act_relu_drop_0.3,test,max_rss,100,400335.126484375,391249.1171875,556734.265625,0.693216910413355,0.6826576386428903,0.81028226190067
ga,memory,raw,temporal,ga_arch_128_64_scaler_standard_opt_rmsprop_batch_64_act_relu_drop_0.3,train,max_rss,100,168270.36131835938,127756.1796875,1168903.82421875,0.7006818246843891,0.6385894858203041,4.655447731365775
ga,memory,raw,temporal,ga_arch_128_64_scaler_standard_opt_rmsprop_batch_64_act_relu_drop_0.3,val,max_rss,100,1341600.2203125,1336383.6640625,2258744.90625,0.7833473292950316,0.7864014925283117,0.9140559158224438
ga,memory,raw,temporal,ga_arch_64_32_scaler_minmax_opt_adam_batch_128_act_elu_drop_0.2,test,max_rss,100,477978.4815625,475541.8203125,629009.921875,0.8216926345416964,0.8193874872003559,0.8786625568188168
ga,memory,raw,temporal,ga_arch_64_32_scaler_minmax_opt_adam_batch_128_act_elu_drop_0.2,train,max_rss,100,181710.2405078125,136982.4609375,1164616.640625,0.6830494679305772,0.6025707608547848,6.971559426589392
ga,memory,raw,temporal,ga_arch_64_32_scaler_minmax_opt_adam_batch_128_act_elu_drop_0.2,val,max_rss,100,1600563.34515625,1575283.24609375,2575611.9375,0.9324721895395207,0.9339334712823405,0.953831089407158
ga,memory,raw,temporal,ga_arch_64_32_scaler_minmax_opt_adam_batch_128_act_elu_drop_0.3,test,max_rss,100,481632.8742578125,479529.375,632776.0859375,0.8280185639148918,0.8265250759379998,0.8839235029970441
ga,memory,raw,temporal,ga_arch_64_32_scaler_minmax_opt_adam_batch_128_act_elu_drop_0.3,train,max_rss,100,184282.418359375,139087.3515625,1165521.1953125,0.6285115669335295,0.6111130742097465,0.947085415159998
ga,memory,raw,temporal,ga_arch_64_32_scaler_minmax_opt_adam_batch_128_act_elu_drop_0.3,val,max_rss,100,1603825.94359375,1579104.84765625,2578728.6796875,0.934436051215015,0.9367203175244145,0.955612724581545
ga,memory,raw,temporal,ga_arch_64_32_scaler_minmax_opt_adam_batch_128_act_relu_drop_0.2,test,max_rss,100,451813.00546875,441372.0546875,612715.8671875,0.7789790650371734,0.7795469792586405,0.8694405120957153
ga,memory,raw,temporal,ga_arch_64_32_scaler_minmax_opt_adam_batch_128_act_relu_drop_0.2,train,max_rss,100,181486.511015625,136153.875,1171575.3828125,1.0807628875453799,0.6728318122380532,8.035339282578152
ga,memory,raw,temporal,ga_arch_64_32_scaler_minmax_opt_adam_batch_128_act_relu_drop_0.2,val,max_rss,100,1562502.9921875,1550578.76953125,2524182.046875,0.910543658184761,0.9124683170710923,0.9509165599396372
ga,memory,raw,temporal,ga_arch_64_32_scaler_minmax_opt_adam_batch_128_act_relu_drop_0.3,test,max_rss,100,455824.9383203125,445532.11328125,616974.1640625,0.7859116698421326,0.7866007998071358,0.8722501091698612
ga,memory,raw,temporal,ga_arch_64_32_scaler_minmax_opt_adam_batch_128_act_relu_drop_0.3,train,max_rss,100,183388.435078125,138405.8828125,1172015.56640625,1.0809902306901744,0.6748209289633609,7.83322466631542
ga,memory,raw,temporal,ga_arch_64_32_scaler_minmax_opt_adam_batch_128_act_relu_drop_0.3,val,max_rss,100,1566035.400625,1553658.25,2529146.0625,0.9126065786515802,0.9147386051569701,0.9530759453317774
ga,memory,raw,temporal,ga_arch_64_32_scaler_minmax_opt_adam_batch_64_act_elu_drop_0.2,test,max_rss,100,470754.50515625,468164.91015625,623206.4453125,0.8091974205929191,0.8050363906028977,0.8705556933537001
ga,memory,raw,temporal,ga_arch_64_32_scaler_minmax_opt_adam_batch_64_act_elu_drop_0.2,train,max_rss,100,176132.318359375,131068.1484375,1167059.0703125,0.6984836520549459,0.6019797642659287,7.529369731296101
ga,memory,raw,temporal,ga_arch_64_32_scaler_minmax_opt_adam_batch_64_act_elu_drop_0.2,val,max_rss,100,1591665.99578125,1568115.66015625,2560832.859375,0.9273013993902708,0.9292990381952058,0.9486356599870978
ga,memory,raw,temporal,ga_arch_64_32_scaler_minmax_opt_adam_batch_64_act_elu_drop_0.3,test,max_rss,100,473979.302109375,470945.76171875,627224.625,0.81480900537441,0.8123078885773296,0.8761686795963525
ga,memory,raw,temporal,ga_arch_64_32_scaler_minmax_opt_adam_batch_64_act_elu_drop_0.3,train,max_rss,100,180010.8506640625,135388.59375,1167850.84375,0.7117033036484647,0.6172438020207018,7.205858140147524
ga,memory,raw,temporal,ga_arch_64_32_scaler_minmax_opt_adam_batch_64_act_elu_drop_0.3,val,max_rss,100,1593689.753671875,1571545.67578125,2563603.640625,0.9286822541294866,0.9315489003427235,0.9528323222774358
ga,memory,raw,temporal,ga_arch_64_32_scaler_minmax_opt_adam_batch_64_act_relu_drop_0.2,test,max_rss,100,443075.483984375,434190.1328125,603220.78125,0.763951369432797,0.7617255975782781,0.8661571299116259
ga,memory,raw,temporal,ga_arch_64_32_scaler_minmax_opt_adam_batch_64_act_relu_drop_0.2,train,max_rss,100,179000.3667578125,133478.05859375,1172115.67578125,1.0809572556389913,0.669431337037199,8.145446961714086
ga,memory,raw,temporal,ga_arch_64_32_scaler_minmax_opt_adam_batch_64_act_relu_drop_0.2,val,max_rss,100,1554241.390625,1544721.78125,2512350.390625,0.905780126865681,0.9056438515140185,0.948052726942346
ga,memory,raw,temporal,ga_arch_64_32_scaler_minmax_opt_adam_batch_64_act_relu_drop_0.3,test,max_rss,100,450608.1936328125,442905.234375,610301.28125,0.7764630419520562,0.7746361663410531,0.8663349285535425
ga,memory,raw,temporal,ga_arch_64_32_scaler_minmax_opt_adam_batch_64_act_relu_drop_0.3,train,max_rss,100,178203.472109375,132455.70703125,1171072.01171875,1.0059515279175602,0.6589910508895442,8.026918686336495
ga,memory,raw,temporal,ga_arch_64_32_scaler_minmax_opt_adam_batch_64_act_relu_drop_0.3,val,max_rss,100,1563575.972265625,1551726.79296875,2522552.921875,0.9112436354404171,0.9126501197185029,0.948901835546522
ga,memory,raw,temporal,ga_arch_64_32_scaler_minmax_opt_rmsprop_batch_128_act_elu_drop_0.2,test,max_rss,100,471042.542734375,467968.58984375,624207.59375,0.8097349201848322,0.8077872890271652,0.8719541953729159
ga,memory,raw,temporal,ga_arch_64_32_scaler_minmax_opt_rmsprop_batch_128_act_elu_drop_0.2,train,max_rss,100,179219.745,134727.04296875,1167209.2890625,0.7812698758652675,0.6179303547274824,7.418903670530383
ga,memory,raw,temporal,ga_arch_64_32_scaler_minmax_opt_rmsprop_batch_128_act_elu_drop_0.2,val,max_rss,100,1591409.554609375,1568947.40625,2563552.046875,0.9272806968193673,0.9307829406722793,0.9534342611955454
ga,memory,raw,temporal,ga_arch_64_32_scaler_minmax_opt_rmsprop_batch_128_act_elu_drop_0.3,test,max_rss,100,481078.8682421875,478940.3359375,632636.1171875,0.8270942985350463,0.8263531910037092,0.8837279809623787
ga,memory,raw,temporal,ga_arch_64_32_scaler_minmax_opt_rmsprop_batch_128_act_elu_drop_0.3,train,max_rss,100,186065.126328125,141715.6328125,1167179.328125,0.6363738070925777,0.6222178650471883,0.9484327895444646
ga,memory,raw,temporal,ga_arch_64_32_scaler_minmax_opt_rmsprop_batch_128_act_elu_drop_0.3,val,max_rss,100,1602698.442734375,1579007.96484375,2578066.203125,0.9339308608266016,0.9370908643238505,0.9573496280754218
ga,memory,raw,temporal,ga_arch_64_32_scaler_minmax_opt_rmsprop_batch_128_act_relu_drop_0.2,test,max_rss,100,446445.4408984375,436100.5859375,609526.4296875,0.7698070018298067,0.772004231271542,0.8729711407945123
ga,memory,raw,temporal,ga_arch_64_32_scaler_minmax_opt_rmsprop_batch_128_act_relu_drop_0.2,train,max_rss,100,185608.8075,140073.6015625,1172713.578125,1.2084578279025573,0.6877713830055847,8.13077307253249
ga,memory,raw,temporal,ga_arch_64_32_scaler_minmax_opt_rmsprop_batch_128_act_relu_drop_0.2,val,max_rss,100,1554201.3246875,1545179.671875,2515651.0625,0.905697294960983,0.9055887267189427,0.9527349892969782
ga,memory,raw,temporal,ga_arch_64_32_scaler_minmax_opt_rmsprop_batch_128_act_relu_drop_0.3,test,max_rss,100,457678.2018359375,447909.875,619463.4296875,0.7891568809166098,0.7904421321915385,0.8768165473644512
ga,memory,raw,temporal,ga_arch_64_32_scaler_minmax_opt_rmsprop_batch_128_act_relu_drop_0.3,train,max_rss,100,187579.704765625,141561.328125,1172591.109375,1.1678109432170922,0.6955600759690088,7.65778505883386
ga,memory,raw,temporal,ga_arch_64_32_scaler_minmax_opt_rmsprop_batch_128_act_relu_drop_0.3,val,max_rss,100,1566688.7853125,1554444.4921875,2532659.328125,0.9129545220424039,0.9147103193195497,0.9560852199264636
ga,memory,raw,temporal,ga_arch_64_32_scaler_minmax_opt_rmsprop_batch_64_act_elu_drop_0.2,test,max_rss,100,467200.934140625,463964.76171875,620372.234375,0.8030911261786838,0.7988002316306337,0.8665965904170019
ga,memory,raw,temporal,ga_arch_64_32_scaler_minmax_opt_rmsprop_batch_64_act_elu_drop_0.2,train,max_rss,100,175977.6771875,130358.8046875,1169395.68359375,0.721279821935089,0.6061575265639876,7.675605352125044
ga,memory,raw,temporal,ga_arch_64_32_scaler_minmax_opt_rmsprop_batch_64_act_elu_drop_0.2,val,max_rss,100,1587392.89109375,1565865.3203125,2554090.390625,0.9250020217115295,0.9275986951156603,0.9479880051557504
ga,memory,raw,temporal,ga_arch_64_32_scaler_minmax_opt_rmsprop_batch_64_act_elu_drop_0.3,test,max_rss,100,474708.713359375,472364.16796875,626195.8984375,0.816062703049204,0.8134975629015027,0.8747316537558391
ga,memory,raw,temporal,ga_arch_64_32_scaler_minmax_opt_rmsprop_batch_64_act_elu_drop_0.3,train,max_rss,100,179614.229453125,133882.35546875,1168718.8515625,0.6807872252300933,0.6133151104309386,7.180328525641026
ga,memory,raw,temporal,ga_arch_64_32_scaler_minmax_opt_rmsprop_batch_64_act_elu_drop_0.3,val,max_rss,100,1596730.816484375,1573276.6171875,2568599.03125,0.930294557803669,0.9329305651872342,0.9517138902660603
ga,memory,raw,temporal,ga_arch_64_32_scaler_minmax_opt_rmsprop_batch_64_act_relu_drop_0.2,test,max_rss,100,445586.1108984375,437520.03125,605135.1328125,0.7682742847558889,0.7659821918896836,0.8661522312640089
ga,memory,raw,temporal,ga_arch_64_32_scaler_minmax_opt_rmsprop_batch_64_act_relu_drop_0.2,train,max_rss,100,178355.606015625,133670.197265625,1171987.953125,1.02812414510991,0.6587425180148302,8.01820446961714
ga,memory,raw,temporal,ga_arch_64_32_scaler_minmax_opt_rmsprop_batch_64_act_relu_drop_0.2,val,max_rss,100,1558226.793046875,1547687.94921875,2517392.765625,0.9081135868510176,0.9081909144237366,0.9482957900022048
ga,memory,raw,temporal,ga_arch_64_32_scaler_minmax_opt_rmsprop_batch_64_act_relu_drop_0.3,test,max_rss,100,445579.1598046875,436896.8984375,605349.6875,0.7683050552562007,0.7667709074969646,0.8695219680170478
ga,memory,raw,temporal,ga_arch_64_32_scaler_minmax_opt_rmsprop_batch_64_act_relu_drop_0.3,train,max_rss,100,180414.834921875,135746.7421875,1172969.26953125,1.023756223318043,0.6610692597817875,7.941678191956445
ga,memory,raw,temporal,ga_arch_64_32_scaler_minmax_opt_rmsprop_batch_64_act_relu_drop_0.3,val,max_rss,100,1557815.262578125,1547798.46484375,2517791.5625,0.9078757237267928,0.907342064719857,0.9496684722359486
ga,memory,raw,temporal,ga_arch_64_32_scaler_standard_opt_adam_batch_128_act_elu_drop_0.2,test,max_rss,100,459672.0344140625,446360.80859375,642847.5703125,0.7959959653921189,0.7982813383814016,0.8984555972282371
ga,memory,raw,temporal,ga_arch_64_32_scaler_standard_opt_adam_batch_128_act_elu_drop_0.2,train,max_rss,100,196037.90869689942,162475.3828125,1186505.625,1.5906297968460745,0.7617391615644493,9.702658500175623
ga,memory,raw,temporal,ga_arch_64_32_scaler_standard_opt_adam_batch_128_act_elu_drop_0.2,val,max_rss,100,1525267.5828125,1515952.125,2458944.53125,0.8894118155380071,0.8881383650634236,0.9515043123308478
ga,memory,raw,temporal,ga_arch_64_32_scaler_standard_opt_adam_batch_128_act_elu_drop_0.3,test,max_rss,100,464207.93265625,451363.83203125,646425.5703125,0.8038787666803178,0.8064509219540682,0.902990437274401
ga,memory,raw,temporal,ga_arch_64_32_scaler_standard_opt_adam_batch_128_act_elu_drop_0.3,train,max_rss,100,195650.42288452148,159400.546875,1187606.46484375,1.5298906823206275,0.7684718812139785,9.452098700386372
ga,memory,raw,temporal,ga_arch_64_32_scaler_standard_opt_adam_batch_128_act_elu_drop_0.3,val,max_rss,100,1533168.443984375,1524411.6015625,2468782.203125,0.8940790565334847,0.8927287558194926,0.9534350884601224
ga,memory,raw,temporal,ga_arch_64_32_scaler_standard_opt_adam_batch_128_act_relu_drop_0.2,test,max_rss,100,422951.8475,415419.8515625,579930.0,0.7291464492739128,0.7190977982091855,0.8504091229613991
ga,memory,raw,temporal,ga_arch_64_32_scaler_standard_opt_adam_batch_128_act_relu_drop_0.2,train,max_rss,100,174655.8783203125,134761.33984375,1173939.26953125,0.7481111443315838,0.619080678461001,6.766784114857745
ga,memory,raw,temporal,ga_arch_64_32_scaler_standard_opt_adam_batch_128_act_relu_drop_0.2,val,max_rss,100,1489711.353359375,1484917.421875,2433976.875,0.8683571123273157,0.8727115702462003,0.9335787786323482
ga,memory,raw,temporal,ga_arch_64_32_scaler_standard_opt_adam_batch_128_act_relu_drop_0.3,test,max_rss,100,421570.138359375,413892.328125,577494.140625,0.7267870482463091,0.7164830092755499,0.8488378499288487
ga,memory,raw,temporal,ga_arch_64_32_scaler_standard_opt_adam_batch_128_act_relu_drop_0.3,train,max_rss,100,174953.4462109375,135510.34375,1174119.65234375,0.655926695566427,0.6136812071176387,4.029702890693914
ga,memory,raw,temporal,ga_arch_64_32_scaler_standard_opt_adam_batch_128_act_relu_drop_0.3,val,max_rss,100,1485473.058984375,1480508.15625,2429096.96875,0.8658591423302504,0.8703444766816376,0.932561641986635
ga,memory,raw,temporal,ga_arch_64_32_scaler_standard_opt_adam_batch_64_act_elu_drop_0.2,test,max_rss,100,454596.3135546875,441950.62890625,631179.1328125,0.7834399685540362,0.7847853379142729,0.8816927227388416
ga,memory,raw,temporal,ga_arch_64_32_scaler_standard_opt_adam_batch_64_act_elu_drop_0.2,train,max_rss,100,187273.4730859375,147717.75,1181554.70703125,1.4475577519291734,0.7424784197752532,9.495913461538462
ga,memory,raw,temporal,ga_arch_64_32_scaler_standard_opt_adam_batch_64_act_elu_drop_0.2,val,max_rss,100,1534132.13140625,1527762.5546875,2471994.734375,0.8946595289935344,0.8943562553616475,0.9479009217712824
ga,memory,raw,temporal,ga_arch_64_32_scaler_standard_opt_adam_batch_64_act_elu_drop_0.3,test,max_rss,100,465272.2894921875,452125.25,645786.4140625,0.8049068960279426,0.8092276045195321,0.9020976013344564
ga,memory,raw,temporal,ga_arch_64_32_scaler_standard_opt_adam_batch_64_act_elu_drop_0.3,train,max_rss,100,197968.40274658203,163689.0625,1185540.3125,1.5192577298091363,0.758306762199409,9.046063839128909
ga,memory,raw,temporal,ga_arch_64_32_scaler_standard_opt_adam_batch_64_act_elu_drop_0.3,val,max_rss,100,1531800.573359375,1522263.65625,2473018.953125,0.8931917939829431,0.8929677019750105,0.9558063087349364
ga,memory,raw,temporal,ga_arch_64_32_scaler_standard_opt_adam_batch_64_act_relu_drop_0.2,test,max_rss,100,410212.650859375,399326.21875,567854.859375,0.7083007564789972,0.6980107533236447,0.8270250150394843
ga,memory,raw,temporal,ga_arch_64_32_scaler_standard_opt_adam_batch_64_act_relu_drop_0.2,train,max_rss,100,169385.8783984375,130608.6171875,1173066.359375,0.6876921235149667,0.6313624734812253,4.328441428072626
ga,memory,raw,temporal,ga_arch_64_32_scaler_standard_opt_adam_batch_64_act_relu_drop_0.2,val,max_rss,100,1424694.26875,1418482.7109375,2349864.34375,0.8305389705778833,0.8338560205818618,0.921267711437626
ga,memory,raw,temporal,ga_arch_64_32_scaler_standard_opt_adam_batch_64_act_relu_drop_0.3,test,max_rss,100,414920.2165625,405648.515625,570402.6875,0.7165107768662616,0.7067466801174869,0.8358956388294548
ga,memory,raw,temporal,ga_arch_64_32_scaler_standard_opt_adam_batch_64_act_relu_drop_0.3,train,max_rss,100,172213.7917578125,133041.447265625,1173576.98046875,0.6778144649163983,0.6325311907922895,4.241436342252279
ga,memory,raw,temporal,ga_arch_64_32_scaler_standard_opt_adam_batch_64_act_relu_drop_0.3,val,max_rss,100,1445104.82921875,1436026.4609375,2378893.59375,0.8425454863056325,0.8465331263403071,0.9258582407566291
ga,memory,raw,temporal,ga_arch_64_32_scaler_standard_opt_rmsprop_batch_128_act_elu_drop_0.2,test,max_rss,100,463951.44453125,450527.1328125,646253.6796875,0.803361304536756,0.8061004162967139,0.902750323643752
ga,memory,raw,temporal,ga_arch_64_32_scaler_standard_opt_rmsprop_batch_128_act_elu_drop_0.2,train,max_rss,100,196473.14012451173,162739.921875,1184951.71875,1.575911118300169,0.7614488204808791,9.59432516684229
ga,memory,raw,temporal,ga_arch_64_32_scaler_standard_opt_rmsprop_batch_128_act_elu_drop_0.2,val,max_rss,100,1532124.310625,1523036.546875,2469381.59375,0.8934220071904513,0.8926268094933792,0.9535354123202044
ga,memory,raw,temporal,ga_arch_64_32_scaler_standard_opt_rmsprop_batch_128_act_elu_drop_0.3,test,max_rss,100,468891.8658984375,456289.51171875,651333.859375,0.8112426681943918,0.8167028010746702,0.9098468153175427
ga,memory,raw,temporal,ga_arch_64_32_scaler_standard_opt_rmsprop_batch_128_act_elu_drop_0.3,train,max_rss,100,201708.7102484131,168565.9609375,1186472.359375,8.418945653082185,0.7731071468197463,234.1689911119516
ga,memory,raw,temporal,ga_arch_64_32_scaler_standard_opt_rmsprop_batch_128_act_elu_drop_0.3,val,max_rss,100,1533257.978828125,1523014.734375,2474192.3125,0.8940371843070787,0.8934137423230789,0.9574486452817104
ga,memory,raw,temporal,ga_arch_64_32_scaler_standard_opt_rmsprop_batch_128_act_relu_drop_0.2,test,max_rss,100,466212.5398828125,454673.52734375,648666.90625,0.8086742411826681,0.8141050557836448,0.906617131135546
ga,memory,raw,temporal,ga_arch_64_32_scaler_standard_opt_rmsprop_batch_128_act_relu_drop_0.2,train,max_rss,100,208614.15373962402,172276.80859375,1184418.484375,8.446692517987891,0.7662159150857841,234.4047135022693
ga,memory,raw,temporal,ga_arch_64_32_scaler_standard_opt_rmsprop_batch_128_act_relu_drop_0.2,val,max_rss,100,1522606.21953125,1510417.8984375,2466703.046875,0.8882171115240056,0.8876946632512404,0.9583286044910336
ga,memory,raw,temporal,ga_arch_64_32_scaler_standard_opt_rmsprop_batch_128_act_relu_drop_0.3,test,max_rss,100,461807.8642578125,449348.9765625,639681.734375,0.8011625891965453,0.8046302962505553,0.8935699878958808
ga,memory,raw,temporal,ga_arch_64_32_scaler_standard_opt_rmsprop_batch_128_act_relu_drop_0.3,train,max_rss,100,202683.23036621095,168992.8515625,1181782.23828125,7.68460578020446,0.7526353734516403,212.7465724281392
ga,memory,raw,temporal,ga_arch_64_32_scaler_standard_opt_rmsprop_batch_128_act_relu_drop_0.3,val,max_rss,100,1527671.54546875,1517689.7890625,2475133.34375,0.8906372092598303,0.8912014737550014,0.9558720402085542
ga,memory,raw,temporal,ga_arch_64_32_scaler_standard_opt_rmsprop_batch_64_act_elu_drop_0.2,test,max_rss,100,464155.9806640625,451812.46484375,645240.7890625,0.803098806555133,0.8088462256079847,0.9013354189890092
ga,memory,raw,temporal,ga_arch_64_32_scaler_standard_opt_rmsprop_batch_64_act_elu_drop_0.2,train,max_rss,100,200570.3356100464,169461.04296875,1183583.42578125,9.211755082113857,0.7617039319202402,261.39417076399394
ga,memory,raw,temporal,ga_arch_64_32_scaler_standard_opt_rmsprop_batch_64_act_elu_drop_0.2,val,max_rss,100,1529469.266953125,1519408.40625,2472691.796875,0.8917642421926457,0.8917342769773314,0.9560529099417552
ga,memory,raw,temporal,ga_arch_64_32_scaler_standard_opt_rmsprop_batch_64_act_elu_drop_0.3,test,max_rss,100,467539.9368359375,454554.37109375,647114.828125,0.8088754558586199,0.813954339486507,0.903953259975247
ga,memory,raw,temporal,ga_arch_64_32_scaler_standard_opt_rmsprop_batch_64_act_elu_drop_0.3,train,max_rss,100,201664.23227077484,169089.6875,1184353.21875,10.062860187021904,0.7671616559632047,291.0455039712557
ga,memory,raw,temporal,ga_arch_64_32_scaler_standard_opt_rmsprop_batch_64_act_elu_drop_0.3,val,max_rss,100,1533288.430703125,1523366.5390625,2478051.78125,0.894012750335052,0.8940362166620239,0.957459514265537
ga,memory,raw,temporal,ga_arch_64_32_scaler_standard_opt_rmsprop_batch_64_act_relu_drop_0.2,test,max_rss,100,411186.895390625,402765.3828125,566051.875,0.7101240717002283,0.7006822135270219,0.8324526688850118
ga,memory,raw,temporal,ga_arch_64_32_scaler_standard_opt_rmsprop_batch_64_act_relu_drop_0.2,train,max_rss,100,171061.57801681518,131611.9453125,1172015.5078125,0.6950040184417222,0.6274474097149881,4.398590832659512
ga,memory,raw,temporal,ga_arch_64_32_scaler_standard_opt_rmsprop_batch_64_act_relu_drop_0.2,val,max_rss,100,1432465.01671875,1425014.125,2366872.5,0.8350378066337382,0.8394736620152685,0.9247519122623724
ga,memory,raw,temporal,ga_arch_64_32_scaler_standard_opt_rmsprop_batch_64_act_relu_drop_0.3,test,max_rss,100,414991.3809375,406643.8359375,569316.796875,0.7166908109450663,0.7072461887459678,0.8371458595866915
ga,memory,raw,temporal,ga_arch_64_32_scaler_standard_opt_rmsprop_batch_64_act_relu_drop_0.3,train,max_rss,100,173033.22704574585,133245.556640625,1172841.94921875,0.6791828813637106,0.6274980142798607,4.281324656351074
ga,memory,raw,temporal,ga_arch_64_32_scaler_standard_opt_rmsprop_batch_64_act_relu_drop_0.3,val,max_rss,100,1444427.650625,1435478.109375,2381704.34375,0.8421067509615746,0.8466125831106897,0.927200556016825
pcsa,cpu,raw,record,pcsa_arch_128_64_scaler_minmax_opt_adam_batch_128_act_elu_drop_0.2,test,CPUTime,100,6494.368720092773,6372.68896484375,22183.1328125,47.754913182896146,65.97088549542171,88.96976811835107
pcsa,cpu,raw,record,pcsa_arch_128_64_scaler_minmax_opt_adam_batch_128_act_elu_drop_0.2,train,CPUTime,100,14533.097640228272,13307.95947265625,31328.9580078125,7.182786890933295,0.9644048584598655,50.82069368610595
pcsa,cpu,raw,record,pcsa_arch_128_64_scaler_minmax_opt_adam_batch_128_act_elu_drop_0.2,val,CPUTime,100,11023.858875427246,10696.18603515625,17498.435546875,0.7990602086751092,0.8425106011710026,0.9802953792309989
pcsa,cpu,raw,record,pcsa_arch_128_64_scaler_minmax_opt_adam_batch_128_act_elu_drop_0.3,test,CPUTime,100,8399.118976135254,7826.370361328125,12806.50634765625,105.09976654986322,114.22394185126582,159.14105094747342
pcsa,cpu,raw,record,pcsa_arch_128_64_scaler_minmax_opt_adam_batch_128_act_elu_drop_0.3,train,CPUTime,100,15648.07534515381,13710.9384765625,33568.7568359375,6.69548570220988,0.6077183286618739,51.36644327950744
pcsa,cpu,raw,record,pcsa_arch_128_64_scaler_minmax_opt_adam_batch_128_act_elu_drop_0.3,val,CPUTime,100,11215.00657196045,11843.550643920898,20871.9365234375,0.7988440786950279,0.8202914594788735,0.9807565128385818
pcsa,cpu,raw,record,pcsa_arch_128_64_scaler_minmax_opt_adam_batch_128_act_relu_drop_0.2,test,CPUTime,100,8876.65729248047,8489.4599609375,14097.35595703125,113.57741274719224,116.04981720753206,180.6374459773936
pcsa,cpu,raw,record,pcsa_arch_128_64_scaler_minmax_opt_adam_batch_128_act_relu_drop_0.2,train,CPUTime,100,15410.0025189209,13725.62841796875,34554.32373046875,6.902154972525008,0.590294855432988,54.56838841775093
pcsa,cpu,raw,record,pcsa_arch_128_64_scaler_minmax_opt_adam_batch_128_act_relu_drop_0.2,val,CPUTime,100,11394.661166992188,11788.6533203125,20500.9658203125,0.8117744292063799,0.8401642764640642,0.9764171464953364
pcsa,cpu,raw,record,pcsa_arch_128_64_scaler_minmax_opt_adam_batch_128_act_relu_drop_0.3,test,CPUTime,100,8880.493842773438,8629.4306640625,13116.38916015625,118.67967851799541,116.58173076923076,183.63682263962767
pcsa,cpu,raw,record,pcsa_arch_128_64_scaler_minmax_opt_adam_batch_128_act_relu_drop_0.3,train,CPUTime,100,15590.75399658203,13765.287109375,34295.4287109375,6.424194514421495,0.5973864539408484,52.98147798559479
pcsa,cpu,raw,record,pcsa_arch_128_64_scaler_minmax_opt_adam_batch_128_act_relu_drop_0.3,val,CPUTime,100,11381.059844970703,11741.807678222656,20979.6259765625,0.8085909340763646,0.8327723772652835,0.972714226402866
pcsa,cpu,raw,record,pcsa_arch_128_64_scaler_minmax_opt_adam_batch_64_act_elu_drop_0.2,test,CPUTime,100,8426.119775390625,7717.199462890625,13927.47314453125,105.14301368847187,113.64276592548076,162.93017578125
pcsa,cpu,raw,record,pcsa_arch_128_64_scaler_minmax_opt_adam_batch_64_act_elu_drop_0.2,train,CPUTime,100,16781.564184570314,15212.98046875,34978.1865234375,0.6105754542216024,0.5594817145293192,0.9869101090836634
pcsa,cpu,raw,record,pcsa_arch_128_64_scaler_minmax_opt_adam_batch_64_act_elu_drop_0.2,val,CPUTime,100,11479.877890625,11867.8134765625,22646.8935546875,0.8098941862646118,0.8236563207831504,0.9826743717146866
pcsa,cpu,raw,record,pcsa_arch_128_64_scaler_minmax_opt_adam_batch_64_act_elu_drop_0.3,test,CPUTime,100,7027.457043457031,7169.523849487305,20238.2109375,70.03702497832519,90.939335690269,114.9005776263298
pcsa,cpu,raw,record,pcsa_arch_128_64_scaler_minmax_opt_adam_batch_64_act_elu_drop_0.3,train,CPUTime,100,14895.40394454956,13967.63037109375,32717.88330078125,7.439847677077616,0.9710515987910572,53.460581726301115
pcsa,cpu,raw,record,pcsa_arch_128_64_scaler_minmax_opt_adam_batch_64_act_elu_drop_0.3,val,CPUTime,100,11181.917270507813,10931.649169921877,18161.4453125,0.8067756380165472,0.848620006957683,0.9778838332166182
pcsa,cpu,raw,record,pcsa_arch_128_64_scaler_minmax_opt_adam_batch_64_act_relu_drop_0.2,test,CPUTime,100,9152.733149414062,8920.837890625,14118.21337890625,119.13932587810774,119.08427233573718,189.83697639627655
pcsa,cpu,raw,record,pcsa_arch_128_64_scaler_minmax_opt_adam_batch_64_act_relu_drop_0.2,train,CPUTime,100,15681.880588378906,14011.90185546875,34982.970703125,6.761386672139014,0.6032030538681403,53.75056270329926
pcsa,cpu,raw,record,pcsa_arch_128_64_scaler_minmax_opt_adam_batch_64_act_relu_drop_0.2,val,CPUTime,100,11455.17716064453,11563.43017578125,20974.8740234375,0.8119362352573694,0.8373705340638807,0.9586143526821004
pcsa,cpu,raw,record,pcsa_arch_128_64_scaler_minmax_opt_adam_batch_64_act_relu_drop_0.3,test,CPUTime,100,8097.504836425781,7772.9200439453125,16606.767578125,103.00585948940085,104.6390850360577,165.41058219747342
pcsa,cpu,raw,record,pcsa_arch_128_64_scaler_minmax_opt_adam_batch_64_act_relu_drop_0.3,train,CPUTime,100,14958.5614352417,13552.85693359375,33599.2451171875,7.174960557069621,0.5815862154508452,54.43259903578067
pcsa,cpu,raw,record,pcsa_arch_128_64_scaler_minmax_opt_adam_batch_64_act_relu_drop_0.3,val,CPUTime,100,11359.813129272461,11208.4443359375,19649.4443359375,0.8127666974440715,0.8470364174715606,0.9766736162122498
pcsa,cpu,raw,record,pcsa_arch_128_64_scaler_minmax_opt_rmsprop_batch_128_act_elu_drop_0.2,test,CPUTime,100,7040.905290527344,5556.604248046875,27847.375,5.701450546836267,4.28942063340841,46.256257584951456
pcsa,cpu,raw,record,pcsa_arch_128_64_scaler_minmax_opt_rmsprop_batch_128_act_elu_drop_0.2,train,CPUTime,100,13232.611651000976,9921.9306640625,39446.375,2.833755373993111,0.8553312804107445,41.096218532986114
pcsa,cpu,raw,record,pcsa_arch_128_64_scaler_minmax_opt_rmsprop_batch_128_act_elu_drop_0.2,val,CPUTime,100,10690.376791992188,10493.36376953125,15707.19140625,0.7948698312776353,0.9598387109608391,0.9721861668852758
pcsa,cpu,raw,record,pcsa_arch_128_64_scaler_minmax_opt_rmsprop_batch_128_act_elu_drop_0.3,test,CPUTime,100,6331.283480529785,6108.287109375,17594.26953125,60.34333763680652,77.58591277689874,102.88710314162236
pcsa,cpu,raw,record,pcsa_arch_128_64_scaler_minmax_opt_rmsprop_batch_128_act_elu_drop_0.3,train,CPUTime,100,14973.44372177124,12383.61767578125,35582.5615234375,6.457731096646856,0.5689481275139927,46.83034314010223
pcsa,cpu,raw,record,pcsa_arch_128_64_scaler_minmax_opt_rmsprop_batch_128_act_elu_drop_0.3,val,CPUTime,100,11100.613454589844,10759.5009765625,19200.5009765625,0.7977428828256743,0.8296664621675753,0.9814521343884623
pcsa,cpu,raw,record,pcsa_arch_128_64_scaler_minmax_opt_rmsprop_batch_128_act_relu_drop_0.2,test,CPUTime,100,9140.214643554687,8577.845703125,14982.3369140625,117.5956346385861,121.73790564903848,182.5392702792553
pcsa,cpu,raw,record,pcsa_arch_128_64_scaler_minmax_opt_rmsprop_batch_128_act_relu_drop_0.2,train,CPUTime,100,16369.927127075196,14721.54296875,35721.00390625,3.212861967617311,0.5426400706217275,44.6568928781348
pcsa,cpu,raw,record,pcsa_arch_128_64_scaler_minmax_opt_rmsprop_batch_128_act_relu_drop_0.2,val,CPUTime,100,11201.007950439453,11526.31964111328,22122.6640625,0.7901922932839902,0.8005857007364863,0.9556809454678112
pcsa,cpu,raw,record,pcsa_arch_128_64_scaler_minmax_opt_rmsprop_batch_128_act_relu_drop_0.3,test,CPUTime,100,8615.918481445313,8410.8740234375,14849.40234375,110.3116062363191,109.40995592948718,178.98668134973406
pcsa,cpu,raw,record,pcsa_arch_128_64_scaler_minmax_opt_rmsprop_batch_128_act_relu_drop_0.3,train,CPUTime,100,15474.62213256836,14020.145385742188,35053.37109375,7.4898222927160285,0.5857232762432916,54.762786071096656
pcsa,cpu,raw,record,pcsa_arch_128_64_scaler_minmax_opt_rmsprop_batch_128_act_relu_drop_0.3,val,CPUTime,100,11221.842395019532,11358.480651855469,19802.4765625,0.7997029552165225,0.8285250433904052,0.9483427982934896
pcsa,cpu,raw,record,pcsa_arch_128_64_scaler_minmax_opt_rmsprop_batch_64_act_elu_drop_0.2,test,CPUTime,100,6058.545585327149,4598.494140625,28837.94921875,4.912652746592715,2.1402751455423576,52.23948645213294
pcsa,cpu,raw,record,pcsa_arch_128_64_scaler_minmax_opt_rmsprop_batch_64_act_elu_drop_0.2,train,CPUTime,100,14132.152966766358,10961.423419952393,43061.625,6.7989066152858575,0.9590316082946895,41.699687064358734
pcsa,cpu,raw,record,pcsa_arch_128_64_scaler_minmax_opt_rmsprop_batch_64_act_elu_drop_0.2,val,CPUTime,100,10529.977388916015,10111.3173828125,15562.71484375,0.7845731552968285,0.9591473512358538,0.9717073634286876
pcsa,cpu,raw,record,pcsa_arch_128_64_scaler_minmax_opt_rmsprop_batch_64_act_elu_drop_0.3,test,CPUTime,100,7955.023410949707,7391.172836303711,13616.36474609375,98.57769628774886,107.69776008702532,148.78302651263297
pcsa,cpu,raw,record,pcsa_arch_128_64_scaler_minmax_opt_rmsprop_batch_64_act_elu_drop_0.3,train,CPUTime,100,16467.20735595703,14693.970703125,34747.83642578125,1.4012043608324591,0.5404381826603855,42.57477591105015
pcsa,cpu,raw,record,pcsa_arch_128_64_scaler_minmax_opt_rmsprop_batch_64_act_elu_drop_0.3,val,CPUTime,100,11263.689392700195,11804.083892822266,22098.2451171875,0.796998270950667,0.8098428082119961,0.9776368581789792
pcsa,cpu,raw,record,pcsa_arch_128_64_scaler_minmax_opt_rmsprop_batch_64_act_relu_drop_0.2,test,CPUTime,100,9148.756296386719,8677.71484375,14219.2236328125,121.9069841302464,122.78440504807692,184.66414561170217
pcsa,cpu,raw,record,pcsa_arch_128_64_scaler_minmax_opt_rmsprop_batch_64_act_relu_drop_0.2,train,CPUTime,100,16529.856353149415,14904.2548828125,35112.79443359375,1.5743574971944974,0.5481885068160575,44.32364322100314
pcsa,cpu,raw,record,pcsa_arch_128_64_scaler_minmax_opt_rmsprop_batch_64_act_relu_drop_0.2,val,CPUTime,100,11142.283120117187,11566.444091796877,22333.4990234375,0.7858213252675502,0.7933061264728241,0.9588525880797468
pcsa,cpu,raw,record,pcsa_arch_128_64_scaler_minmax_opt_rmsprop_batch_64_act_relu_drop_0.3,test,CPUTime,100,9040.906129150391,8462.87109375,14641.93359375,116.67792066216217,121.68579727564102,180.09300199468086
pcsa,cpu,raw,record,pcsa_arch_128_64_scaler_minmax_opt_rmsprop_batch_64_act_relu_drop_0.3,train,CPUTime,100,16139.615748901368,14321.494140625,35636.419189453125,4.034366373085974,0.5284196826399512,44.94433287617555
pcsa,cpu,raw,record,pcsa_arch_128_64_scaler_minmax_opt_rmsprop_batch_64_act_relu_drop_0.3,val,CPUTime,100,11035.389534912109,11462.911071777344,21729.82421875,0.7800741638635594,0.7895071078513249,0.9506688065589554
pcsa,cpu,raw,record,pcsa_arch_128_64_scaler_standard_opt_adam_batch_128_act_elu_drop_0.2,test,CPUTime,100,6636.9117431640625,5328.95458984375,24363.720703125,6.337313334724283,5.94640141692698,17.038664582487826
pcsa,cpu,raw,record,pcsa_arch_128_64_scaler_standard_opt_adam_batch_128_act_elu_drop_0.2,train,CPUTime,100,12325.64771780014,9579.00942993164,30583.3447265625,1.8338438983776744,0.4905655842843591,64.573616438997
pcsa,cpu,raw,record,pcsa_arch_128_64_scaler_standard_opt_adam_batch_128_act_elu_drop_0.2,val,CPUTime,100,10944.842379074096,10403.1220703125,16540.888671875,1.3604826007844115,0.9987977584526346,34.15441793646694
pcsa,cpu,raw,record,pcsa_arch_128_64_scaler_standard_opt_adam_batch_128_act_elu_drop_0.3,test,CPUTime,100,3515.2526867675783,2704.125,12602.16015625,9.122656348214274,4.540271942199924,57.61618543027052
pcsa,cpu,raw,record,pcsa_arch_128_64_scaler_standard_opt_adam_batch_128_act_elu_drop_0.3,train,CPUTime,100,21963.952131347658,20681.23876953125,33172.2578125,1.230945006243902,0.76122943675696,18.24095879546363
pcsa,cpu,raw,record,pcsa_arch_128_64_scaler_standard_opt_adam_batch_128_act_elu_drop_0.3,val,CPUTime,100,12534.709916687012,11742.74935913086,28355.6171875,0.8323144969866226,0.7507583256374515,0.9727886616971668
pcsa,cpu,raw,record,pcsa_arch_128_64_scaler_standard_opt_adam_batch_128_act_relu_drop_0.2,test,CPUTime,100,4528.587721557617,4041.8642578125,12088.240234375,28.58320695349287,26.22699735491155,51.83159304887821
pcsa,cpu,raw,record,pcsa_arch_128_64_scaler_standard_opt_adam_batch_128_act_relu_drop_0.2,train,CPUTime,100,19851.98423095703,18058.826171875,34580.09375,1.3929208448700467,0.66475336117798,27.64196143085531
pcsa,cpu,raw,record,pcsa_arch_128_64_scaler_standard_opt_adam_batch_128_act_relu_drop_0.2,val,CPUTime,100,11696.738608703614,11713.49087524414,25683.0654296875,0.7908833032390996,0.6500452347871137,0.9704759208951182
pcsa,cpu,raw,record,pcsa_arch_128_64_scaler_standard_opt_adam_batch_128_act_relu_drop_0.3,test,CPUTime,100,4506.521615600586,3957.0126953125,12713.880859375,28.137830724182592,26.145546539431628,50.74375250400641
pcsa,cpu,raw,record,pcsa_arch_128_64_scaler_standard_opt_adam_batch_128_act_relu_drop_0.3,train,CPUTime,100,19714.092700195313,17881.9482421875,35378.98828125,1.465435377338826,0.6583655917388228,28.28056617206235
pcsa,cpu,raw,record,pcsa_arch_128_64_scaler_standard_opt_adam_batch_128_act_relu_drop_0.3,val,CPUTime,100,11708.682339477538,11769.49346923828,25499.7890625,0.7927757807687587,0.6524281229983502,0.9749026534849642
pcsa,cpu,raw,record,pcsa_arch_128_64_scaler_standard_opt_adam_batch_64_act_elu_drop_0.2,test,CPUTime,100,6614.62607421875,5421.880615234375,22178.67578125,6.3785180224469205,5.506671090620612,17.505120442708332
pcsa,cpu,raw,record,pcsa_arch_128_64_scaler_standard_opt_adam_batch_64_act_elu_drop_0.2,train,CPUTime,100,12099.239537291527,9373.972778320312,29619.990234375,1.9236804597333435,0.4624113307319601,57.741181699101794
pcsa,cpu,raw,record,pcsa_arch_128_64_scaler_standard_opt_adam_batch_64_act_elu_drop_0.2,val,CPUTime,100,10936.266561431885,10462.0302734375,15886.537109375,1.9622775984103549,1.0002119537345076,35.35749047649794
pcsa,cpu,raw,record,pcsa_arch_128_64_scaler_standard_opt_adam_batch_64_act_elu_drop_0.3,test,CPUTime,100,7045.461166992188,6523.732177734375,12251.458984375,5.879175582012881,5.179623337530691,38.36800525257888
pcsa,cpu,raw,record,pcsa_arch_128_64_scaler_standard_opt_adam_batch_64_act_elu_drop_0.3,train,CPUTime,100,8306.893125305176,6362.555419921875,21601.893310546875,0.7307660841699234,0.3767039039785299,14.59722251080452
pcsa,cpu,raw,record,pcsa_arch_128_64_scaler_standard_opt_adam_batch_64_act_elu_drop_0.3,val,CPUTime,100,12153.396725311279,12157.599716186523,12940.649169921877,0.8864897653495386,0.8626458454452515,0.9895739242895046
pcsa,cpu,raw,record,pcsa_arch_128_64_scaler_standard_opt_adam_batch_64_act_relu_drop_0.2,test,CPUTime,100,4335.32601196289,3687.521728515625,12610.654296875,26.22807419066527,25.41474489813458,53.49688083022388
pcsa,cpu,raw,record,pcsa_arch_128_64_scaler_standard_opt_adam_batch_64_act_relu_drop_0.2,train,CPUTime,100,19888.714897460937,18018.3515625,37037.56640625,1.504575452563229,0.6633819874524944,29.60636803057554
pcsa,cpu,raw,record,pcsa_arch_128_64_scaler_standard_opt_adam_batch_64_act_relu_drop_0.2,val,CPUTime,100,11755.866508789062,11799.66943359375,25636.3203125,0.7955907584514066,0.6539211509123282,0.977287916654316
pcsa,cpu,raw,record,pcsa_arch_128_64_scaler_standard_opt_adam_batch_64_act_relu_drop_0.3,test,CPUTime,100,4566.162708129883,3977.465087890625,14272.443359375,27.771121775842918,26.390057722394037,51.00596266526442
pcsa,cpu,raw,record,pcsa_arch_128_64_scaler_standard_opt_adam_batch_64_act_relu_drop_0.3,train,CPUTime,100,19287.303344726562,17463.109375,33671.18359375,1.4565684077331427,0.6426549993726443,26.91541454336531
pcsa,cpu,raw,record,pcsa_arch_128_64_scaler_standard_opt_adam_batch_64_act_relu_drop_0.3,val,CPUTime,100,11570.253653564454,11795.59149169922,25067.6455078125,0.7893766923132217,0.6374340107389462,0.9769655751876704
pcsa,cpu,raw,record,pcsa_arch_128_64_scaler_standard_opt_rmsprop_batch_128_act_elu_drop_0.2,test,CPUTime,100,3805.9613214111328,3015.4564208984375,11597.34814453125,6.111336629052505,2.3309162235399152,55.849449043843286
pcsa,cpu,raw,record,pcsa_arch_128_64_scaler_standard_opt_rmsprop_batch_128_act_elu_drop_0.2,train,CPUTime,100,19808.267033691405,17768.0458984375,42155.46484375,1.5442235346067585,0.6540558303385899,33.69741394384492
pcsa,cpu,raw,record,pcsa_arch_128_64_scaler_standard_opt_rmsprop_batch_128_act_elu_drop_0.2,val,CPUTime,100,11808.310340008735,12089.026525974274,25412.826171875,0.8019133124998548,0.6446106081300425,1.000168554102493
pcsa,cpu,raw,record,pcsa_arch_128_64_scaler_standard_opt_rmsprop_batch_128_act_elu_drop_0.3,test,CPUTime,100,3705.02150390625,2947.3834228515625,12000.21875,5.200660917568411,2.440929274234822,61.248746501865675
pcsa,cpu,raw,record,pcsa_arch_128_64_scaler_standard_opt_rmsprop_batch_128_act_elu_drop_0.3,train,CPUTime,100,20823.09020019531,19045.73876953125,36040.23046875,1.4570203527978611,0.7010609408648789,28.809137065347723
pcsa,cpu,raw,record,pcsa_arch_128_64_scaler_standard_opt_rmsprop_batch_128_act_elu_drop_0.3,val,CPUTime,100,12016.698336486816,11839.409454345703,26710.052734375,0.8062920890158349,0.6887224019585325,0.9804291719504944
pcsa,cpu,raw,record,pcsa_arch_128_64_scaler_standard_opt_rmsprop_batch_128_act_relu_drop_0.2,test,CPUTime,100,4337.587072753906,3770.45556640625,11367.58447265625,27.720121319384162,25.894803675903187,58.913359229244406
pcsa,cpu,raw,record,pcsa_arch_128_64_scaler_standard_opt_rmsprop_batch_128_act_relu_drop_0.2,train,CPUTime,100,20252.992708740236,18124.0556640625,45948.390625,1.6366878270950904,0.667153092411686,36.72932903677059
pcsa,cpu,raw,record,pcsa_arch_128_64_scaler_standard_opt_rmsprop_batch_128_act_relu_drop_0.2,val,CPUTime,100,11687.660090026855,11676.474212646484,25740.0234375,0.7897943046387575,0.6521533916636305,0.9675499338112784
pcsa,cpu,raw,record,pcsa_arch_128_64_scaler_standard_opt_rmsprop_batch_128_act_relu_drop_0.3,test,CPUTime,100,4586.136296386719,3908.282470703125,14886.951171875,27.007198970398704,26.916657680593033,56.718644327192166
pcsa,cpu,raw,record,pcsa_arch_128_64_scaler_standard_opt_rmsprop_batch_128_act_relu_drop_0.3,train,CPUTime,100,19312.10126220703,16708.6162109375,55657.578125,2.9712642946667978,0.6143403686626627,76.63456669560185
pcsa,cpu,raw,record,pcsa_arch_128_64_scaler_standard_opt_rmsprop_batch_128_act_relu_drop_0.3,val,CPUTime,100,11365.567396240234,11804.046813964844,24277.6083984375,0.795381159934623,0.8310184096336044,0.9776339272756972
pcsa,cpu,raw,record,pcsa_arch_128_64_scaler_standard_opt_rmsprop_batch_64_act_elu_drop_0.2,test,CPUTime,100,3515.7479443359375,2788.3140869140625,12479.52294921875,6.4441371440885655,2.530210954585419,60.560415694962686
pcsa,cpu,raw,record,pcsa_arch_128_64_scaler_standard_opt_rmsprop_batch_64_act_elu_drop_0.2,train,CPUTime,100,21901.075733642578,20339.39111328125,33014.21533203125,1.4019972680447692,0.7486531852737465,25.10572479516387
pcsa,cpu,raw,record,pcsa_arch_128_64_scaler_standard_opt_rmsprop_batch_64_act_elu_drop_0.2,val,CPUTime,100,12349.942737426758,11549.773010253906,28012.37060546875,0.8201474345973808,0.7378183166785177,0.9575348201923884
pcsa,cpu,raw,record,pcsa_arch_128_64_scaler_standard_opt_rmsprop_batch_64_act_elu_drop_0.3,test,CPUTime,100,3721.097746582031,2858.2330322265625,12118.5380859375,4.494202287551008,2.164204179375959,55.306534952192166
pcsa,cpu,raw,record,pcsa_arch_128_64_scaler_standard_opt_rmsprop_batch_64_act_elu_drop_0.3,train,CPUTime,100,20205.51938354492,18140.2978515625,43339.07421875,1.5822564519373625,0.6677506271055852,34.643544539368506
pcsa,cpu,raw,record,pcsa_arch_128_64_scaler_standard_opt_rmsprop_batch_64_act_elu_drop_0.3,val,CPUTime,100,11947.79581665039,12009.089965820312,25799.685546875,0.8091507721520591,0.6629366636415998,0.993841590848179
pcsa,cpu,raw,record,pcsa_arch_128_64_scaler_standard_opt_rmsprop_batch_64_act_relu_drop_0.2,test,CPUTime,100,4542.163340454102,3925.156494140625,13606.849609375,27.45521806432451,26.920540144670984,55.56346563083022
pcsa,cpu,raw,record,pcsa_arch_128_64_scaler_standard_opt_rmsprop_batch_64_act_relu_drop_0.2,train,CPUTime,100,19580.445721435546,16912.3505859375,58090.625,3.5183990546746564,0.6218256495833788,86.47733109085648
pcsa,cpu,raw,record,pcsa_arch_128_64_scaler_standard_opt_rmsprop_batch_64_act_relu_drop_0.2,val,CPUTime,100,11375.970161132813,11728.369110107422,24481.421875,0.7863485154549908,0.6229392489614934,0.9716519729750552
pcsa,cpu,raw,record,pcsa_arch_128_64_scaler_standard_opt_rmsprop_batch_64_act_relu_drop_0.3,test,CPUTime,100,4335.585758056641,3757.821533203125,11428.990234375,26.4709348409585,25.2651909764351,58.7626953125
pcsa,cpu,raw,record,pcsa_arch_128_64_scaler_standard_opt_rmsprop_batch_64_act_relu_drop_0.3,train,CPUTime,100,20145.789123535156,17730.74169921875,53855.87890625,2.8922521856782675,0.6521987950745303,82.10095666956019
pcsa,cpu,raw,record,pcsa_arch_128_64_scaler_standard_opt_rmsprop_batch_64_act_relu_drop_0.3,val,CPUTime,100,11688.114318237305,11833.708435058594,25325.3544921875,0.7925078106976461,0.6471866829019888,0.9799785341126072
pcsa,cpu,raw,record,pcsa_arch_64_32_scaler_minmax_opt_adam_batch_128_act_elu_drop_0.2,test,CPUTime,100,7974.738486328125,7217.972412109375,13007.2587890625,99.9063129138514,108.49184718276516,152.75450880984042
pcsa,cpu,raw,record,pcsa_arch_64_32_scaler_minmax_opt_adam_batch_128_act_elu_drop_0.2,train,CPUTime,100,17033.310195007325,15524.539916992188,34079.08935546875,0.6190841728290494,0.5716093180960284,0.98486819934166
pcsa,cpu,raw,record,pcsa_arch_64_32_scaler_minmax_opt_adam_batch_128_act_elu_drop_0.2,val,CPUTime,100,11536.690850219726,11882.811553955078,22992.0400390625,0.8124908378090814,0.8249118387649287,0.9838598967635032
pcsa,cpu,raw,record,pcsa_arch_64_32_scaler_minmax_opt_adam_batch_128_act_elu_drop_0.3,test,CPUTime,100,8020.8254930114745,7135.20068359375,12939.03466796875,100.44231304128047,109.51259642009494,151.82341879986703
pcsa,cpu,raw,record,pcsa_arch_64_32_scaler_minmax_opt_adam_batch_128_act_elu_drop_0.3,train,CPUTime,100,17372.634887695312,15905.16796875,34244.9345703125,0.627453095979781,0.5857585415747975,0.987423149800292
pcsa,cpu,raw,record,pcsa_arch_64_32_scaler_minmax_opt_adam_batch_128_act_elu_drop_0.3,val,CPUTime,100,11583.205358886718,11886.501098632812,23415.345703125,0.8139950104138276,0.8241888557552974,0.9841515373198018
pcsa,cpu,raw,record,pcsa_arch_64_32_scaler_minmax_opt_adam_batch_128_act_relu_drop_0.2,test,CPUTime,100,8734.570202636718,8377.609375,14108.57861328125,111.60662203278744,113.23952073317308,178.25764627659575
pcsa,cpu,raw,record,pcsa_arch_64_32_scaler_minmax_opt_adam_batch_128_act_relu_drop_0.2,train,CPUTime,100,15630.760775756837,13750.14453125,34838.6796875,6.661603892606775,0.6020107347787983,53.92553801696096
pcsa,cpu,raw,record,pcsa_arch_64_32_scaler_minmax_opt_adam_batch_128_act_relu_drop_0.2,val,CPUTime,100,11366.927774047852,11643.532989501951,20924.7470703125,0.8069655366895162,0.8309658415390936,0.964946090388266
pcsa,cpu,raw,record,pcsa_arch_64_32_scaler_minmax_opt_adam_batch_128_act_relu_drop_0.3,test,CPUTime,100,7234.795183105469,6643.051025390625,20212.1875,89.42284629460373,93.70038311298076,140.2957426030585
pcsa,cpu,raw,record,pcsa_arch_64_32_scaler_minmax_opt_adam_batch_128_act_relu_drop_0.3,train,CPUTime,100,14700.960516672134,13118.732421875,33881.76708984375,6.901767979170492,0.5702640060478954,52.794028810408925
pcsa,cpu,raw,record,pcsa_arch_64_32_scaler_minmax_opt_adam_batch_128_act_relu_drop_0.3,val,CPUTime,100,11551.22105987549,11475.542724609377,19251.21484375,0.8277057402458022,0.8697592715974907,0.98205633105407
pcsa,cpu,raw,record,pcsa_arch_64_32_scaler_minmax_opt_adam_batch_64_act_elu_drop_0.2,test,CPUTime,100,8344.462383117676,7435.8251953125,13043.5224609375,104.7762379433082,114.3995994857595,158.21968500664894
pcsa,cpu,raw,record,pcsa_arch_64_32_scaler_minmax_opt_adam_batch_64_act_elu_drop_0.2,train,CPUTime,100,16461.650141601564,14890.243408203125,34098.5771484375,0.8074053964337509,0.547969529460497,10.983680243305356
pcsa,cpu,raw,record,pcsa_arch_64_32_scaler_minmax_opt_adam_batch_64_act_elu_drop_0.2,val,CPUTime,100,11453.648011169433,11844.153854370115,22337.154296875,0.8091241540060171,0.8246376989987357,0.9808041936898362
pcsa,cpu,raw,record,pcsa_arch_64_32_scaler_minmax_opt_adam_batch_64_act_elu_drop_0.3,test,CPUTime,100,7917.283588867187,8154.548828125,12005.9765625,100.90224458716109,107.8973125988924,150.79925407247342
pcsa,cpu,raw,record,pcsa_arch_64_32_scaler_minmax_opt_adam_batch_64_act_elu_drop_0.3,train,CPUTime,100,16202.565317993163,14644.7939453125,33155.66064453125,1.2953360206332496,0.5388510108586246,42.39004334835423
pcsa,cpu,raw,record,pcsa_arch_64_32_scaler_minmax_opt_adam_batch_64_act_elu_drop_0.3,val,CPUTime,100,11280.36645324707,11850.24185180664,22107.7890625,0.7984947858294419,0.8117858654316547,0.9812854202676976
pcsa,cpu,raw,record,pcsa_arch_64_32_scaler_minmax_opt_adam_batch_64_act_relu_drop_0.2,test,CPUTime,100,8703.617370605469,8238.5908203125,14289.00537109375,112.07548162267808,114.85892427884616,175.2998046875
pcsa,cpu,raw,record,pcsa_arch_64_32_scaler_minmax_opt_adam_batch_64_act_relu_drop_0.2,train,CPUTime,100,16341.325251464843,14785.5146484375,35340.573486328125,1.3381535444268544,0.544548261499875,43.919064704153605
pcsa,cpu,raw,record,pcsa_arch_64_32_scaler_minmax_opt_adam_batch_64_act_relu_drop_0.2,val,CPUTime,100,11355.648697509765,11468.24346923828,22241.4189453125,0.799531451142849,0.8124314501656185,0.9510903066349128
pcsa,cpu,raw,record,pcsa_arch_64_32_scaler_minmax_opt_adam_batch_64_act_relu_drop_0.3,test,CPUTime,100,7064.949991455078,6798.20361328125,25510.916015625,82.47028779576938,79.31943609775641,145.0575236868351
pcsa,cpu,raw,record,pcsa_arch_64_32_scaler_minmax_opt_adam_batch_64_act_relu_drop_0.3,train,CPUTime,100,14324.842159729003,13068.40576171875,32057.76171875,9.380902437882874,0.9108705056401711,85.4543960813492
pcsa,cpu,raw,record,pcsa_arch_64_32_scaler_minmax_opt_adam_batch_64_act_relu_drop_0.3,val,CPUTime,100,11223.469760742188,11158.57958984375,18000.466796875,0.8097814412216622,0.8537345757131022,0.9744873336346928
pcsa,cpu,raw,record,pcsa_arch_64_32_scaler_minmax_opt_rmsprop_batch_128_act_elu_drop_0.2,test,CPUTime,100,8539.039754943848,7620.7962646484375,14074.9580078125,106.20411964398076,116.68285205696202,161.01810796210106
pcsa,cpu,raw,record,pcsa_arch_64_32_scaler_minmax_opt_rmsprop_batch_128_act_elu_drop_0.2,train,CPUTime,100,16715.34310775757,15103.501953125,35154.67138671875,0.9037505506162646,0.5557025752298621,11.7027339066247
pcsa,cpu,raw,record,pcsa_arch_64_32_scaler_minmax_opt_rmsprop_batch_128_act_elu_drop_0.2,val,CPUTime,100,11350.490908203124,11867.516357421877,22550.40625,0.8016244491433092,0.8131263116039826,0.9826508858921724
pcsa,cpu,raw,record,pcsa_arch_64_32_scaler_minmax_opt_rmsprop_batch_128_act_elu_drop_0.3,test,CPUTime,100,8185.296513671875,7580.2237548828125,14110.09326171875,100.8924432734703,111.89225672468356,151.86472531582447
pcsa,cpu,raw,record,pcsa_arch_64_32_scaler_minmax_opt_rmsprop_batch_128_act_elu_drop_0.3,train,CPUTime,100,17185.984797668458,15634.5732421875,35596.98681640625,0.6250917830303208,0.5751988598803014,0.9890550449228236
pcsa,cpu,raw,record,pcsa_arch_64_32_scaler_minmax_opt_rmsprop_batch_128_act_elu_drop_0.3,val,CPUTime,100,11553.976561889649,11880.257781982422,23094.6884765625,0.8132252962831159,0.8252363589186398,0.9836580335137476
pcsa,cpu,raw,record,pcsa_arch_64_32_scaler_minmax_opt_rmsprop_batch_128_act_relu_drop_0.2,test,CPUTime,100,8707.593463134766,8270.625,14552.890380859377,112.07298217421965,114.1679437099359,175.98138297872342
pcsa,cpu,raw,record,pcsa_arch_64_32_scaler_minmax_opt_rmsprop_batch_128_act_relu_drop_0.2,train,CPUTime,100,16084.133668823242,14343.525390625,35651.805908203125,3.893557998944498,0.528768751086302,49.71040383945167
pcsa,cpu,raw,record,pcsa_arch_64_32_scaler_minmax_opt_rmsprop_batch_128_act_relu_drop_0.2,val,CPUTime,100,11106.579133300782,11299.996704101562,21770.1005859375,0.78319063402654,0.793499202659546,0.9377912184097354
pcsa,cpu,raw,record,pcsa_arch_64_32_scaler_minmax_opt_rmsprop_batch_128_act_relu_drop_0.3,test,CPUTime,100,8235.210946044921,7787.6865234375,14509.2314453125,104.44269855656026,106.91381209935898,165.70609624335106
pcsa,cpu,raw,record,pcsa_arch_64_32_scaler_minmax_opt_rmsprop_batch_128_act_relu_drop_0.3,train,CPUTime,100,16902.698408813478,15359.775390625,35509.424072265625,0.9317234287190166,0.5646954666651678,13.076432603916867
pcsa,cpu,raw,record,pcsa_arch_64_32_scaler_minmax_opt_rmsprop_batch_128_act_relu_drop_0.3,val,CPUTime,100,11386.837508544922,11573.258239746094,22815.3203125,0.8003519364502415,0.8097766496241477,0.9593912133227488
pcsa,cpu,raw,record,pcsa_arch_64_32_scaler_minmax_opt_rmsprop_batch_64_act_elu_drop_0.2,test,CPUTime,100,8514.59100769043,8146.14208984375,14648.942138671877,104.65776621505385,117.40791880933544,156.09357338763297
pcsa,cpu,raw,record,pcsa_arch_64_32_scaler_minmax_opt_rmsprop_batch_64_act_elu_drop_0.2,train,CPUTime,100,16561.100289611815,14841.0859375,35959.51611328125,1.359053662202547,0.5457095315420579,42.83379151155956
pcsa,cpu,raw,record,pcsa_arch_64_32_scaler_minmax_opt_rmsprop_batch_64_act_elu_drop_0.2,val,CPUTime,100,11411.007619934082,11836.64308166504,22251.53515625,0.8065393187818498,0.8217090838476896,0.9802105036491218
pcsa,cpu,raw,record,pcsa_arch_64_32_scaler_minmax_opt_rmsprop_batch_64_act_elu_drop_0.3,test,CPUTime,100,8255.730922088624,7800.1239013671875,14367.85595703125,101.3159276186677,114.38460492484175,150.35612325465425
pcsa,cpu,raw,record,pcsa_arch_64_32_scaler_minmax_opt_rmsprop_batch_64_act_elu_drop_0.3,train,CPUTime,100,17287.273541259765,15728.3642578125,36160.769775390625,0.84992232249619,0.5787857290410616,11.650965165367706
pcsa,cpu,raw,record,pcsa_arch_64_32_scaler_minmax_opt_rmsprop_batch_64_act_elu_drop_0.3,val,CPUTime,100,11511.516499328613,11855.830703735352,23188.4189453125,0.8098057670971521,0.8200210528255913,0.9817271918216228
pcsa,cpu,raw,record,pcsa_arch_64_32_scaler_minmax_opt_rmsprop_batch_64_act_relu_drop_0.2,test,CPUTime,100,9178.76969970703,8636.169921875,15026.71142578125,118.12316886584362,122.03092447916669,183.75893450797872
pcsa,cpu,raw,record,pcsa_arch_64_32_scaler_minmax_opt_rmsprop_batch_64_act_relu_drop_0.2,train,CPUTime,100,16076.53572631836,14114.0126953125,35867.967041015625,5.1009963613416405,0.5199880152987914,51.75991809944238
pcsa,cpu,raw,record,pcsa_arch_64_32_scaler_minmax_opt_rmsprop_batch_64_act_relu_drop_0.2,val,CPUTime,100,11304.454517822265,11538.75518798828,21461.2216796875,0.799768409092523,0.8178006561917255,0.9566639149465088
pcsa,cpu,raw,record,pcsa_arch_64_32_scaler_minmax_opt_rmsprop_batch_64_act_relu_drop_0.3,test,CPUTime,100,8226.181530761718,7658.043701171875,14531.78466796875,103.66115721278547,109.76175631009616,160.63344622672872
pcsa,cpu,raw,record,pcsa_arch_64_32_scaler_minmax_opt_rmsprop_batch_64_act_relu_drop_0.3,train,CPUTime,100,16488.280571899413,14765.1865234375,35664.058837890625,1.0234481690255226,0.5429799790319837,15.888796775079935
pcsa,cpu,raw,record,pcsa_arch_64_32_scaler_minmax_opt_rmsprop_batch_64_act_relu_drop_0.3,val,CPUTime,100,11192.289705810546,11467.570495605469,22207.998046875,0.7887461707777073,0.7980977860036435,0.9510371113434092
pcsa,cpu,raw,record,pcsa_arch_64_32_scaler_standard_opt_adam_batch_128_act_elu_drop_0.2,test,CPUTime,100,3527.845044555664,2680.09912109375,12311.35302734375,3.6657831992725765,1.890107505341203,45.16903276585821
pcsa,cpu,raw,record,pcsa_arch_64_32_scaler_standard_opt_adam_batch_128_act_elu_drop_0.2,train,CPUTime,100,20160.382923583984,18644.083984375,32667.94091796875,1.2370456413986155,0.686284441757139,21.03250212330136
pcsa,cpu,raw,record,pcsa_arch_64_32_scaler_standard_opt_adam_batch_128_act_elu_drop_0.2,val,CPUTime,100,12230.693261260987,12111.304458618164,26299.8046875,0.8267728602894637,0.6908124772521581,1.0020214970155672
pcsa,cpu,raw,record,pcsa_arch_64_32_scaler_standard_opt_adam_batch_128_act_elu_drop_0.3,test,CPUTime,100,3774.2653942871093,2977.5690307617188,11598.66015625,4.268963023819576,2.426370211150199,49.51078955806903
pcsa,cpu,raw,record,pcsa_arch_64_32_scaler_standard_opt_adam_batch_128_act_elu_drop_0.3,train,CPUTime,100,19419.441787109376,17827.3125,31893.85693359375,1.2345772750772432,0.6562361924741148,21.980948054056753
pcsa,cpu,raw,record,pcsa_arch_64_32_scaler_standard_opt_adam_batch_128_act_elu_drop_0.3,val,CPUTime,100,11926.868527069091,12201.526466369629,25467.4501953125,0.8145404176010334,0.6549631644245237,1.012685696319188
pcsa,cpu,raw,record,pcsa_arch_64_32_scaler_standard_opt_adam_batch_128_act_relu_drop_0.2,test,CPUTime,100,4583.366864013672,3935.571533203125,15327.40234375,27.825210551934465,27.020310687618903,56.00335602262127
pcsa,cpu,raw,record,pcsa_arch_64_32_scaler_standard_opt_adam_batch_128_act_relu_drop_0.2,train,CPUTime,100,19044.563435058593,17154.81640625,34640.328125,1.5074045324988188,0.6310139023214567,27.690110411670663
pcsa,cpu,raw,record,pcsa_arch_64_32_scaler_standard_opt_adam_batch_128_act_relu_drop_0.2,val,CPUTime,100,11544.676428222656,11864.057006835938,24730.18359375,0.8061384383567507,0.8409112049174948,0.9823774410588836
pcsa,cpu,raw,record,pcsa_arch_64_32_scaler_standard_opt_adam_batch_128_act_relu_drop_0.3,test,CPUTime,100,4544.841510620117,3803.013671875,15693.201171875,25.305269177624524,25.23812920777379,48.76299579326923
pcsa,cpu,raw,record,pcsa_arch_64_32_scaler_standard_opt_adam_batch_128_act_relu_drop_0.3,train,CPUTime,100,19090.122216796874,17281.8955078125,31256.12890625,1.4440049083054318,0.6358436565720538,24.98491519284572
pcsa,cpu,raw,record,pcsa_arch_64_32_scaler_standard_opt_adam_batch_128_act_relu_drop_0.3,val,CPUTime,100,11587.827270507812,11882.40365600586,24877.4375,0.8002154112387645,0.6379802908269714,0.983827654415134
pcsa,cpu,raw,record,pcsa_arch_64_32_scaler_standard_opt_adam_batch_64_act_elu_drop_0.2,test,CPUTime,100,5811.159067382812,4410.717529296875,23499.353515625,4.791919942205225,4.3207388890357485,16.825611979166666
pcsa,cpu,raw,record,pcsa_arch_64_32_scaler_standard_opt_adam_batch_64_act_elu_drop_0.2,train,CPUTime,100,12317.645115203857,9370.357421875,28829.2900390625,1.4740033421664618,0.4732394570305839,60.896016560628745
pcsa,cpu,raw,record,pcsa_arch_64_32_scaler_standard_opt_adam_batch_64_act_elu_drop_0.2,val,CPUTime,100,11137.213170289993,10925.08349609375,16605.435546875,1.5946053559192537,1.0003091815111487,34.20918614411157
pcsa,cpu,raw,record,pcsa_arch_64_32_scaler_standard_opt_adam_batch_64_act_elu_drop_0.3,test,CPUTime,100,5688.4038219070435,4183.26953125,21345.955078125,4.72254969321578,4.392569297882224,16.810906575520832
pcsa,cpu,raw,record,pcsa_arch_64_32_scaler_standard_opt_adam_batch_64_act_elu_drop_0.3,train,CPUTime,100,14505.835948276519,11896.9853515625,31692.693359375,1.2841345824464565,0.43762188012801606,17.90142573441247
pcsa,cpu,raw,record,pcsa_arch_64_32_scaler_standard_opt_adam_batch_64_act_elu_drop_0.3,val,CPUTime,100,11078.712121338844,10971.3232421875,19412.3232421875,1.6549847881499378,0.8265882378953973,38.94620028409091
pcsa,cpu,raw,record,pcsa_arch_64_32_scaler_standard_opt_adam_batch_64_act_relu_drop_0.2,test,CPUTime,100,4673.779662475586,4036.02783203125,15494.005859375,27.197441833373677,26.458973528776546,51.756767077323715
pcsa,cpu,raw,record,pcsa_arch_64_32_scaler_standard_opt_adam_batch_64_act_relu_drop_0.2,train,CPUTime,100,18992.510075683593,17219.5419921875,31229.2041015625,1.4186804524350083,0.6335523009213031,24.165962542466023
pcsa,cpu,raw,record,pcsa_arch_64_32_scaler_standard_opt_adam_batch_64_act_relu_drop_0.2,val,CPUTime,100,11486.485024414062,11771.25082397461,24815.3564453125,0.7927865260305254,0.63122046514188,0.9750415638269392
pcsa,cpu,raw,record,pcsa_arch_64_32_scaler_standard_opt_adam_batch_64_act_relu_drop_0.3,test,CPUTime,100,4445.550187988281,3856.895751953125,12917.98828125,27.1286512825999,25.747135121581103,49.46020194811699
pcsa,cpu,raw,record,pcsa_arch_64_32_scaler_standard_opt_adam_batch_64_act_relu_drop_0.3,train,CPUTime,100,19753.892666015625,17956.853515625,34511.2890625,1.4492991193446034,0.6611203230147362,27.586961680655477
pcsa,cpu,raw,record,pcsa_arch_64_32_scaler_standard_opt_adam_batch_64_act_relu_drop_0.3,val,CPUTime,100,11729.148506774902,11792.751434326172,25575.7822265625,0.7940012817942861,0.6518940730127618,0.976741082469858
pcsa,cpu,raw,record,pcsa_arch_64_32_scaler_standard_opt_rmsprop_batch_128_act_elu_drop_0.2,test,CPUTime,100,3707.799927368164,3056.2314453125,11837.07763671875,5.323936152658843,2.306936581638292,64.65805008162313
pcsa,cpu,raw,record,pcsa_arch_64_32_scaler_standard_opt_rmsprop_batch_128_act_elu_drop_0.2,train,CPUTime,100,21097.59557495117,19423.42138671875,33446.390625,1.4145092605168352,0.7149555266189336,26.73572392086331
pcsa,cpu,raw,record,pcsa_arch_64_32_scaler_standard_opt_rmsprop_batch_128_act_elu_drop_0.2,val,CPUTime,100,12113.11963043213,11712.972442626951,27080.4755859375,0.8103085929129458,0.7026869256238436,0.9704349413190224
pcsa,cpu,raw,record,pcsa_arch_64_32_scaler_standard_opt_rmsprop_batch_128_act_elu_drop_0.3,test,CPUTime,100,3781.0280792236326,2930.867431640625,11677.5458984375,4.235659227549815,2.211042060466931,56.73205019822761
pcsa,cpu,raw,record,pcsa_arch_64_32_scaler_standard_opt_rmsprop_batch_128_act_elu_drop_0.3,train,CPUTime,100,19753.183255615233,17647.4599609375,43967.4609375,1.578815451628659,0.6496195879141867,35.14585206834533
pcsa,cpu,raw,record,pcsa_arch_64_32_scaler_standard_opt_rmsprop_batch_128_act_elu_drop_0.3,val,CPUTime,100,11889.780544242858,12105.13528060913,25293.4794921875,0.8079080451031599,0.6591191180373015,1.001508382317985
pcsa,cpu,raw,record,pcsa_arch_64_32_scaler_standard_opt_rmsprop_batch_128_act_relu_drop_0.2,test,CPUTime,100,4520.495502929687,3814.0654296875,14357.951171875,25.90375057403069,25.66858642383027,48.91109525240385
pcsa,cpu,raw,record,pcsa_arch_64_32_scaler_standard_opt_rmsprop_batch_128_act_relu_drop_0.2,train,CPUTime,100,19491.73389404297,16959.5048828125,55324.19140625,2.1642544117281552,0.6239965045239568,44.223973945843326
pcsa,cpu,raw,record,pcsa_arch_64_32_scaler_standard_opt_rmsprop_batch_128_act_relu_drop_0.2,val,CPUTime,100,11480.418047332763,11836.045211791992,24549.6416015625,0.7981049772792045,0.6663644628523635,0.9801632449444306
pcsa,cpu,raw,record,pcsa_arch_64_32_scaler_standard_opt_rmsprop_batch_128_act_relu_drop_0.3,test,CPUTime,100,4432.266192016602,3801.054443359375,12907.97265625,27.263885111108564,26.122388098485143,55.962832322761194
pcsa,cpu,raw,record,pcsa_arch_64_32_scaler_standard_opt_rmsprop_batch_128_act_relu_drop_0.3,train,CPUTime,100,19803.37531982422,17432.8779296875,52335.1484375,1.8125842295824282,0.6414643422642934,41.83465102917666
pcsa,cpu,raw,record,pcsa_arch_64_32_scaler_standard_opt_rmsprop_batch_128_act_relu_drop_0.3,val,CPUTime,100,11576.394690246581,11763.679595947266,25034.9072265625,0.7857088966700418,0.641009385333931,0.9744430950871288
pcsa,cpu,raw,record,pcsa_arch_64_32_scaler_standard_opt_rmsprop_batch_64_act_elu_drop_0.2,test,CPUTime,100,3735.300480957031,2864.88134765625,11806.17578125,4.6743835241384595,2.0385308080863576,58.60311844099814
pcsa,cpu,raw,record,pcsa_arch_64_32_scaler_standard_opt_rmsprop_batch_64_act_elu_drop_0.2,train,CPUTime,100,20268.04744140625,18093.6845703125,47131.65625,1.6610421114799367,0.6660357686394238,37.675184852118306
pcsa,cpu,raw,record,pcsa_arch_64_32_scaler_standard_opt_rmsprop_batch_64_act_elu_drop_0.2,val,CPUTime,100,12021.74943939209,11946.415985107422,25741.689453125,0.8138748024843869,0.6813052803318866,0.9888875175960335
pcsa,cpu,raw,record,pcsa_arch_64_32_scaler_standard_opt_rmsprop_batch_64_act_elu_drop_0.3,test,CPUTime,100,3688.397371826172,3024.2430419921875,11997.1318359375,5.17435577844934,2.3026139038956766,61.8271047108209
pcsa,cpu,raw,record,pcsa_arch_64_32_scaler_standard_opt_rmsprop_batch_64_act_elu_drop_0.3,train,CPUTime,100,20926.143188476562,19041.10791015625,39508.4140625,1.5306972817864029,0.7008905759347159,31.58146607713829
pcsa,cpu,raw,record,pcsa_arch_64_32_scaler_standard_opt_rmsprop_batch_64_act_elu_drop_0.3,val,CPUTime,100,12064.49817779541,11653.389190673828,26696.25,0.8110340614104748,0.6883672437608916,0.9657251751382364
pcsa,cpu,raw,record,pcsa_arch_64_32_scaler_standard_opt_rmsprop_batch_64_act_relu_drop_0.2,test,CPUTime,100,4287.662161254882,3704.7548828125,11639.7353515625,26.776724637725223,25.273918615140644,57.892301189365675
pcsa,cpu,raw,record,pcsa_arch_64_32_scaler_standard_opt_rmsprop_batch_64_act_relu_drop_0.2,train,CPUTime,100,20447.173072509766,18262.06640625,47962.9140625,1.684233819446002,0.6722303768961688,38.33965952238209
pcsa,cpu,raw,record,pcsa_arch_64_32_scaler_standard_opt_rmsprop_batch_64_act_relu_drop_0.2,val,CPUTime,100,11722.719156799316,11632.938751220703,25884.404296875,0.7912713226065144,0.6575963871998278,0.9641086673955184
pcsa,cpu,raw,record,pcsa_arch_64_32_scaler_standard_opt_rmsprop_batch_64_act_relu_drop_0.3,test,CPUTime,100,4286.82982421875,3730.5517578125,11357.4638671875,27.10848423879108,25.63491574677583,61.39867070895522
pcsa,cpu,raw,record,pcsa_arch_64_32_scaler_standard_opt_rmsprop_batch_64_act_relu_drop_0.3,train,CPUTime,100,20542.998781738283,18279.9619140625,50780.7578125,1.744536300521453,0.6728887356783779,40.59213254396483
pcsa,cpu,raw,record,pcsa_arch_64_32_scaler_standard_opt_rmsprop_batch_64_act_relu_drop_0.3,val,CPUTime,100,11733.708857116699,11619.10385131836,25892.751953125,0.7918805214303782,0.6579110844242599,0.9630150858681812
pcsa,cpu,raw,temporal,pcsa_arch_128_64_scaler_minmax_opt_adam_batch_128_act_elu_drop_0.2,test,CPUTime,100,3714.0678814697267,2561.459930419922,35283.628173828125,1.2116038740180273,0.759447600932494,28.933197910345875
pcsa,cpu,raw,temporal,pcsa_arch_128_64_scaler_minmax_opt_adam_batch_128_act_elu_drop_0.2,train,CPUTime,100,14639.318244476319,11869.015258789062,29499.6640625,5.912175204649388,0.9554421251490182,61.31000434027778
pcsa,cpu,raw,temporal,pcsa_arch_128_64_scaler_minmax_opt_adam_batch_128_act_elu_drop_0.2,val,CPUTime,100,1165.801495704651,991.3287658691406,9207.12744140625,1.3093420685186379,0.6803480747111863,32.42706389925373
pcsa,cpu,raw,temporal,pcsa_arch_128_64_scaler_minmax_opt_adam_batch_128_act_elu_drop_0.3,test,CPUTime,100,4142.048495178223,2795.5508728027344,38578.628173828125,0.8308712787284098,0.8257016876442714,0.979924005532986
pcsa,cpu,raw,temporal,pcsa_arch_128_64_scaler_minmax_opt_adam_batch_128_act_elu_drop_0.3,train,CPUTime,100,27502.599371948243,26341.740478515625,35193.240478515625,0.9710464511479409,0.970033344193248,0.9806501069613502
pcsa,cpu,raw,temporal,pcsa_arch_128_64_scaler_minmax_opt_adam_batch_128_act_elu_drop_0.3,val,CPUTime,100,1040.0211413574218,877.6111450195312,10119.43994140625,1.8269223721885368,0.6036301258304994,17.85159514671148
pcsa,cpu,raw,temporal,pcsa_arch_128_64_scaler_minmax_opt_adam_batch_128_act_relu_drop_0.2,test,CPUTime,100,3527.710369720459,2467.270721435547,32502.18408203125,2.7804267802561218,0.7904581690189529,45.52787469660194
pcsa,cpu,raw,temporal,pcsa_arch_128_64_scaler_minmax_opt_adam_batch_128_act_relu_drop_0.2,train,CPUTime,100,14727.82033630371,12658.9130859375,32781.23046875,8.750772549381331,0.7784400034718724,62.83395337301587
pcsa,cpu,raw,temporal,pcsa_arch_128_64_scaler_minmax_opt_adam_batch_128_act_relu_drop_0.2,val,CPUTime,100,1341.5410794067384,1139.2087097167969,7076.679443359375,2.203497935189435,0.7791369633503927,62.25527635261194
pcsa,cpu,raw,temporal,pcsa_arch_128_64_scaler_minmax_opt_adam_batch_128_act_relu_drop_0.3,test,CPUTime,100,3712.3437490844726,2686.034927368164,33760.65625,2.7024126816800575,0.8081502309055235,41.01216910649272
pcsa,cpu,raw,temporal,pcsa_arch_128_64_scaler_minmax_opt_adam_batch_128_act_relu_drop_0.3,train,CPUTime,100,14647.933711242677,11834.35498046875,34535.02734375,4.729412139135753,0.5465956927547155,51.38741214567844
pcsa,cpu,raw,temporal,pcsa_arch_128_64_scaler_minmax_opt_adam_batch_128_act_relu_drop_0.3,val,CPUTime,100,1312.6379125976566,1126.824188232422,7130.5703125,1.9576237639034375,0.7706631193997349,50.864957439365675
pcsa,cpu,raw,temporal,pcsa_arch_128_64_scaler_minmax_opt_adam_batch_64_act_elu_drop_0.2,test,CPUTime,100,3762.480796737671,2642.621894836426,34744.1669921875,1.4713939889104908,0.8822077067039265,24.567942202669904
pcsa,cpu,raw,temporal,pcsa_arch_128_64_scaler_minmax_opt_adam_batch_64_act_elu_drop_0.2,train,CPUTime,100,14923.529084625245,12616.0322265625,27581.459106445312,1.190274412975251,0.46433060864545106,17.307433740507594
pcsa,cpu,raw,temporal,pcsa_arch_128_64_scaler_minmax_opt_adam_batch_64_act_elu_drop_0.2,val,CPUTime,100,1403.785825920105,1224.4198760986328,6627.273193359375,1.6751662957341127,0.8377829957921705,42.02641455806903
pcsa,cpu,raw,temporal,pcsa_arch_128_64_scaler_minmax_opt_adam_batch_64_act_elu_drop_0.3,test,CPUTime,100,3958.158526611328,2830.2841186523438,35708.78076171875,1.2839029655765264,0.8474286985274985,29.72237181432039
pcsa,cpu,raw,temporal,pcsa_arch_128_64_scaler_minmax_opt_adam_batch_64_act_elu_drop_0.3,train,CPUTime,100,14572.96730682373,11900.53286743164,28062.419006347656,5.321340164436027,0.9678558826433294,59.99555638227513
pcsa,cpu,raw,temporal,pcsa_arch_128_64_scaler_minmax_opt_adam_batch_64_act_elu_drop_0.3,val,CPUTime,100,1193.0647722625733,1020.0783081054688,9518.6025390625,1.3034065853391166,0.6999167064376925,31.55218779151119
pcsa,cpu,raw,temporal,pcsa_arch_128_64_scaler_minmax_opt_adam_batch_64_act_relu_drop_0.2,test,CPUTime,100,3598.9458984375,2676.5000915527344,29670.85546875,3.301685893915015,0.8094953966344756,64.96604312044903
pcsa,cpu,raw,temporal,pcsa_arch_128_64_scaler_minmax_opt_adam_batch_64_act_relu_drop_0.2,train,CPUTime,100,15827.906626586913,13795.2353515625,26884.892578125,7.004835138651464,0.5950487759811396,56.82045408341078
pcsa,cpu,raw,temporal,pcsa_arch_128_64_scaler_minmax_opt_adam_batch_64_act_relu_drop_0.2,val,CPUTime,100,1420.2884478759765,1141.8014221191406,7016.03662109375,3.0373983063475953,0.7809859248420935,101.7470411613806
pcsa,cpu,raw,temporal,pcsa_arch_128_64_scaler_minmax_opt_adam_batch_64_act_relu_drop_0.3,test,CPUTime,100,3557.0637673950196,2562.78662109375,34701.7373046875,3.0591436101390497,0.8328524970666642,39.210961435355394
pcsa,cpu,raw,temporal,pcsa_arch_128_64_scaler_minmax_opt_adam_batch_64_act_relu_drop_0.3,train,CPUTime,100,13390.855859069825,10933.913269042969,43946.02734375,3.464866798630451,0.886347995227174,45.26097452950744
pcsa,cpu,raw,temporal,pcsa_arch_128_64_scaler_minmax_opt_adam_batch_64_act_relu_drop_0.3,val,CPUTime,100,1368.929673461914,1202.9495239257812,7096.32080078125,1.8392033363886833,0.8251450523541534,46.30937354244403
pcsa,cpu,raw,temporal,pcsa_arch_128_64_scaler_minmax_opt_rmsprop_batch_128_act_elu_drop_0.2,test,CPUTime,100,4319.310710144043,2971.246124267578,38811.510681152344,0.8798673847812334,0.8766622907438503,0.985839383300372
pcsa,cpu,raw,temporal,pcsa_arch_128_64_scaler_minmax_opt_rmsprop_batch_128_act_elu_drop_0.2,train,CPUTime,100,27735.553103637696,26575.23712158203,35426.73712158203,0.9793599219740554,0.9786318470065112,0.9867043370619508
pcsa,cpu,raw,temporal,pcsa_arch_128_64_scaler_minmax_opt_rmsprop_batch_128_act_elu_drop_0.2,val,CPUTime,100,1177.8142025756836,1037.4566955566406,10282.62530517578,0.8253627115873359,0.711904455114294,12.524033657340116
pcsa,cpu,raw,temporal,pcsa_arch_128_64_scaler_minmax_opt_rmsprop_batch_128_act_elu_drop_0.3,test,CPUTime,100,4419.01744934082,3071.067916870117,38939.44821166992,0.9077289323276269,0.9052723761145812,0.989089085617362
pcsa,cpu,raw,temporal,pcsa_arch_128_64_scaler_minmax_opt_rmsprop_batch_128_act_elu_drop_0.3,train,CPUTime,100,27873.58831573486,26713.83721923828,35565.33721923828,0.9842862203762528,0.9837357890331075,0.9895550830427826
pcsa,cpu,raw,temporal,pcsa_arch_128_64_scaler_minmax_opt_rmsprop_batch_128_act_elu_drop_0.3,val,CPUTime,100,1281.2002615356446,1137.953857421875,10362.481353759766,0.7754043049410158,0.7807573377810837,0.9726376341054784
pcsa,cpu,raw,temporal,pcsa_arch_128_64_scaler_minmax_opt_rmsprop_batch_128_act_relu_drop_0.2,test,CPUTime,100,4376.739046325683,3029.9334259033203,38862.629638671875,0.8961178630609673,0.8934297893219271,0.9871378403990926
pcsa,cpu,raw,temporal,pcsa_arch_128_64_scaler_minmax_opt_rmsprop_batch_128_act_relu_drop_0.2,train,CPUTime,100,27794.765790710448,26634.60595703125,35486.10595703125,0.9814730251168836,0.980818101557867,0.9882535346795072
pcsa,cpu,raw,temporal,pcsa_arch_128_64_scaler_minmax_opt_rmsprop_batch_128_act_relu_drop_0.2,val,CPUTime,100,1244.2831744384766,1105.446533203125,10332.407287597656,0.7501056687344638,0.7584538537025997,0.9698148383328004
pcsa,cpu,raw,temporal,pcsa_arch_128_64_scaler_minmax_opt_rmsprop_batch_128_act_relu_drop_0.3,test,CPUTime,100,4370.85026184082,3019.826873779297,38858.804290771484,0.8945092142185402,0.890767994903598,0.9870406739000606
pcsa,cpu,raw,temporal,pcsa_arch_128_64_scaler_minmax_opt_rmsprop_batch_128_act_relu_drop_0.3,train,CPUTime,100,27794.513752441406,26634.449584960938,35485.94958496094,0.9814641331302731,0.9808123431637898,0.9879203775005514
pcsa,cpu,raw,temporal,pcsa_arch_128_64_scaler_minmax_opt_rmsprop_batch_128_act_relu_drop_0.3,val,CPUTime,100,1243.972066040039,1105.5309753417969,10325.020141601562,0.7498805281698416,0.7585117899966713,0.9691214700207962
pcsa,cpu,raw,temporal,pcsa_arch_128_64_scaler_minmax_opt_rmsprop_batch_64_act_elu_drop_0.2,test,CPUTime,100,4132.349509277344,2799.1685180664062,36802.228759765625,7.401660081175638,0.8343171779874878,632.0275390625
pcsa,cpu,raw,temporal,pcsa_arch_128_64_scaler_minmax_opt_rmsprop_batch_64_act_elu_drop_0.2,train,CPUTime,100,14621.471271705628,11787.00848388672,41168.9375,4.126650882177798,0.9574378597254658,52.74682746362434
pcsa,cpu,raw,temporal,pcsa_arch_128_64_scaler_minmax_opt_rmsprop_batch_64_act_elu_drop_0.2,val,CPUTime,100,1256.96499710083,1062.6034240722656,8683.499755859375,1.589971271209208,0.7273432930307895,23.242511806203357
pcsa,cpu,raw,temporal,pcsa_arch_128_64_scaler_minmax_opt_rmsprop_batch_64_act_elu_drop_0.3,test,CPUTime,100,3872.489987792969,2681.226104736328,36701.642333984375,2.7811553200749883,0.8168929565853349,155.9051953125
pcsa,cpu,raw,temporal,pcsa_arch_128_64_scaler_minmax_opt_rmsprop_batch_64_act_elu_drop_0.3,train,CPUTime,100,14826.934483470917,11807.287322998049,40594.03515625,4.676816880676304,0.9601420335957296,56.6076595568783
pcsa,cpu,raw,temporal,pcsa_arch_128_64_scaler_minmax_opt_rmsprop_batch_64_act_elu_drop_0.3,val,CPUTime,100,1236.2886486816406,1053.6924743652344,8752.375244140625,1.2565888221740973,0.7212524154707685,26.013660943330223
pcsa,cpu,raw,temporal,pcsa_arch_128_64_scaler_minmax_opt_rmsprop_batch_64_act_relu_drop_0.2,test,CPUTime,100,3822.821161499023,2792.1407470703125,32430.60693359375,3.1684649656961557,0.8694984356364969,52.79634405339806
pcsa,cpu,raw,temporal,pcsa_arch_128_64_scaler_minmax_opt_rmsprop_batch_64_act_relu_drop_0.2,train,CPUTime,100,15071.957721557617,11492.236236572266,52676.80078125,6.7224874938917685,0.9126374506355531,64.69108589616403
pcsa,cpu,raw,temporal,pcsa_arch_128_64_scaler_minmax_opt_rmsprop_batch_64_act_relu_drop_0.2,val,CPUTime,100,1356.3921401977539,1172.4248046875,6756.6611328125,2.0543340519811157,0.8017287030116798,56.1699656016791
pcsa,cpu,raw,temporal,pcsa_arch_128_64_scaler_minmax_opt_rmsprop_batch_64_act_relu_drop_0.3,test,CPUTime,100,3721.05947555542,2699.7965698242188,34446.4208984375,2.778378873625495,0.8687612320759965,36.84449427336165
pcsa,cpu,raw,temporal,pcsa_arch_128_64_scaler_minmax_opt_rmsprop_batch_64_act_relu_drop_0.3,train,CPUTime,100,15422.52293121338,11045.458374023438,68603.1171875,5.288078251608948,0.8951744154062652,54.838622851718625
pcsa,cpu,raw,temporal,pcsa_arch_128_64_scaler_minmax_opt_rmsprop_batch_64_act_relu_drop_0.3,val,CPUTime,100,1316.4868481445312,1153.218017578125,6983.41748046875,1.7860975898136744,0.7911173327726684,45.27005597014925
pcsa,cpu,raw,temporal,pcsa_arch_128_64_scaler_standard_opt_adam_batch_128_act_elu_drop_0.2,test,CPUTime,100,3705.8187337255476,2514.4189453125,33462.2822265625,3.530269481306581,0.9994873018610702,24.501708984375
pcsa,cpu,raw,temporal,pcsa_arch_128_64_scaler_standard_opt_adam_batch_128_act_elu_drop_0.2,train,CPUTime,100,14690.67177286148,11929.631439208984,34765.7578125,1.7569381593812334,0.970179923610357,27.790373950839328
pcsa,cpu,raw,temporal,pcsa_arch_128_64_scaler_standard_opt_adam_batch_128_act_elu_drop_0.2,val,CPUTime,100,1372.5260920715332,1210.7187957763672,6477.4404296875,5.018742276911655,0.827381981696082,116.88435872395831
pcsa,cpu,raw,temporal,pcsa_arch_128_64_scaler_standard_opt_adam_batch_128_act_elu_drop_0.3,test,CPUTime,100,3706.8098928928375,2514.108745574951,34631.82666015625,4.578565395299383,2.8885211247983187,29.369113159179687
pcsa,cpu,raw,temporal,pcsa_arch_128_64_scaler_standard_opt_adam_batch_128_act_elu_drop_0.3,train,CPUTime,100,12104.327120084763,10899.729125976562,24711.0087890625,3.014610665502628,0.8846247321849201,52.86280174026946
pcsa,cpu,raw,temporal,pcsa_arch_128_64_scaler_standard_opt_adam_batch_128_act_elu_drop_0.3,val,CPUTime,100,1516.6087064743042,1435.2493648529053,6272.599273681641,0.9813718863489572,0.984723214713856,1.9531507112043407
pcsa,cpu,raw,temporal,pcsa_arch_128_64_scaler_standard_opt_adam_batch_128_act_relu_drop_0.2,test,CPUTime,100,3974.1654861450197,2774.123046875,36922.445068359375,1.040235037739098,0.8438541422918691,14.337755518052184
pcsa,cpu,raw,temporal,pcsa_arch_128_64_scaler_standard_opt_adam_batch_128_act_relu_drop_0.2,train,CPUTime,100,26064.60580566406,24906.630859375,33758.130859375,0.9197249016397738,0.9171915990983824,0.9384379263992924
pcsa,cpu,raw,temporal,pcsa_arch_128_64_scaler_standard_opt_adam_batch_128_act_relu_drop_0.2,val,CPUTime,100,1468.4850215148929,1314.385711669922,9243.00048828125,1.5071446526602275,0.9011900546678162,30.81798041044776
pcsa,cpu,raw,temporal,pcsa_arch_128_64_scaler_standard_opt_adam_batch_128_act_relu_drop_0.3,test,CPUTime,100,4050.3510857391357,2841.6043090820312,37071.8818359375,1.0402693252793458,0.860185892054016,13.30483090298847
pcsa,cpu,raw,temporal,pcsa_arch_128_64_scaler_standard_opt_adam_batch_128_act_relu_drop_0.3,train,CPUTime,100,26410.031282958986,25252.831787109375,34104.331787109375,0.9320528332696383,0.9299394930057943,0.9471583799569354
pcsa,cpu,raw,temporal,pcsa_arch_128_64_scaler_standard_opt_adam_batch_128_act_relu_drop_0.3,val,CPUTime,100,1462.4707768249511,1309.7621307373047,9424.740600585938,1.4410379217814409,0.8980199610949675,28.710274312033583
pcsa,cpu,raw,temporal,pcsa_arch_128_64_scaler_standard_opt_adam_batch_64_act_elu_drop_0.2,test,CPUTime,100,3863.2496890830994,2567.1530685424805,34971.423828125,5.15272042794779,2.8709917657733843,39.10609741210938
pcsa,cpu,raw,temporal,pcsa_arch_128_64_scaler_standard_opt_adam_batch_64_act_elu_drop_0.2,train,CPUTime,100,12510.013328528405,11040.17919921875,25118.905517578125,3.006516805588946,0.8962194188845748,59.9658787892964
pcsa,cpu,raw,temporal,pcsa_arch_128_64_scaler_standard_opt_adam_batch_64_act_elu_drop_0.2,val,CPUTime,100,1549.7098973083496,1419.641990661621,6277.769119262695,5.036472376804771,0.9703128966654936,117.26874186197917
pcsa,cpu,raw,temporal,pcsa_arch_128_64_scaler_standard_opt_adam_batch_64_act_elu_drop_0.3,test,CPUTime,100,3726.4032085418703,2620.6380615234375,35885.23046875,6.886500332187886,0.9065786077619871,73.85756138392857
pcsa,cpu,raw,temporal,pcsa_arch_128_64_scaler_standard_opt_adam_batch_64_act_elu_drop_0.3,train,CPUTime,100,8436.696019592286,7026.1435546875,21612.845153808594,0.5165511620298007,0.5374432551988122,0.9688817480525662
pcsa,cpu,raw,temporal,pcsa_arch_128_64_scaler_standard_opt_adam_batch_64_act_elu_drop_0.3,val,CPUTime,100,1385.6329203796386,1258.4976654052734,6286.553482055664,1.6239053935563463,0.8614421085897761,34.981142869636194
pcsa,cpu,raw,temporal,pcsa_arch_128_64_scaler_standard_opt_adam_batch_64_act_relu_drop_0.2,test,CPUTime,100,3739.8498513793947,2709.3577270507812,32367.814453125,5.492822465797999,0.9133999779306609,69.1218359375
pcsa,cpu,raw,temporal,pcsa_arch_128_64_scaler_standard_opt_adam_batch_64_act_relu_drop_0.2,train,CPUTime,100,13882.820204467773,11261.1162109375,36818.1015625,2.2539889288284054,0.914873316803821,42.11307069005576
pcsa,cpu,raw,temporal,pcsa_arch_128_64_scaler_standard_opt_adam_batch_64_act_relu_drop_0.2,val,CPUTime,100,1384.4804528808593,1168.755615234375,6664.36376953125,6.343753615855278,0.7986741090443653,149.78384399414062
pcsa,cpu,raw,temporal,pcsa_arch_128_64_scaler_standard_opt_adam_batch_64_act_relu_drop_0.3,test,CPUTime,100,3766.905380477905,2824.4803771972656,32032.27685546875,5.1691440932732835,0.8815834967354236,87.7271484375
pcsa,cpu,raw,temporal,pcsa_arch_128_64_scaler_standard_opt_adam_batch_64_act_relu_drop_0.3,train,CPUTime,100,15180.967520751954,11623.263671875,39389.4296875,2.4421400865166385,0.5376895232988718,64.59471299913194
pcsa,cpu,raw,temporal,pcsa_arch_128_64_scaler_standard_opt_adam_batch_64_act_relu_drop_0.3,val,CPUTime,100,1433.8019564819335,1206.0497436523438,6419.326171875,7.3049357061603635,0.8223395250015988,144.8674774169922
pcsa,cpu,raw,temporal,pcsa_arch_128_64_scaler_standard_opt_rmsprop_batch_128_act_elu_drop_0.2,test,CPUTime,100,3790.584742565155,2378.5726613998413,33733.65771484375,4.3535272071114655,0.9888529113658142,44.02897644042969
pcsa,cpu,raw,temporal,pcsa_arch_128_64_scaler_standard_opt_rmsprop_batch_128_act_elu_drop_0.2,train,CPUTime,100,14951.288783874512,11242.250244140623,73992.7578125,5.036068930391379,0.9101292101500976,111.5050003616898
pcsa,cpu,raw,temporal,pcsa_arch_128_64_scaler_standard_opt_rmsprop_batch_128_act_elu_drop_0.2,val,CPUTime,100,1589.7233354187013,1423.4011611938477,7139.30419921875,6.272786829350412,0.9728867898341418,156.58914388020833
pcsa,cpu,raw,temporal,pcsa_arch_128_64_scaler_standard_opt_rmsprop_batch_128_act_elu_drop_0.3,test,CPUTime,100,3900.4393728256227,2460.9158935546875,34094.7568359375,5.171105529195517,1.0104257892545832,50.8157958984375
pcsa,cpu,raw,temporal,pcsa_arch_128_64_scaler_standard_opt_rmsprop_batch_128_act_elu_drop_0.3,train,CPUTime,100,14957.852565078736,11219.346801757812,77646.03125,5.168847986799279,0.9077252430189657,113.24447518807872
pcsa,cpu,raw,temporal,pcsa_arch_128_64_scaler_standard_opt_rmsprop_batch_128_act_elu_drop_0.3,val,CPUTime,100,1573.7462944030763,1441.1990337371826,6757.98095703125,4.226592936928864,0.9864190903547206,112.77488606770834
pcsa,cpu,raw,temporal,pcsa_arch_128_64_scaler_standard_opt_rmsprop_batch_128_act_relu_drop_0.2,test,CPUTime,100,4323.368201599121,3060.771499633789,38172.01135253906,0.9008726183661315,0.9103135628784561,0.987521804069584
pcsa,cpu,raw,temporal,pcsa_arch_128_64_scaler_standard_opt_rmsprop_batch_128_act_relu_drop_0.2,train,CPUTime,100,27338.882109985352,26181.346557617188,35032.84655761719,0.9652028668494568,0.96412948742135,0.9729454427643844
pcsa,cpu,raw,temporal,pcsa_arch_128_64_scaler_standard_opt_rmsprop_batch_128_act_relu_drop_0.2,val,CPUTime,100,1483.7073232269288,1343.7673568725586,10005.07763671875,1.1774595069140184,0.922074233315885,14.512536803288246
pcsa,cpu,raw,temporal,pcsa_arch_128_64_scaler_standard_opt_rmsprop_batch_128_act_relu_drop_0.3,test,CPUTime,100,4291.385765228271,3062.485397338867,38016.392578125,0.8935521473140311,0.9081025223842908,0.9834729174514174
pcsa,cpu,raw,temporal,pcsa_arch_128_64_scaler_standard_opt_rmsprop_batch_128_act_relu_drop_0.3,train,CPUTime,100,27438.765202026367,26282.17645263672,35133.67645263672,0.9687684642705675,0.9678422700901206,0.975745728681554
pcsa,cpu,raw,temporal,pcsa_arch_128_64_scaler_standard_opt_rmsprop_batch_128_act_relu_drop_0.3,val,CPUTime,100,1462.4087001037597,1319.5337371826172,9977.304260253906,1.18144984642242,0.9054053623368163,15.657984491604475
pcsa,cpu,raw,temporal,pcsa_arch_128_64_scaler_standard_opt_rmsprop_batch_64_act_elu_drop_0.2,test,CPUTime,100,3876.122349586487,2500.0295009613037,34078.66357421875,4.5872188750440674,0.9811074063348129,48.33490905761719
pcsa,cpu,raw,temporal,pcsa_arch_128_64_scaler_standard_opt_rmsprop_batch_64_act_elu_drop_0.2,train,CPUTime,100,15432.893073539733,11076.030517578123,85142.3125,5.7935493934234765,0.895581862989286,131.8233959056713
pcsa,cpu,raw,temporal,pcsa_arch_128_64_scaler_standard_opt_rmsprop_batch_64_act_elu_drop_0.2,val,CPUTime,100,1593.2468096923828,1410.0089149475098,7016.435546875,6.722555417753699,0.9637171576424657,170.978125
pcsa,cpu,raw,temporal,pcsa_arch_128_64_scaler_standard_opt_rmsprop_batch_64_act_elu_drop_0.3,test,CPUTime,100,3705.5754598999024,2269.583694458008,34955.7666015625,4.2899053388650845,0.9582591512826695,42.29043273925781
pcsa,cpu,raw,temporal,pcsa_arch_128_64_scaler_standard_opt_rmsprop_batch_64_act_elu_drop_0.3,train,CPUTime,100,15644.322037887574,10866.905334472656,97369.328125,6.352640288641189,0.877995972220784,156.2744140625
pcsa,cpu,raw,temporal,pcsa_arch_128_64_scaler_standard_opt_rmsprop_batch_64_act_elu_drop_0.3,val,CPUTime,100,1479.7432453155518,1380.2018814086914,6258.894607543945,1.367988777261788,0.9462975867000628,23.247691595732277
pcsa,cpu,raw,temporal,pcsa_arch_128_64_scaler_standard_opt_rmsprop_batch_64_act_relu_drop_0.2,test,CPUTime,100,4034.3281393432617,2937.5465354919434,31642.40087890625,8.960648210895963,0.9071278217149166,447.4316015625
pcsa,cpu,raw,temporal,pcsa_arch_128_64_scaler_standard_opt_rmsprop_batch_64_act_relu_drop_0.2,train,CPUTime,100,22603.14550720215,11390.07550048828,152868.75,15.737201377704466,0.9204780320458765,317.96299913194446
pcsa,cpu,raw,temporal,pcsa_arch_128_64_scaler_standard_opt_rmsprop_batch_64_act_relu_drop_0.2,val,CPUTime,100,1425.4405480957032,1174.3351135253906,6939.723388671875,5.993459971220096,0.8003650160473333,103.46512044270834
pcsa,cpu,raw,temporal,pcsa_arch_128_64_scaler_standard_opt_rmsprop_batch_64_act_relu_drop_0.3,test,CPUTime,100,3741.091530456543,2551.6444091796875,35521.70458984375,2.256141744295068,0.7959729585350165,36.423270431219365
pcsa,cpu,raw,temporal,pcsa_arch_128_64_scaler_standard_opt_rmsprop_batch_64_act_relu_drop_0.3,train,CPUTime,100,25608.262270507814,24452.88916015625,33304.38916015625,0.9034383232734732,0.900483813013397,0.9249420712682604
pcsa,cpu,raw,temporal,pcsa_arch_128_64_scaler_standard_opt_rmsprop_batch_64_act_relu_drop_0.3,val,CPUTime,100,1400.5775680541992,1203.9573669433594,8743.301635742188,1.981044385594271,0.8235002509872499,48.78646440648321
pcsa,cpu,raw,temporal,pcsa_arch_64_32_scaler_minmax_opt_adam_batch_128_act_elu_drop_0.2,test,CPUTime,100,4532.044333801269,3181.916145324707,39085.77142333984,0.9389089553178585,0.9372770049671909,0.9928057970316708
pcsa,cpu,raw,temporal,pcsa_arch_64_32_scaler_minmax_opt_adam_batch_128_act_elu_drop_0.2,train,CPUTime,100,28025.225416564943,26865.965087890625,35717.465087890625,0.9896978639754235,0.9893378905854235,0.9930428400446508
pcsa,cpu,raw,temporal,pcsa_arch_64_32_scaler_minmax_opt_adam_batch_128_act_elu_drop_0.2,val,CPUTime,100,1391.9272094726562,1245.4608154296875,10461.582901000977,0.8509111957836406,0.854518552642025,0.9819394500657946
pcsa,cpu,raw,temporal,pcsa_arch_64_32_scaler_minmax_opt_adam_batch_128_act_elu_drop_0.3,test,CPUTime,100,4488.611892547608,3144.1440505981445,39024.3420715332,0.9270339909716216,0.9263093494197191,0.9912454487422389
pcsa,cpu,raw,temporal,pcsa_arch_64_32_scaler_minmax_opt_adam_batch_128_act_elu_drop_0.3,train,CPUTime,100,27960.33224395752,26800.792846679688,35652.29284667969,0.9873818905675925,0.9869379258919717,0.9917550580095628
pcsa,cpu,raw,temporal,pcsa_arch_64_32_scaler_minmax_opt_adam_batch_128_act_elu_drop_0.3,val,CPUTime,100,1346.312070159912,1201.5406646728516,10425.319137573242,0.8197605696642944,0.8243846549229166,0.9785356802678096
pcsa,cpu,raw,temporal,pcsa_arch_64_32_scaler_minmax_opt_adam_batch_128_act_relu_drop_0.2,test,CPUTime,100,4501.305098571777,3156.016799926758,39026.13034057617,0.9306436443482099,0.929197066850407,0.991290872020528
pcsa,cpu,raw,temporal,pcsa_arch_64_32_scaler_minmax_opt_adam_batch_128_act_relu_drop_0.2,train,CPUTime,100,27976.55671295166,26817.103393554688,35668.60339355469,0.987960922325473,0.9875385610075293,0.992047426185282
pcsa,cpu,raw,temporal,pcsa_arch_64_32_scaler_minmax_opt_adam_batch_128_act_relu_drop_0.2,val,CPUTime,100,1364.4245457458496,1220.6162872314453,10435.878707885742,0.832047014048286,0.8374725621637521,0.9795268169594276
pcsa,cpu,raw,temporal,pcsa_arch_64_32_scaler_minmax_opt_adam_batch_128_act_relu_drop_0.3,test,CPUTime,100,4422.082052001953,3079.1395111083984,38917.71453857422,0.9087437847015942,0.907213091782755,0.9885370351945496
pcsa,cpu,raw,temporal,pcsa_arch_64_32_scaler_minmax_opt_adam_batch_128_act_relu_drop_0.3,train,CPUTime,100,27865.640379028322,26705.77362060547,35557.27362060547,0.984002497292214,0.9834388473956658,0.9896300883085772
pcsa,cpu,raw,temporal,pcsa_arch_64_32_scaler_minmax_opt_adam_batch_128_act_relu_drop_0.3,val,CPUTime,100,1283.9156680297851,1143.3010864257812,10369.20669555664,0.7770479475270443,0.7844261059685262,0.9732688845087892
pcsa,cpu,raw,temporal,pcsa_arch_64_32_scaler_minmax_opt_adam_batch_64_act_elu_drop_0.2,test,CPUTime,100,4133.074396057129,2785.265899658203,38581.44616699219,0.8283118703224744,0.8226974254634277,0.9799955845206174
pcsa,cpu,raw,temporal,pcsa_arch_64_32_scaler_minmax_opt_adam_batch_64_act_elu_drop_0.2,train,CPUTime,100,27492.76206726074,26331.905883789062,35183.40588378906,0.97069542591687,0.9696711857085987,0.9802899123252776
pcsa,cpu,raw,temporal,pcsa_arch_64_32_scaler_minmax_opt_adam_batch_64_act_elu_drop_0.2,val,CPUTime,100,1030.487109375,866.50439453125,10106.451049804688,1.8311301917124885,0.5960383584501445,18.004417242005815
pcsa,cpu,raw,temporal,pcsa_arch_64_32_scaler_minmax_opt_adam_batch_64_act_elu_drop_0.3,test,CPUTime,100,4137.06847442627,2793.8326721191406,38572.15228271485,0.8294580262930265,0.8252065219700635,0.979759513391624
pcsa,cpu,raw,temporal,pcsa_arch_64_32_scaler_minmax_opt_adam_batch_64_act_elu_drop_0.3,train,CPUTime,100,27496.743818969728,26335.861083984375,35187.361083984375,0.9708374813404578,0.9698168357683159,0.9805101609059288
pcsa,cpu,raw,temporal,pcsa_arch_64_32_scaler_minmax_opt_adam_batch_64_act_elu_drop_0.3,val,CPUTime,100,1035.9709777832031,873.1365356445312,10113.876220703123,1.8293351015923944,0.6005716080823247,17.926116233648255
pcsa,cpu,raw,temporal,pcsa_arch_64_32_scaler_minmax_opt_adam_batch_64_act_relu_drop_0.2,test,CPUTime,100,3683.7876593017577,2658.512466430664,34321.19775390625,2.999092720523174,0.875484621225729,42.999564376531865
pcsa,cpu,raw,temporal,pcsa_arch_64_32_scaler_minmax_opt_adam_batch_64_act_relu_drop_0.2,train,CPUTime,100,13752.880258483887,11354.982421875,37608.85546875,5.565023662346081,0.8846813198285984,50.2973796177974
pcsa,cpu,raw,temporal,pcsa_arch_64_32_scaler_minmax_opt_adam_batch_64_act_relu_drop_0.2,val,CPUTime,100,1312.9164968872071,1140.2821044921875,7021.085205078125,1.8753230156258371,0.7785787308428095,42.68189569729478
pcsa,cpu,raw,temporal,pcsa_arch_64_32_scaler_minmax_opt_adam_batch_64_act_relu_drop_0.3,test,CPUTime,100,3868.0605894470214,3178.498489379883,31872.474609375,3.77069345025816,0.9157985770561128,68.35199159564394
pcsa,cpu,raw,temporal,pcsa_arch_64_32_scaler_minmax_opt_adam_batch_64_act_relu_drop_0.3,train,CPUTime,100,22205.751064453125,21040.6953125,29884.6953125,0.7838630841377412,0.7746086700365301,0.9476866408946744
pcsa,cpu,raw,temporal,pcsa_arch_64_32_scaler_minmax_opt_adam_batch_64_act_relu_drop_0.3,val,CPUTime,100,1567.6640536499024,1233.0855102539062,7579.720947265625,3.3015759007541536,0.8415884632881874,93.06052501166045
pcsa,cpu,raw,temporal,pcsa_arch_64_32_scaler_minmax_opt_rmsprop_batch_128_act_elu_drop_0.2,test,CPUTime,100,4639.159986190796,3288.3137741088867,39227.27133178711,0.9686041791941329,0.9680082268805528,0.996399993187206
pcsa,cpu,raw,temporal,pcsa_arch_64_32_scaler_minmax_opt_rmsprop_batch_128_act_elu_drop_0.2,train,CPUTime,100,28165.186217803956,27006.30743408203,35857.80743408203,0.9946927168113235,0.9945059908317451,0.996522060402602
pcsa,cpu,raw,temporal,pcsa_arch_64_32_scaler_minmax_opt_rmsprop_batch_128_act_elu_drop_0.2,val,CPUTime,100,1496.8702409362793,1346.9328842163086,10556.876777648926,0.9225152605422627,0.9241391912206951,0.9908838725031844
pcsa,cpu,raw,temporal,pcsa_arch_64_32_scaler_minmax_opt_rmsprop_batch_128_act_elu_drop_0.3,test,CPUTime,100,4628.937083511352,3275.9468574523926,39212.87121582031,0.9658284714214473,0.9644425969624313,0.99603422021947
pcsa,cpu,raw,temporal,pcsa_arch_64_32_scaler_minmax_opt_rmsprop_batch_128_act_elu_drop_0.3,train,CPUTime,100,28152.282331466675,26993.407287597656,35844.907287597656,0.9942322421488862,0.9940309435489203,0.9960836889553832
pcsa,cpu,raw,temporal,pcsa_arch_64_32_scaler_minmax_opt_rmsprop_batch_128_act_elu_drop_0.3,val,CPUTime,100,1488.7023027801513,1339.3331680297852,10547.37883758545,0.9169195344062608,0.918924977100009,0.9899923819772338
pcsa,cpu,raw,temporal,pcsa_arch_64_32_scaler_minmax_opt_rmsprop_batch_128_act_relu_drop_0.2,test,CPUTime,100,4639.272065963745,3290.376537322998,39215.52735900879,0.9687166522787597,0.9685846491362757,0.9961016881050774
pcsa,cpu,raw,temporal,pcsa_arch_64_32_scaler_minmax_opt_rmsprop_batch_128_act_relu_drop_0.2,train,CPUTime,100,28156.32484031677,26997.350860595703,35848.8508605957,0.994376380695811,0.9941761654376494,0.9965710357675518
pcsa,cpu,raw,temporal,pcsa_arch_64_32_scaler_minmax_opt_rmsprop_batch_128_act_relu_drop_0.2,val,CPUTime,100,1497.0587356567385,1347.9995040893557,10558.402084350586,0.9225948300947694,0.9248710059710021,0.9910270400178888
pcsa,cpu,raw,temporal,pcsa_arch_64_32_scaler_minmax_opt_rmsprop_batch_128_act_relu_drop_0.3,test,CPUTime,100,4644.306985244751,3294.1508598327637,39223.34007263184,0.9701159601833893,0.9697220350879524,0.9963001364685878
pcsa,cpu,raw,temporal,pcsa_arch_64_32_scaler_minmax_opt_rmsprop_batch_128_act_relu_drop_0.3,train,CPUTime,100,28163.55466743469,27004.626525878903,35856.126525878906,0.9946344237418521,0.9944440914668393,0.9966611868451798
pcsa,cpu,raw,temporal,pcsa_arch_64_32_scaler_minmax_opt_rmsprop_batch_128_act_relu_drop_0.3,val,CPUTime,100,1503.8997088623046,1354.7657852172852,10562.202224731443,0.9272556180206232,0.9295133949413092,0.9913837267440816
pcsa,cpu,raw,temporal,pcsa_arch_64_32_scaler_minmax_opt_rmsprop_batch_64_act_elu_drop_0.2,test,CPUTime,100,4319.911293334961,2973.613571166992,38821.05322265625,0.8802786688589168,0.87685966395329,0.9860817704959804
pcsa,cpu,raw,temporal,pcsa_arch_64_32_scaler_minmax_opt_rmsprop_batch_64_act_elu_drop_0.2,train,CPUTime,100,27761.319747314454,26601.34112548828,35452.84112548828,0.9802797618363002,0.9795931257130381,0.9864268565398164
pcsa,cpu,raw,temporal,pcsa_arch_64_32_scaler_minmax_opt_rmsprop_batch_64_act_elu_drop_0.2,val,CPUTime,100,1180.1436581420899,1038.6973266601562,10270.980346679688,0.7065848962962433,0.7126567940810682,0.9640492159451556
pcsa,cpu,raw,temporal,pcsa_arch_64_32_scaler_minmax_opt_rmsprop_batch_64_act_elu_drop_0.3,test,CPUTime,100,4436.010349731445,3086.382110595703,38975.044006347656,0.9125278344049004,0.9090675959255888,0.9899932435761044
pcsa,cpu,raw,temporal,pcsa_arch_64_32_scaler_minmax_opt_rmsprop_batch_64_act_elu_drop_0.3,train,CPUTime,100,27924.738011169433,26765.350646972656,35616.850646972656,0.9861119242041404,0.9856327685677078,0.9899694909110052
pcsa,cpu,raw,temporal,pcsa_arch_64_32_scaler_minmax_opt_rmsprop_batch_64_act_elu_drop_0.3,val,CPUTime,100,1295.882846069336,1150.8975524902344,10368.985412597656,0.7854675236567519,0.7896380901595705,0.9732481145670788
pcsa,cpu,raw,temporal,pcsa_arch_64_32_scaler_minmax_opt_rmsprop_batch_64_act_relu_drop_0.2,test,CPUTime,100,4424.720858306885,3082.7499084472656,38922.31137084961,0.909524971684121,0.9078519108261591,0.9886537979336436
pcsa,cpu,raw,temporal,pcsa_arch_64_32_scaler_minmax_opt_rmsprop_batch_64_act_relu_drop_0.2,train,CPUTime,100,27873.405789489745,26713.58187866211,35565.08187866211,0.9842796381333,0.9837263861284931,0.9897650792038376
pcsa,cpu,raw,temporal,pcsa_arch_64_32_scaler_minmax_opt_rmsprop_batch_64_act_relu_drop_0.2,val,CPUTime,100,1286.1097579956054,1144.7532958984375,10371.031951904297,0.7786558209459734,0.7854224762213978,0.9734402057353384
pcsa,cpu,raw,temporal,pcsa_arch_64_32_scaler_minmax_opt_rmsprop_batch_64_act_relu_drop_0.3,test,CPUTime,100,4468.108115386963,3119.7857055664062,38987.73205566406,0.9214906788877114,0.9193489465527379,0.990315528859358
pcsa,cpu,raw,temporal,pcsa_arch_64_32_scaler_minmax_opt_rmsprop_batch_64_act_relu_drop_0.3,train,CPUTime,100,27933.720642700195,26774.06915283203,35625.56915283203,0.9864321387988996,0.9859538271327253,0.991230977759932
pcsa,cpu,raw,temporal,pcsa_arch_64_32_scaler_minmax_opt_rmsprop_batch_64_act_relu_drop_0.3,val,CPUTime,100,1331.8863110351563,1189.0177612304688,10409.933715820312,0.8099250933291363,0.8157926103835362,0.9770915821119122
pcsa,cpu,raw,temporal,pcsa_arch_64_32_scaler_standard_opt_adam_batch_128_act_elu_drop_0.2,test,CPUTime,100,3976.9572732543947,2779.463623046875,32328.57470703125,5.023795828594506,0.9629176317576749,52.68916015625
pcsa,cpu,raw,temporal,pcsa_arch_64_32_scaler_standard_opt_adam_batch_128_act_elu_drop_0.2,train,CPUTime,100,10747.380574493409,9686.816162109377,22256.34326171875,0.7458058091115849,0.7861360302410643,1.9143948477716872
pcsa,cpu,raw,temporal,pcsa_arch_64_32_scaler_standard_opt_adam_batch_128_act_elu_drop_0.2,val,CPUTime,100,1452.8114918518067,1384.065055847168,6294.041488647461,1.41573341510013,0.948261355176384,24.20805336112407
pcsa,cpu,raw,temporal,pcsa_arch_64_32_scaler_standard_opt_adam_batch_128_act_elu_drop_0.3,test,CPUTime,100,3579.58577729702,2500.1385498046875,33506.6357421875,3.512242955365338,1.8625911570989215,22.041159889914773
pcsa,cpu,raw,temporal,pcsa_arch_64_32_scaler_standard_opt_adam_batch_128_act_elu_drop_0.3,train,CPUTime,100,11840.835733261109,10684.164916992188,23850.076171875,1.3333608826225707,0.8682634210243445,41.90088665674603
pcsa,cpu,raw,temporal,pcsa_arch_64_32_scaler_standard_opt_adam_batch_128_act_elu_drop_0.3,val,CPUTime,100,1488.5032260894777,1393.4061965942385,6297.059173583984,0.9630384221166444,0.956024829537789,2.220408951761148
pcsa,cpu,raw,temporal,pcsa_arch_64_32_scaler_standard_opt_adam_batch_128_act_relu_drop_0.2,test,CPUTime,100,3732.2814053344728,2822.8310317993164,31985.43603515625,3.804232052968165,0.8710654654069381,40.8989990234375
pcsa,cpu,raw,temporal,pcsa_arch_64_32_scaler_standard_opt_adam_batch_128_act_relu_drop_0.2,train,CPUTime,100,16107.715548706055,12908.890625,34546.87109375,3.0506690593896315,0.4729459592528644,83.33171477141204
pcsa,cpu,raw,temporal,pcsa_arch_64_32_scaler_standard_opt_adam_batch_128_act_relu_drop_0.2,val,CPUTime,100,1316.1060739135742,1104.3478698730469,6109.169982910156,6.702467524387926,0.7530500018919286,133.6832275390625
pcsa,cpu,raw,temporal,pcsa_arch_64_32_scaler_standard_opt_adam_batch_128_act_relu_drop_0.3,test,CPUTime,100,3773.460669250488,2816.0509643554688,31689.12109375,3.954882880971007,0.8857644823247737,97.175185546875
pcsa,cpu,raw,temporal,pcsa_arch_64_32_scaler_standard_opt_adam_batch_128_act_relu_drop_0.3,train,CPUTime,100,16542.193978271484,13422.8271484375,36336.140625,3.0605662478903195,0.4920017739871035,86.39629448784723
pcsa,cpu,raw,temporal,pcsa_arch_64_32_scaler_standard_opt_adam_batch_128_act_relu_drop_0.3,val,CPUTime,100,1316.1085394287109,1129.0108947753906,6100.277984619141,4.729520981425718,0.7697891505971287,82.7113525390625
pcsa,cpu,raw,temporal,pcsa_arch_64_32_scaler_standard_opt_adam_batch_64_act_elu_drop_0.2,test,CPUTime,100,3743.168404650688,2554.5423431396484,33359.3251953125,3.0225702829428003,0.9024646264751193,27.10330810546875
pcsa,cpu,raw,temporal,pcsa_arch_64_32_scaler_standard_opt_adam_batch_64_act_elu_drop_0.2,train,CPUTime,100,14863.946576919556,12035.972106933594,32116.8359375,1.601445866664731,0.5730861111828163,25.67293040567546
pcsa,cpu,raw,temporal,pcsa_arch_64_32_scaler_standard_opt_adam_batch_64_act_elu_drop_0.2,val,CPUTime,100,1363.342416152954,1171.2434997558594,6628.553466796875,5.768579294155132,0.7992094070472098,136.96188151041667
pcsa,cpu,raw,temporal,pcsa_arch_64_32_scaler_standard_opt_adam_batch_64_act_elu_drop_0.3,test,CPUTime,100,3711.187178039551,2573.078125,36886.48828125,2.5420347266352006,0.9415274744922073,15.777951882102272
pcsa,cpu,raw,temporal,pcsa_arch_64_32_scaler_standard_opt_adam_batch_64_act_elu_drop_0.3,train,CPUTime,100,10558.578862304688,9582.937744140623,22281.5302734375,1.137522825884246,0.7779598689809526,37.68656218998016
pcsa,cpu,raw,temporal,pcsa_arch_64_32_scaler_standard_opt_adam_batch_64_act_elu_drop_0.3,val,CPUTime,100,1392.1738691711425,1303.8604583740234,6236.0672607421875,0.9096965650790066,0.8942438698003674,3.089867376512097
pcsa,cpu,raw,temporal,pcsa_arch_64_32_scaler_standard_opt_adam_batch_64_act_relu_drop_0.2,test,CPUTime,100,3796.227319717407,2890.972198486328,32453.09130859375,4.991634481717771,0.9204312878427809,82.5420703125
pcsa,cpu,raw,temporal,pcsa_arch_64_32_scaler_standard_opt_adam_batch_64_act_relu_drop_0.2,train,CPUTime,100,14983.828972167968,11699.3525390625,37347.15625,2.2198676948756084,0.48688219780895614,55.96314832899306
pcsa,cpu,raw,temporal,pcsa_arch_64_32_scaler_standard_opt_adam_batch_64_act_relu_drop_0.2,val,CPUTime,100,1444.3406878662108,1246.3973083496094,6105.4462890625,4.464776731074529,0.8512626156415526,81.27220052083334
pcsa,cpu,raw,temporal,pcsa_arch_64_32_scaler_standard_opt_adam_batch_64_act_relu_drop_0.3,test,CPUTime,100,3995.850429992676,2788.0156860351562,36829.63525390625,1.0625225631023894,0.8591051548034592,15.31776324522148
pcsa,cpu,raw,temporal,pcsa_arch_64_32_scaler_standard_opt_adam_batch_64_act_relu_drop_0.3,train,CPUTime,100,26243.582149658203,25087.06787109375,33938.56787109375,0.9261118955263189,0.9238356941833208,0.9425547218900144
pcsa,cpu,raw,temporal,pcsa_arch_64_32_scaler_standard_opt_adam_batch_64_act_relu_drop_0.3,val,CPUTime,100,1458.3638735961913,1295.895004272461,9290.890869140623,1.5545599463961848,0.8887029461139363,33.72564788362873
pcsa,cpu,raw,temporal,pcsa_arch_64_32_scaler_standard_opt_rmsprop_batch_128_act_elu_drop_0.2,test,CPUTime,100,3854.868920249939,2359.152900695801,34353.2431640625,4.952451545109413,0.9765094416851541,43.6797607421875
pcsa,cpu,raw,temporal,pcsa_arch_64_32_scaler_standard_opt_rmsprop_batch_128_act_elu_drop_0.2,train,CPUTime,100,15148.92365638733,11118.201782226562,81787.6171875,5.429630826035046,0.899507235343959,132.47988100405092
pcsa,cpu,raw,temporal,pcsa_arch_64_32_scaler_standard_opt_rmsprop_batch_128_act_elu_drop_0.2,val,CPUTime,100,1552.3075858306884,1406.8500633239746,6824.0595703125,3.9205914231609444,0.9645869436090906,91.23644205729168
pcsa,cpu,raw,temporal,pcsa_arch_64_32_scaler_standard_opt_rmsprop_batch_128_act_elu_drop_0.3,test,CPUTime,100,3974.015410373211,2762.6368103027344,36716.448486328125,1.0529810343136767,0.8393650687182665,14.93578864532767
pcsa,cpu,raw,temporal,pcsa_arch_64_32_scaler_standard_opt_rmsprop_batch_128_act_elu_drop_0.3,train,CPUTime,100,25845.242426757814,24684.972412109375,33536.472412109375,0.9118934484889912,0.9090296383898546,0.9405434925251056
pcsa,cpu,raw,temporal,pcsa_arch_64_32_scaler_standard_opt_rmsprop_batch_128_act_elu_drop_0.3,val,CPUTime,100,1609.155488231182,1459.1789578795433,9147.533081054688,1.6003456275762844,1.0004647213412343,31.57357378148321
pcsa,cpu,raw,temporal,pcsa_arch_64_32_scaler_standard_opt_rmsprop_batch_128_act_relu_drop_0.2,test,CPUTime,100,3758.4634296417235,2547.1400146484375,35737.78076171875,1.8290114524018408,0.8509718350363018,21.20668281629247
pcsa,cpu,raw,temporal,pcsa_arch_64_32_scaler_standard_opt_rmsprop_batch_128_act_relu_drop_0.2,train,CPUTime,100,25588.83542236328,24434.818115234375,33286.318115234375,0.9027473141682498,0.8998183966467578,0.9244401953851856
pcsa,cpu,raw,temporal,pcsa_arch_64_32_scaler_standard_opt_rmsprop_batch_128_act_relu_drop_0.2,val,CPUTime,100,1530.8366860961914,1345.9212646484375,8668.510009765625,2.0313945650243554,0.9209177222859048,45.664310284514926
pcsa,cpu,raw,temporal,pcsa_arch_64_32_scaler_standard_opt_rmsprop_batch_128_act_relu_drop_0.3,test,CPUTime,100,4209.9971434021,2953.4144439697266,37832.32763671875,0.881537548647485,0.8860901457060832,0.9846228696757172
pcsa,cpu,raw,temporal,pcsa_arch_64_32_scaler_standard_opt_rmsprop_batch_128_act_relu_drop_0.3,train,CPUTime,100,27229.219177246094,26073.1962890625,34924.6962890625,0.961290696237088,0.9601471521959197,0.9699418526692728
pcsa,cpu,raw,temporal,pcsa_arch_64_32_scaler_standard_opt_rmsprop_batch_128_act_relu_drop_0.3,val,CPUTime,100,1460.253557434082,1312.5049591064453,9817.75811767578,1.2496745565409342,0.900722315722466,19.32060583313899
pcsa,cpu,raw,temporal,pcsa_arch_64_32_scaler_standard_opt_rmsprop_batch_64_act_elu_drop_0.2,test,CPUTime,100,4161.714089660644,2920.4412536621094,33695.57275390625,6.404360144258407,4.276234278950799,47.43117065429688
pcsa,cpu,raw,temporal,pcsa_arch_64_32_scaler_standard_opt_rmsprop_batch_64_act_elu_drop_0.2,train,CPUTime,100,14176.844777069091,10121.04541015625,99166.375,3.002891493523261,0.8168116563300429,79.26968425259793
pcsa,cpu,raw,temporal,pcsa_arch_64_32_scaler_standard_opt_rmsprop_batch_64_act_elu_drop_0.2,val,CPUTime,100,1432.4231230163575,1341.6075439453125,6286.921096801758,1.3358430247152882,0.9198268476991168,21.838852611940297
pcsa,cpu,raw,temporal,pcsa_arch_64_32_scaler_standard_opt_rmsprop_batch_64_act_elu_drop_0.3,test,CPUTime,100,3722.698792629242,2508.848503112793,36276.188232421875,1.7041553758975407,0.7778856470051431,18.05733275182039
pcsa,cpu,raw,temporal,pcsa_arch_64_32_scaler_standard_opt_rmsprop_batch_64_act_elu_drop_0.3,train,CPUTime,100,25448.95586669922,24289.52587890625,33141.02587890625,0.8977524911083532,0.8944684109422057,0.9250246362158556
pcsa,cpu,raw,temporal,pcsa_arch_64_32_scaler_standard_opt_rmsprop_batch_64_act_elu_drop_0.3,val,CPUTime,100,1600.687733078003,1440.1515827178955,8748.382202148438,1.8967449638158629,0.9874282840455408,39.845816085587686
pcsa,cpu,raw,temporal,pcsa_arch_64_32_scaler_standard_opt_rmsprop_batch_64_act_relu_drop_0.2,test,CPUTime,100,4341.644516296386,3088.5933532714844,38260.18835449219,0.8994981077279108,0.9128069860416859,0.980209379705764
pcsa,cpu,raw,temporal,pcsa_arch_64_32_scaler_standard_opt_rmsprop_batch_64_act_relu_drop_0.2,train,CPUTime,100,27530.89516357422,26373.23602294922,35224.73602294922,0.9720554920706553,0.9711952875103652,0.9782746694517516
pcsa,cpu,raw,temporal,pcsa_arch_64_32_scaler_standard_opt_rmsprop_batch_64_act_relu_drop_0.2,val,CPUTime,100,1414.067274017334,1265.6483001708984,10142.90347290039,1.1368721432743838,0.8686396971485083,15.044898189715486
pcsa,cpu,raw,temporal,pcsa_arch_64_32_scaler_standard_opt_rmsprop_batch_64_act_relu_drop_0.3,test,CPUTime,100,4450.569009628296,3218.662269592285,38513.99871826172,0.9279813679329828,0.9378189943497375,0.9855216908037367
pcsa,cpu,raw,temporal,pcsa_arch_64_32_scaler_standard_opt_rmsprop_batch_64_act_relu_drop_0.3,train,CPUTime,100,27647.54096557617,26489.59045410156,35341.09045410156,0.9762185947797164,0.9754797183860834,0.9815061086483616
pcsa,cpu,raw,temporal,pcsa_arch_64_32_scaler_standard_opt_rmsprop_batch_64_act_relu_drop_0.3,val,CPUTime,100,1472.1887327575685,1325.8668670654297,10229.771484375,0.9074383799846157,0.9097475842271889,0.9688892581312704
pcsa,memory,raw,record,pcsa_arch_128_64_scaler_minmax_opt_adam_batch_128_act_elu_drop_0.2,test,max_rss,100,50418.14456298828,33784.48254394531,111186.54956054688,0.9245022777328414,0.9176092708021556,0.9687939979832956
pcsa,memory,raw,record,pcsa_arch_128_64_scaler_minmax_opt_adam_batch_128_act_elu_drop_0.2,train,max_rss,100,54849.55968261719,46120.03161621094,149523.35961914062,0.9439806099325986,0.9414750162553223,0.98105359599465
pcsa,memory,raw,record,pcsa_arch_128_64_scaler_minmax_opt_adam_batch_128_act_elu_drop_0.2,val,max_rss,100,28174.262380371092,29497.225830078125,39754.41455078125,0.8940066668789295,0.9125299256636428,0.9278009370514668
pcsa,memory,raw,record,pcsa_arch_128_64_scaler_minmax_opt_adam_batch_128_act_elu_drop_0.3,test,max_rss,100,49229.74688720703,32609.12744140625,109650.0009765625,0.8988732955906831,0.8926491945762849,0.955405696505668
pcsa,memory,raw,record,pcsa_arch_128_64_scaler_minmax_opt_adam_batch_128_act_elu_drop_0.3,train,max_rss,100,53709.3876538086,45360.17810058594,149076.76000976562,0.9230538782233692,0.9206939632560329,0.9781233638632753
pcsa,memory,raw,record,pcsa_arch_128_64_scaler_minmax_opt_adam_batch_128_act_elu_drop_0.3,val,max_rss,100,27439.29248779297,28570.57421875,39286.818603515625,0.8622367378064771,0.8826541419115606,0.9168880368632288
pcsa,memory,raw,record,pcsa_arch_128_64_scaler_minmax_opt_adam_batch_128_act_relu_drop_0.2,test,max_rss,100,49602.42206054687,32865.495849609375,110067.435546875,0.9070611215972231,0.9035036110723286,0.9590428999971682
pcsa,memory,raw,record,pcsa_arch_128_64_scaler_minmax_opt_adam_batch_128_act_relu_drop_0.2,train,max_rss,100,54146.69171142578,45737.43212890625,149337.16674804688,0.9313627668839718,0.9301702283460136,0.9798319461721718
pcsa,memory,raw,record,pcsa_arch_128_64_scaler_minmax_opt_adam_batch_128_act_relu_drop_0.2,val,max_rss,100,27774.543537597656,28977.421752929688,39493.30810546875,0.8768396488743038,0.8959354929514628,0.9217071533203124
pcsa,memory,raw,record,pcsa_arch_128_64_scaler_minmax_opt_adam_batch_128_act_relu_drop_0.3,test,max_rss,100,49529.69379638672,32811.511962890625,109990.791015625,0.9054595133954263,0.9017118910518884,0.9583750785552158
pcsa,memory,raw,record,pcsa_arch_128_64_scaler_minmax_opt_adam_batch_128_act_relu_drop_0.3,train,max_rss,100,54082.61282470703,45695.7978515625,149230.01782226562,0.930217844434988,0.9289027532726626,0.9791289199747106
pcsa,memory,raw,record,pcsa_arch_128_64_scaler_minmax_opt_adam_batch_128_act_relu_drop_0.3,val,max_rss,100,27716.68650390625,28931.3818359375,39434.0234375,0.8746328085190678,0.8943811792042784,0.9203235492321696
pcsa,memory,raw,record,pcsa_arch_128_64_scaler_minmax_opt_adam_batch_64_act_elu_drop_0.2,test,max_rss,100,50272.56077880859,33632.76892089844,111027.40258789062,0.9212102473594325,0.9144620540453863,0.967407313779892
pcsa,memory,raw,record,pcsa_arch_128_64_scaler_minmax_opt_adam_batch_64_act_elu_drop_0.2,train,max_rss,100,54721.31987304687,46039.625244140625,149409.06030273438,0.9419796334185051,0.9387047457296982,0.980303654609801
pcsa,memory,raw,record,pcsa_arch_128_64_scaler_minmax_opt_adam_batch_64_act_elu_drop_0.2,val,max_rss,100,28041.479455566405,29386.431762695312,39598.855224609375,0.8892159806945338,0.9089947764741981,0.924170444935805
pcsa,memory,raw,record,pcsa_arch_128_64_scaler_minmax_opt_adam_batch_64_act_elu_drop_0.3,test,max_rss,100,50984.5338696289,34372.09826660156,111871.1318359375,0.9369483919815284,0.9313472120826273,0.9747589209181784
pcsa,memory,raw,record,pcsa_arch_128_64_scaler_minmax_opt_adam_batch_64_act_elu_drop_0.3,train,max_rss,100,55393.09909423828,46680.9755859375,149864.74096679688,0.9534810349652331,0.9523167181579528,0.9832934694136044
pcsa,memory,raw,record,pcsa_arch_128_64_scaler_minmax_opt_adam_batch_64_act_elu_drop_0.3,val,max_rss,100,28586.58723144531,29961.110473632812,40103.19189453125,0.9106488720238168,0.9273633666717772,0.935940811578866
pcsa,memory,raw,record,pcsa_arch_128_64_scaler_minmax_opt_adam_batch_64_act_relu_drop_0.2,test,max_rss,100,49511.147368164064,32812.7216796875,109974.99658203124,0.9049690970960547,0.901518861466328,0.9582374580199292
pcsa,memory,raw,record,pcsa_arch_128_64_scaler_minmax_opt_adam_batch_64_act_relu_drop_0.2,train,max_rss,100,54071.787602539065,45702.66613769531,149198.5048828125,0.9299595788540057,0.9283638162475192,0.9789221570806076
pcsa,memory,raw,record,pcsa_arch_128_64_scaler_minmax_opt_adam_batch_64_act_relu_drop_0.2,val,max_rss,100,27655.5053515625,28896.838256835938,39319.611572265625,0.8730216298668171,0.893430612503932,0.9176533694050044
pcsa,memory,raw,record,pcsa_arch_128_64_scaler_minmax_opt_adam_batch_64_act_relu_drop_0.3,test,max_rss,100,50057.05760742188,33352.80139160156,110689.92724609376,0.9167406414739603,0.9124241163642569,0.964466813450559
pcsa,memory,raw,record,pcsa_arch_128_64_scaler_minmax_opt_adam_batch_64_act_relu_drop_0.3,train,max_rss,100,54578.68865234375,46039.834228515625,149432.56030273438,0.9393958086794627,0.9376314626393005,0.9804578429557864
pcsa,memory,raw,record,pcsa_arch_128_64_scaler_minmax_opt_adam_batch_64_act_relu_drop_0.3,val,max_rss,100,27997.729916992186,29312.715454101562,39584.93408203125,0.8871436293167876,0.9066656080783297,0.9238455489645082
pcsa,memory,raw,record,pcsa_arch_128_64_scaler_minmax_opt_rmsprop_batch_128_act_elu_drop_0.2,test,max_rss,100,50146.310087890626,33504.21154785156,110860.81518554688,0.9185243415843243,0.9114165858623611,0.9659557994000668
pcsa,memory,raw,record,pcsa_arch_128_64_scaler_minmax_opt_rmsprop_batch_128_act_elu_drop_0.2,train,max_rss,100,54598.58255859375,45961.96667480469,149390.32592773438,0.9397017689645477,0.9366659376247326,0.9801807345121702
pcsa,memory,raw,record,pcsa_arch_128_64_scaler_minmax_opt_rmsprop_batch_128_act_elu_drop_0.2,val,max_rss,100,27986.774167480467,29280.4677734375,39601.848876953125,0.8863587843895847,0.9056029206264031,0.9242403117287418
pcsa,memory,raw,record,pcsa_arch_128_64_scaler_minmax_opt_rmsprop_batch_128_act_elu_drop_0.3,test,max_rss,100,49497.859587402345,32844.945068359375,110047.04248046876,0.9044553723232674,0.8953090007548585,0.9588652105157252
pcsa,memory,raw,record,pcsa_arch_128_64_scaler_minmax_opt_rmsprop_batch_128_act_elu_drop_0.3,train,max_rss,100,53948.50723876953,45571.823974609375,149109.70043945312,0.9270723517926132,0.9250688265847502,0.9783394928151716
pcsa,memory,raw,record,pcsa_arch_128_64_scaler_minmax_opt_rmsprop_batch_128_act_elu_drop_0.3,val,max_rss,100,27572.467971191407,28748.699340820312,39357.251220703125,0.8681880155780791,0.8884118708438391,0.9185318152703306
pcsa,memory,raw,record,pcsa_arch_128_64_scaler_minmax_opt_rmsprop_batch_128_act_relu_drop_0.2,test,max_rss,100,49425.173752441406,32692.95361328125,109882.55810546876,0.903082677495777,0.8982788445235225,0.9574320202971974
pcsa,memory,raw,record,pcsa_arch_128_64_scaler_minmax_opt_rmsprop_batch_128_act_relu_drop_0.2,train,max_rss,100,53953.46448242188,45634.45544433594,149158.71362304688,0.9281327615388277,0.9266028541132756,0.9786610784198442
pcsa,memory,raw,record,pcsa_arch_128_64_scaler_minmax_opt_rmsprop_batch_128_act_relu_drop_0.2,val,max_rss,100,27658.013286132813,28841.902465820312,39396.59912109375,0.8721220409508896,0.8916021395818678,0.9194501288530096
pcsa,memory,raw,record,pcsa_arch_128_64_scaler_minmax_opt_rmsprop_batch_128_act_relu_drop_0.3,test,max_rss,100,49303.94533447266,32588.019775390625,109741.462890625,0.9003891929582882,0.8954246881960959,0.9562026252145632
pcsa,memory,raw,record,pcsa_arch_128_64_scaler_minmax_opt_rmsprop_batch_128_act_relu_drop_0.3,train,max_rss,100,53863.85780517578,45551.95837402344,149075.4345703125,0.9264298513357744,0.9247782870030942,0.9781146673817016
pcsa,memory,raw,record,pcsa_arch_128_64_scaler_minmax_opt_rmsprop_batch_128_act_relu_drop_0.3,val,max_rss,100,27563.5637109375,28739.654174804688,39295.591796875,0.868611650918618,0.88843399435995,0.9170927883886062
pcsa,memory,raw,record,pcsa_arch_128_64_scaler_minmax_opt_rmsprop_batch_64_act_elu_drop_0.2,test,max_rss,100,49897.10240234375,33242.02258300781,110565.56396484376,0.9130396326869173,0.9044995048932136,0.9633832075564944
pcsa,memory,raw,record,pcsa_arch_128_64_scaler_minmax_opt_rmsprop_batch_64_act_elu_drop_0.2,train,max_rss,100,54340.65393554688,45818.45935058594,149230.40771484375,0.9344792253200608,0.9320963766845229,0.9791314781403164
pcsa,memory,raw,record,pcsa_arch_128_64_scaler_minmax_opt_rmsprop_batch_64_act_elu_drop_0.2,val,max_rss,100,27809.110405273437,29069.270874023438,39488.8857421875,0.8786572416993116,0.8987118012075395,0.9216039428255112
pcsa,memory,raw,record,pcsa_arch_128_64_scaler_minmax_opt_rmsprop_batch_64_act_elu_drop_0.3,test,max_rss,100,49927.68184814453,33272.3994140625,110599.4345703125,0.913751316613446,0.9046263766718707,0.9636783299378964
pcsa,memory,raw,record,pcsa_arch_128_64_scaler_minmax_opt_rmsprop_batch_64_act_elu_drop_0.3,train,max_rss,100,54345.614887695316,45827.26330566406,149288.62548828125,0.9338662484413714,0.932241037345964,0.979513456957052
pcsa,memory,raw,record,pcsa_arch_128_64_scaler_minmax_opt_rmsprop_batch_64_act_elu_drop_0.3,val,max_rss,100,27853.59817138672,29075.687255859375,39592.927734375,0.8795464914285014,0.8988240285235106,0.9240321073183112
pcsa,memory,raw,record,pcsa_arch_128_64_scaler_minmax_opt_rmsprop_batch_64_act_relu_drop_0.2,test,max_rss,100,48386.844243164065,31741.81640625,108529.5185546875,0.8807116290563894,0.8769385266322798,0.945642675263902
pcsa,memory,raw,record,pcsa_arch_128_64_scaler_minmax_opt_rmsprop_batch_64_act_relu_drop_0.2,train,max_rss,100,53008.886481933594,44585.71630859375,148810.294921875,0.9105810961951432,0.9066625637790868,0.976375031473286
pcsa,memory,raw,record,pcsa_arch_128_64_scaler_minmax_opt_rmsprop_batch_64_act_relu_drop_0.2,val,max_rss,100,27061.645251464844,28073.315063476562,39022.76611328125,0.8462853044983696,0.8669138185135602,0.9107254974160112
pcsa,memory,raw,record,pcsa_arch_128_64_scaler_minmax_opt_rmsprop_batch_64_act_relu_drop_0.3,test,max_rss,100,49001.26047851562,32327.522705078125,109317.12060546876,0.8940271336657925,0.8891149875013091,0.9525052332136896
pcsa,memory,raw,record,pcsa_arch_128_64_scaler_minmax_opt_rmsprop_batch_64_act_relu_drop_0.3,train,max_rss,100,53568.52649658203,45226.773681640625,149005.6591796875,0.9208984876889558,0.9180603362817066,0.9776568566552776
pcsa,memory,raw,record,pcsa_arch_128_64_scaler_minmax_opt_rmsprop_batch_64_act_relu_drop_0.3,val,max_rss,100,27434.028649902342,28530.91845703125,39291.635498046875,0.861934857073529,0.8815538021531801,0.9170004550515048
pcsa,memory,raw,record,pcsa_arch_128_64_scaler_standard_opt_adam_batch_128_act_elu_drop_0.2,test,max_rss,100,42076.64561767578,28725.004638671875,97892.2421875,0.7549906738400014,0.7815302460347566,0.927897783430446
pcsa,memory,raw,record,pcsa_arch_128_64_scaler_standard_opt_adam_batch_128_act_elu_drop_0.2,train,max_rss,100,45907.75380225181,38249.72509765625,148118.4345703125,0.8013563229478733,0.7643358156278236,1.000258744502862
pcsa,memory,raw,record,pcsa_arch_128_64_scaler_standard_opt_adam_batch_128_act_elu_drop_0.2,val,max_rss,100,25749.816469726564,22018.977783203125,40092.43310546875,0.7826098278021523,0.8481676184607818,0.935689719601119
pcsa,memory,raw,record,pcsa_arch_128_64_scaler_standard_opt_adam_batch_128_act_elu_drop_0.3,test,max_rss,100,42778.98533691406,29070.08154296875,98965.18359375,0.769517682341053,0.7934659762554537,0.9290417399323662
pcsa,memory,raw,record,pcsa_arch_128_64_scaler_standard_opt_adam_batch_128_act_elu_drop_0.3,train,max_rss,100,46607.32935404301,38724.4560546875,148410.88647460938,0.808439258046883,0.7782183295285836,1.0002074056614525
pcsa,memory,raw,record,pcsa_arch_128_64_scaler_standard_opt_adam_batch_128_act_elu_drop_0.3,val,max_rss,100,25881.049903564453,22623.017822265625,39882.902587890625,0.7885266113802538,0.8062697393712719,0.9307996309720552
pcsa,memory,raw,record,pcsa_arch_128_64_scaler_standard_opt_adam_batch_128_act_relu_drop_0.2,test,max_rss,100,37980.278774414066,25249.77880859375,90441.033203125,0.6960725553386179,0.6983252043314654,1.5531775482270025
pcsa,memory,raw,record,pcsa_arch_128_64_scaler_standard_opt_adam_batch_128_act_relu_drop_0.2,train,max_rss,100,42526.50403076172,35271.46875,146081.85888671875,0.7457272173900278,0.6997959777138376,0.9910372995448968
pcsa,memory,raw,record,pcsa_arch_128_64_scaler_standard_opt_adam_batch_128_act_relu_drop_0.2,val,max_rss,100,24665.684692382812,18596.5908203125,38638.88916015625,0.7403014297734548,0.7235176521703179,0.9017664572478588
pcsa,memory,raw,record,pcsa_arch_128_64_scaler_standard_opt_adam_batch_128_act_relu_drop_0.3,test,max_rss,100,40661.5333984375,27491.003173828125,95580.466796875,0.7267760743225352,0.7507980625064801,0.9089532783670842
pcsa,memory,raw,record,pcsa_arch_128_64_scaler_standard_opt_adam_batch_128_act_relu_drop_0.3,train,max_rss,100,44678.49784667969,37257.049560546875,147451.408203125,0.7800802795177977,0.7410494563688234,0.990604838540797
pcsa,memory,raw,record,pcsa_arch_128_64_scaler_standard_opt_adam_batch_128_act_relu_drop_0.3,val,max_rss,100,25143.363291015627,20833.3056640625,39193.84326171875,0.7640101927925669,0.8132037236995551,0.9147181493119574
pcsa,memory,raw,record,pcsa_arch_128_64_scaler_standard_opt_adam_batch_64_act_elu_drop_0.2,test,max_rss,100,43268.322678222656,29329.284912109375,99999.5400390625,0.7784353433977358,0.8009541215330312,0.931326590641002
pcsa,memory,raw,record,pcsa_arch_128_64_scaler_standard_opt_adam_batch_64_act_elu_drop_0.2,train,max_rss,100,47025.653826336864,39178.24755859375,148460.947265625,0.8155581398294534,0.7868949997379334,1.0002887266632243
pcsa,memory,raw,record,pcsa_arch_128_64_scaler_standard_opt_adam_batch_64_act_elu_drop_0.2,val,max_rss,100,26000.195539550783,23175.62353515625,40064.390625,0.7846298132644742,0.7481938558971526,0.9350352554378268
pcsa,memory,raw,record,pcsa_arch_128_64_scaler_standard_opt_adam_batch_64_act_elu_drop_0.3,test,max_rss,100,43384.61745361328,29104.70849609375,100435.751953125,0.7796980356749029,0.7977124220208901,0.926317002560308
pcsa,memory,raw,record,pcsa_arch_128_64_scaler_standard_opt_adam_batch_64_act_elu_drop_0.3,train,max_rss,100,47207.7611670208,38873.8720703125,148456.5048828125,0.8183159704652526,0.7886541336397679,1.000551782944224
pcsa,memory,raw,record,pcsa_arch_128_64_scaler_standard_opt_adam_batch_64_act_elu_drop_0.3,val,max_rss,100,25879.395930175782,23349.685791015625,39819.68310546875,0.7812956641568021,0.7471536031165139,0.9293241949558614
pcsa,memory,raw,record,pcsa_arch_128_64_scaler_standard_opt_adam_batch_64_act_relu_drop_0.2,test,max_rss,100,38358.37484863281,25188.69677734375,91188.435546875,0.7009225287844739,0.692673969145071,1.4193640025973076
pcsa,memory,raw,record,pcsa_arch_128_64_scaler_standard_opt_adam_batch_64_act_relu_drop_0.2,train,max_rss,100,43021.89398376465,35947.06494140625,146321.09326171875,0.7509428135665439,0.70992181905788,0.9889297366001886
pcsa,memory,raw,record,pcsa_arch_128_64_scaler_standard_opt_adam_batch_64_act_relu_drop_0.2,val,max_rss,100,25115.88510498047,19096.07666015625,39071.84619140625,0.757522001061733,0.7420614329855058,0.9118709436007808
pcsa,memory,raw,record,pcsa_arch_128_64_scaler_standard_opt_adam_batch_64_act_relu_drop_0.3,test,max_rss,100,37763.214350585935,24650.64599609375,90126.373046875,0.6921599068560542,0.6803494065555231,1.619023258401619
pcsa,memory,raw,record,pcsa_arch_128_64_scaler_standard_opt_adam_batch_64_act_relu_drop_0.3,train,max_rss,100,42435.094850463865,35315.0322265625,145765.6982421875,0.7441545407959756,0.6981273165701908,0.9873779590823866
pcsa,memory,raw,record,pcsa_arch_128_64_scaler_standard_opt_adam_batch_64_act_relu_drop_0.3,val,max_rss,100,24831.836669921875,18819.66650390625,38821.398193359375,0.746494947934772,0.7243890059378288,0.9060259100391936
pcsa,memory,raw,record,pcsa_arch_128_64_scaler_standard_opt_rmsprop_batch_128_act_elu_drop_0.2,test,max_rss,100,45997.75950317383,31132.441650390625,103832.857421875,0.8364952822171174,0.8538221208929249,0.9508293796464308
pcsa,memory,raw,record,pcsa_arch_128_64_scaler_standard_opt_rmsprop_batch_128_act_elu_drop_0.2,train,max_rss,100,49737.69258044243,41550.7666015625,149711.87426757812,0.8580157139088613,0.8409548089731596,1.0004220217575066
pcsa,memory,raw,record,pcsa_arch_128_64_scaler_standard_opt_rmsprop_batch_128_act_elu_drop_0.2,val,max_rss,100,27177.196666870117,25565.19189453125,40550.956298828125,0.8380122528710722,0.81297137514173,0.946390877026422
pcsa,memory,raw,record,pcsa_arch_128_64_scaler_standard_opt_rmsprop_batch_128_act_elu_drop_0.3,test,max_rss,100,43007.07180908203,29037.0234375,99583.9658203125,0.7731136574795004,0.7947243260113794,0.9296912447167952
pcsa,memory,raw,record,pcsa_arch_128_64_scaler_standard_opt_rmsprop_batch_128_act_elu_drop_0.3,train,max_rss,100,46850.66039465904,39096.3125,148270.28759765625,0.8121220570138411,0.7827379052525316,1.000003286191964
pcsa,memory,raw,record,pcsa_arch_128_64_scaler_standard_opt_rmsprop_batch_128_act_elu_drop_0.3,val,max_rss,100,25935.543962402342,22868.31689453125,40094.135009765625,0.78109137973236,0.7436019485331553,0.9357294391748886
pcsa,memory,raw,record,pcsa_arch_128_64_scaler_standard_opt_rmsprop_batch_128_act_relu_drop_0.2,test,max_rss,100,45144.95756835937,30425.74951171875,102573.638671875,0.8185127130897867,0.8353642468694011,0.944456984180114
pcsa,memory,raw,record,pcsa_arch_128_64_scaler_standard_opt_rmsprop_batch_128_act_relu_drop_0.2,train,max_rss,100,48891.46453704834,40795.54541015625,149484.12548828125,0.8434211267748312,0.8251081640926867,0.993670962988594
pcsa,memory,raw,record,pcsa_arch_128_64_scaler_standard_opt_rmsprop_batch_128_act_relu_drop_0.2,val,max_rss,100,26848.207517700197,24888.425048828125,40286.561279296875,0.8250323498801646,0.8002479483773897,0.9402203435235454
pcsa,memory,raw,record,pcsa_arch_128_64_scaler_standard_opt_rmsprop_batch_128_act_relu_drop_0.3,test,max_rss,100,38542.98215820312,25370.0380859375,91706.56640625,0.7040121535014763,0.7003288313836915,1.4265111711662275
pcsa,memory,raw,record,pcsa_arch_128_64_scaler_standard_opt_rmsprop_batch_128_act_relu_drop_0.3,train,max_rss,100,43010.7000201416,35794.5693359375,146457.2041015625,0.7536767588010518,0.7118172286815487,0.991927708207114
pcsa,memory,raw,record,pcsa_arch_128_64_scaler_standard_opt_rmsprop_batch_128_act_relu_drop_0.3,val,max_rss,100,25069.144116210937,18962.085205078125,39194.4208984375,0.7531046907388047,0.7323712119426198,0.9147316303780224
pcsa,memory,raw,record,pcsa_arch_128_64_scaler_standard_opt_rmsprop_batch_64_act_elu_drop_0.2,test,max_rss,100,48313.16781738281,32741.700317382812,107350.4111328125,0.8845301918007931,0.8943527026418285,0.9616492657189564
pcsa,memory,raw,record,pcsa_arch_128_64_scaler_standard_opt_rmsprop_batch_64_act_elu_drop_0.2,train,max_rss,100,52149.54045033455,44458.802490234375,150353.873046875,0.8981911631565519,0.8872212264985982,1.000234008385745
pcsa,memory,raw,record,pcsa_arch_128_64_scaler_standard_opt_rmsprop_batch_64_act_elu_drop_0.2,val,max_rss,100,28186.538504638673,27605.468139648438,41092.13659667969,0.8779908424713764,0.8589092447874724,0.9590211117597014
pcsa,memory,raw,record,pcsa_arch_128_64_scaler_standard_opt_rmsprop_batch_64_act_elu_drop_0.3,test,max_rss,100,42276.31158691406,28093.8310546875,98780.07421875,0.7564097027769033,0.7708756145622373,0.9182430318676892
pcsa,memory,raw,record,pcsa_arch_128_64_scaler_standard_opt_rmsprop_batch_64_act_elu_drop_0.3,train,max_rss,100,46245.58688530922,38387.33251953125,147732.484375,0.8009162702152257,0.7684280785107196,0.99976890055166
pcsa,memory,raw,record,pcsa_arch_128_64_scaler_standard_opt_rmsprop_batch_64_act_elu_drop_0.3,val,max_rss,100,25858.57992919922,22323.19189453125,40367.150146484375,0.7734997469502334,0.730972501220047,0.942101151663657
pcsa,memory,raw,record,pcsa_arch_128_64_scaler_standard_opt_rmsprop_batch_64_act_relu_drop_0.2,test,max_rss,100,40149.57092041016,26740.349609375,94872.556640625,0.7154807510565618,0.7273762719288066,0.897686950943086
pcsa,memory,raw,record,pcsa_arch_128_64_scaler_standard_opt_rmsprop_batch_64_act_relu_drop_0.2,train,max_rss,100,44413.62008178711,37031.979248046875,147096.8330078125,0.7713383244671685,0.7345019321499922,0.9878753044709476
pcsa,memory,raw,record,pcsa_arch_128_64_scaler_standard_opt_rmsprop_batch_64_act_relu_drop_0.2,val,max_rss,100,25079.57033691406,20560.277587890625,39035.748779296875,0.7532769920525524,0.7296434835355059,0.9110284909283252
pcsa,memory,raw,record,pcsa_arch_128_64_scaler_standard_opt_rmsprop_batch_64_act_relu_drop_0.3,test,max_rss,100,39710.63757324219,26409.8173828125,94087.322265625,0.7067415498797677,0.7182912686233373,0.8916598493323233
pcsa,memory,raw,record,pcsa_arch_128_64_scaler_standard_opt_rmsprop_batch_64_act_relu_drop_0.3,train,max_rss,100,44140.285241088866,36719.739501953125,146758.390625,0.7703122692237039,0.7325857889934351,0.989904523606128
pcsa,memory,raw,record,pcsa_arch_128_64_scaler_standard_opt_rmsprop_batch_64_act_relu_drop_0.3,val,max_rss,100,24928.437185058592,20048.87939453125,38919.92724609375,0.7475618578413471,0.7246978949845446,0.9083254118300446
pcsa,memory,raw,record,pcsa_arch_64_32_scaler_minmax_opt_adam_batch_128_act_elu_drop_0.2,test,max_rss,100,49720.230297851565,33038.5283203125,110281.580078125,0.9094512270041549,0.9031169217013135,0.9609087905873152
pcsa,memory,raw,record,pcsa_arch_64_32_scaler_minmax_opt_adam_batch_128_act_elu_drop_0.2,train,max_rss,100,54197.75234375,45735.88708496094,149244.04272460938,0.9322675893334769,0.9307384174446978,0.9792209402510932
pcsa,memory,raw,record,pcsa_arch_64_32_scaler_minmax_opt_adam_batch_128_act_elu_drop_0.2,val,max_rss,100,27746.476962890625,28981.705810546875,39468.21044921875,0.8756820827846691,0.8958313653406357,0.9211214163839327
pcsa,memory,raw,record,pcsa_arch_64_32_scaler_minmax_opt_adam_batch_128_act_elu_drop_0.3,test,max_rss,100,49643.600478515626,33003.822265625,110136.82958984376,0.908003498898972,0.901256418357156,0.9596475462658908
pcsa,memory,raw,record,pcsa_arch_64_32_scaler_minmax_opt_adam_batch_128_act_elu_drop_0.3,train,max_rss,100,54094.54009521484,45758.134521484375,149340.41088867188,0.9298331379421225,0.9283240423633761,0.9798532316477936
pcsa,memory,raw,record,pcsa_arch_64_32_scaler_minmax_opt_adam_batch_128_act_elu_drop_0.3,val,max_rss,100,27756.8096484375,28894.751342773438,39578.81787109375,0.8747621244657076,0.8931017003582802,0.9237028069243314
pcsa,memory,raw,record,pcsa_arch_64_32_scaler_minmax_opt_adam_batch_128_act_relu_drop_0.2,test,max_rss,100,49680.71453857422,32959.2275390625,110181.86669921876,0.9087166722589598,0.9042226648095296,0.9600399649660076
pcsa,memory,raw,record,pcsa_arch_64_32_scaler_minmax_opt_adam_batch_128_act_relu_drop_0.2,train,max_rss,100,54205.83444824219,45786.50158691406,149265.9990234375,0.9325212750051765,0.9312155481838019,0.9793650000553602
pcsa,memory,raw,record,pcsa_arch_64_32_scaler_minmax_opt_adam_batch_128_act_relu_drop_0.2,val,max_rss,100,27816.091181640626,29040.177001953125,39505.682861328125,0.8788312100626507,0.8979540010721057,0.9219959592356264
pcsa,memory,raw,record,pcsa_arch_64_32_scaler_minmax_opt_adam_batch_128_act_relu_drop_0.3,test,max_rss,100,49930.406677246094,33221.548828125,110497.8349609375,0.9141608021392814,0.9099904521300084,0.9627930691563632
pcsa,memory,raw,record,pcsa_arch_64_32_scaler_minmax_opt_adam_batch_128_act_relu_drop_0.3,train,max_rss,100,54450.375708007814,45987.99548339844,149417.35375976562,0.9370694669496379,0.9359147770597693,0.9803580696915946
pcsa,memory,raw,record,pcsa_arch_64_32_scaler_minmax_opt_adam_batch_128_act_relu_drop_0.3,val,max_rss,100,27975.276201171873,29240.228393554688,39626.453369140625,0.88542865988345,0.9042911258125752,0.9248145390482784
pcsa,memory,raw,record,pcsa_arch_64_32_scaler_minmax_opt_adam_batch_64_act_elu_drop_0.2,test,max_rss,100,50003.63887207031,33338.749755859375,110639.0263671875,0.9155658246006759,0.9085059965175322,0.9640233023768604
pcsa,memory,raw,record,pcsa_arch_64_32_scaler_minmax_opt_adam_batch_64_act_elu_drop_0.2,train,max_rss,100,54456.67332519531,45943.07702636719,149357.15502929688,0.9370720320415624,0.9342818156904131,0.9799630934072796
pcsa,memory,raw,record,pcsa_arch_64_32_scaler_minmax_opt_adam_batch_64_act_elu_drop_0.2,val,max_rss,100,27920.802631835937,29187.069213867188,39577.968994140625,0.8832528070540007,0.9025638917739793,0.9236829955690028
pcsa,memory,raw,record,pcsa_arch_64_32_scaler_minmax_opt_adam_batch_64_act_elu_drop_0.3,test,max_rss,100,50376.33878662109,33738.84118652344,111091.37524414062,0.9237711400000473,0.9176333655649185,0.9679647222583004
pcsa,memory,raw,record,pcsa_arch_64_32_scaler_minmax_opt_adam_batch_64_act_elu_drop_0.3,train,max_rss,100,54807.016940917965,46166.449951171875,149585.87353515625,0.9431948972383168,0.9408496637729525,0.9814637626887576
pcsa,memory,raw,record,pcsa_arch_64_32_scaler_minmax_opt_adam_batch_64_act_elu_drop_0.3,val,max_rss,100,28170.145830078123,29479.800415039062,39785.911865234375,0.8933435480235921,0.9118583438748993,0.9285360312087932
pcsa,memory,raw,record,pcsa_arch_64_32_scaler_minmax_opt_adam_batch_64_act_relu_drop_0.2,test,max_rss,100,48565.67670166016,31950.418212890625,108718.94873046876,0.884752170581162,0.8801695718098681,0.947293223986379
pcsa,memory,raw,record,pcsa_arch_64_32_scaler_minmax_opt_adam_batch_64_act_relu_drop_0.2,train,max_rss,100,53148.01259277344,44729.597900390625,148869.669921875,0.9131136667964974,0.9093215952909977,0.9767646030921324
pcsa,memory,raw,record,pcsa_arch_64_32_scaler_minmax_opt_adam_batch_64_act_relu_drop_0.2,val,max_rss,100,27152.932758789062,28195.107666015625,39086.65869140625,0.8501371001692303,0.8707531830969573,0.9122166423498472
pcsa,memory,raw,record,pcsa_arch_64_32_scaler_minmax_opt_adam_batch_64_act_relu_drop_0.3,test,max_rss,100,48701.487524414064,32086.561279296875,108875.3720703125,0.8877150402401045,0.8823687410769254,0.9486561765501924
pcsa,memory,raw,record,pcsa_arch_64_32_scaler_minmax_opt_adam_batch_64_act_relu_drop_0.3,train,max_rss,100,53278.04882080078,44856.77001953125,148925.8369140625,0.9155007929509564,0.9120383503777212,0.9771331263101908
pcsa,memory,raw,record,pcsa_arch_64_32_scaler_minmax_opt_adam_batch_64_act_relu_drop_0.3,val,max_rss,100,27206.386831054686,28273.645874023438,39088.014404296875,0.8529042748123458,0.8734098896652025,0.9122482824005058
pcsa,memory,raw,record,pcsa_arch_64_32_scaler_minmax_opt_rmsprop_batch_128_act_elu_drop_0.2,test,max_rss,100,49856.48303466797,33194.1689453125,110498.619140625,0.9122138472790913,0.903794846709393,0.962799901894474
pcsa,memory,raw,record,pcsa_arch_64_32_scaler_minmax_opt_rmsprop_batch_128_act_elu_drop_0.2,train,max_rss,100,54303.24433837891,45806.18359375,149257.00708007812,0.9341950330879857,0.9319731659623729,0.9793060020607314
pcsa,memory,raw,record,pcsa_arch_64_32_scaler_minmax_opt_rmsprop_batch_128_act_elu_drop_0.2,val,max_rss,100,27821.231911621093,29048.01806640625,39521.253662109375,0.8788785891045506,0.8981276796266539,0.922359355445047
pcsa,memory,raw,record,pcsa_arch_64_32_scaler_minmax_opt_rmsprop_batch_128_act_elu_drop_0.3,test,max_rss,100,49956.0703125,33302.18298339844,110610.12890625,0.9144449433998291,0.9061572849437212,0.9637715121484212
pcsa,memory,raw,record,pcsa_arch_64_32_scaler_minmax_opt_rmsprop_batch_128_act_elu_drop_0.3,train,max_rss,100,54385.573981933594,45870.19091796875,149313.49658203125,0.935332519320381,0.933082232836717,0.9796766413318676
pcsa,memory,raw,record,pcsa_arch_64_32_scaler_minmax_opt_rmsprop_batch_128_act_elu_drop_0.3,val,max_rss,100,27867.222729492187,29115.622436523438,39560.09619140625,0.8807095665021172,0.9001886107169838,0.9232658745193766
pcsa,memory,raw,record,pcsa_arch_64_32_scaler_minmax_opt_rmsprop_batch_128_act_relu_drop_0.2,test,max_rss,100,49311.75306640625,32588.4619140625,109740.0029296875,0.9006185526338193,0.8958786374133748,0.9561899042388776
pcsa,memory,raw,record,pcsa_arch_64_32_scaler_minmax_opt_rmsprop_batch_128_act_relu_drop_0.2,train,max_rss,100,53871.0227709961,45552.755615234375,149128.29248046875,0.9265843837677188,0.9249459900914213,0.97846147903018
pcsa,memory,raw,record,pcsa_arch_64_32_scaler_minmax_opt_rmsprop_batch_128_act_relu_drop_0.2,val,max_rss,100,27593.593056640624,28754.1142578125,39348.37646484375,0.869454121775227,0.8888594883322212,0.918324693447623
pcsa,memory,raw,record,pcsa_arch_64_32_scaler_minmax_opt_rmsprop_batch_128_act_relu_drop_0.3,test,max_rss,100,49467.277265625,32740.3984375,109933.2392578125,0.9040036207197685,0.8998071034174815,0.9578736168427828
pcsa,memory,raw,record,pcsa_arch_64_32_scaler_minmax_opt_rmsprop_batch_128_act_relu_drop_0.3,train,max_rss,100,54007.27918701172,45624.19689941406,149230.04931640625,0.9290685229350563,0.9273907504974537,0.9791291266142618
pcsa,memory,raw,record,pcsa_arch_64_32_scaler_minmax_opt_rmsprop_batch_128_act_relu_drop_0.3,val,max_rss,100,27659.15930419922,28853.50439453125,39397.015380859375,0.872157879125089,0.8919195954173234,0.9194598436533648
pcsa,memory,raw,record,pcsa_arch_64_32_scaler_minmax_opt_rmsprop_batch_64_act_elu_drop_0.2,test,max_rss,100,50012.09843994141,33370.99450683594,110689.4013671875,0.9156239419338503,0.9071970844856092,0.964462231346608
pcsa,memory,raw,record,pcsa_arch_64_32_scaler_minmax_opt_rmsprop_batch_64_act_elu_drop_0.2,train,max_rss,100,54445.076721191406,45892.478759765625,149302.75756835938,0.9364109571963735,0.9338643427836536,0.9796061804486512
pcsa,memory,raw,record,pcsa_arch_64_32_scaler_minmax_opt_rmsprop_batch_64_act_elu_drop_0.2,val,max_rss,100,27894.1804296875,29157.260009765625,39569.068603515625,0.8819834196241058,0.9015251137922844,0.9234752754741324
pcsa,memory,raw,record,pcsa_arch_64_32_scaler_minmax_opt_rmsprop_batch_64_act_elu_drop_0.3,test,max_rss,100,49339.98997802734,32714.57373046875,109826.1240234375,0.9011292374080964,0.8916575831023845,0.9569402971511004
pcsa,memory,raw,record,pcsa_arch_64_32_scaler_minmax_opt_rmsprop_batch_64_act_elu_drop_0.3,train,max_rss,100,53788.921560058596,45436.83850097656,149107.60131835938,0.9238170503338098,0.9217871499797096,0.9783257200488112
pcsa,memory,raw,record,pcsa_arch_64_32_scaler_minmax_opt_rmsprop_batch_64_act_elu_drop_0.3,val,max_rss,100,27509.91295410156,28621.75,39388.621337890625,0.8645151637259622,0.8842403494161316,0.9192639408581644
pcsa,memory,raw,record,pcsa_arch_64_32_scaler_minmax_opt_rmsprop_batch_64_act_relu_drop_0.2,test,max_rss,100,48858.86525146484,32208.388916015625,109127.14208984376,0.8909501054037168,0.8871172058463674,0.9508499066799434
pcsa,memory,raw,record,pcsa_arch_64_32_scaler_minmax_opt_rmsprop_batch_64_act_relu_drop_0.2,train,max_rss,100,53426.91789794922,45067.909423828125,148982.16357421875,0.918264862469855,0.9152697950831755,0.9775026971427178
pcsa,memory,raw,record,pcsa_arch_64_32_scaler_minmax_opt_rmsprop_batch_64_act_relu_drop_0.2,val,max_rss,100,27331.887121582033,28408.275268554688,39197.267333984375,0.8579380303505583,0.8777355003521178,0.9147980613793965
pcsa,memory,raw,record,pcsa_arch_64_32_scaler_minmax_opt_rmsprop_batch_64_act_relu_drop_0.3,test,max_rss,100,49922.26814697266,33224.48571777344,110519.7060546875,0.9138421278948375,0.9089688796754507,0.962983637030248
pcsa,memory,raw,record,pcsa_arch_64_32_scaler_minmax_opt_rmsprop_batch_64_act_relu_drop_0.3,train,max_rss,100,54438.98108154297,45980.52844238281,149410.685546875,0.9367853455895397,0.935080218799841,0.9803143181717529
pcsa,memory,raw,record,pcsa_arch_64_32_scaler_minmax_opt_rmsprop_batch_64_act_relu_drop_0.3,val,max_rss,100,27949.883413085936,29211.944213867188,39602.853271484375,0.8844296534320456,0.9034142490645178,0.9242637526018572
pcsa,memory,raw,record,pcsa_arch_64_32_scaler_standard_opt_adam_batch_128_act_elu_drop_0.2,test,max_rss,100,42652.66703125,28952.543701171875,98808.1806640625,0.7666976666897882,0.7900604875843815,0.9305366331708916
pcsa,memory,raw,record,pcsa_arch_64_32_scaler_standard_opt_adam_batch_128_act_elu_drop_0.2,train,max_rss,100,46479.578217983246,38701.6640625,148464.60375976562,0.808729284645922,0.7766102859449235,1.000239902215711
pcsa,memory,raw,record,pcsa_arch_64_32_scaler_standard_opt_adam_batch_128_act_elu_drop_0.2,val,max_rss,100,25958.680830078127,22637.119384765625,40097.166015625,0.7932094300828002,0.8720765984727094,0.9358001777358336
pcsa,memory,raw,record,pcsa_arch_64_32_scaler_standard_opt_adam_batch_128_act_elu_drop_0.3,test,max_rss,100,44591.97920166016,30319.374267578125,101729.6279296875,0.8072171435636849,0.8280788333073579,0.9429905748747004
pcsa,memory,raw,record,pcsa_arch_64_32_scaler_standard_opt_adam_batch_128_act_elu_drop_0.3,train,max_rss,100,48369.91758696377,40755.7060546875,149101.06982421875,0.8399490236974206,0.8151198031123987,1.0000840256857864
pcsa,memory,raw,record,pcsa_arch_64_32_scaler_standard_opt_adam_batch_128_act_elu_drop_0.3,val,max_rss,100,26734.10161376953,24350.6953125,40531.93896484375,0.8159681294688208,0.7837829498407063,0.9459470445491912
pcsa,memory,raw,record,pcsa_arch_64_32_scaler_standard_opt_adam_batch_128_act_relu_drop_0.2,test,max_rss,100,39021.212062988285,26381.20458984375,92498.8984375,0.6967075071646147,0.7191490726391742,0.897262392959593
pcsa,memory,raw,record,pcsa_arch_64_32_scaler_standard_opt_adam_batch_128_act_relu_drop_0.2,train,max_rss,100,43325.62531646728,35982.5146484375,146727.51025390625,0.7595907709014782,0.7171466504140294,0.993167376934381
pcsa,memory,raw,record,pcsa_arch_64_32_scaler_standard_opt_adam_batch_128_act_relu_drop_0.2,val,max_rss,100,24877.853259277344,19247.884765625,39024.197021484375,0.7542065758649964,0.7938271810710305,0.9107588923983472
pcsa,memory,raw,record,pcsa_arch_64_32_scaler_standard_opt_adam_batch_128_act_relu_drop_0.3,test,max_rss,100,39790.48412841797,26980.77880859375,93778.435546875,0.7124329513620569,0.7347145996046174,0.9017316809142532
pcsa,memory,raw,record,pcsa_arch_64_32_scaler_standard_opt_adam_batch_128_act_relu_drop_0.3,train,max_rss,100,44078.77721405029,36826.6884765625,147169.40234375,0.7699406857278411,0.7304305343593689,0.9933832823761888
pcsa,memory,raw,record,pcsa_arch_64_32_scaler_standard_opt_adam_batch_128_act_relu_drop_0.3,val,max_rss,100,25000.868559570314,20029.77392578125,38951.619140625,0.7611237939660431,0.8149756143566215,0.909065047157977
pcsa,memory,raw,record,pcsa_arch_64_32_scaler_standard_opt_adam_batch_64_act_elu_drop_0.2,test,max_rss,100,41726.92642333984,28093.837890625,97389.80078125,0.7475371261605177,0.770112341532617,0.9196511256676032
pcsa,memory,raw,record,pcsa_arch_64_32_scaler_standard_opt_adam_batch_64_act_elu_drop_0.2,train,max_rss,100,45739.88680076838,38119.842529296875,147818.4072265625,0.7983201363033134,0.7611736409663039,1.0000983103386505
pcsa,memory,raw,record,pcsa_arch_64_32_scaler_standard_opt_adam_batch_64_act_elu_drop_0.2,val,max_rss,100,25954.421130371094,22004.179443359375,40180.4580078125,0.7891093143566258,0.8031746028026986,0.9377440722510384
pcsa,memory,raw,record,pcsa_arch_64_32_scaler_standard_opt_adam_batch_64_act_elu_drop_0.3,test,max_rss,100,42078.69948486328,28152.6201171875,98364.076171875,0.7529720492237162,0.7731199189951489,0.9156745977130458
pcsa,memory,raw,record,pcsa_arch_64_32_scaler_standard_opt_adam_batch_64_act_elu_drop_0.3,train,max_rss,100,46038.931927976606,38227.097412109375,147799.4541015625,0.8030109818100084,0.7670012028002057,1.0001234378613908
pcsa,memory,raw,record,pcsa_arch_64_32_scaler_standard_opt_adam_batch_64_act_elu_drop_0.3,val,max_rss,100,25996.104036865236,22325.64111328125,40465.826416015625,0.7798004322727841,0.73816376856449,0.9444040892460704
pcsa,memory,raw,record,pcsa_arch_64_32_scaler_standard_opt_adam_batch_64_act_relu_drop_0.2,test,max_rss,100,37951.601958007814,24868.49072265625,90414.580078125,0.6953821232509577,0.6869293147816407,1.5724519635279486
pcsa,memory,raw,record,pcsa_arch_64_32_scaler_standard_opt_adam_batch_64_act_relu_drop_0.2,train,max_rss,100,42620.67909820557,35570.56396484375,145815.04443359375,0.7473149131703855,0.7037610482011124,0.9921327895719884
pcsa,memory,raw,record,pcsa_arch_64_32_scaler_standard_opt_adam_batch_64_act_relu_drop_0.2,val,max_rss,100,24765.949072265626,18818.61083984375,38666.5595703125,0.7450855755737019,0.7243483322264996,0.9024122379180476
pcsa,memory,raw,record,pcsa_arch_64_32_scaler_standard_opt_adam_batch_64_act_relu_drop_0.3,test,max_rss,100,40017.85311035156,26672.53515625,94685.046875,0.7127386750435915,0.7264658695075782,0.8956043493492061
pcsa,memory,raw,record,pcsa_arch_64_32_scaler_standard_opt_adam_batch_64_act_relu_drop_0.3,train,max_rss,100,44373.49839050293,37108.3408203125,147134.0068359375,0.7706276200605018,0.7357773378304255,0.9890928224346992
pcsa,memory,raw,record,pcsa_arch_64_32_scaler_standard_opt_adam_batch_64_act_relu_drop_0.3,val,max_rss,100,24922.68929199219,20468.618896484375,38781.305908203125,0.7485450972025603,0.7265473595014946,0.9050902237724776
pcsa,memory,raw,record,pcsa_arch_64_32_scaler_standard_opt_rmsprop_batch_128_act_elu_drop_0.2,test,max_rss,100,44078.46769287109,29726.158935546875,101164.6748046875,0.7954522563624838,0.8143011216097416,0.9380072456886552
pcsa,memory,raw,record,pcsa_arch_64_32_scaler_standard_opt_rmsprop_batch_128_act_elu_drop_0.2,train,max_rss,100,47840.94394479752,40171.591796875,148966.6650390625,0.8301342489500902,0.8032687717764526,0.9997375686846056
pcsa,memory,raw,record,pcsa_arch_64_32_scaler_standard_opt_rmsprop_batch_128_act_elu_drop_0.2,val,max_rss,100,26475.591226806642,23923.351318359375,40416.791015625,0.8042236098247486,0.7698549389437092,0.943259685764213
pcsa,memory,raw,record,pcsa_arch_64_32_scaler_standard_opt_rmsprop_batch_128_act_elu_drop_0.3,test,max_rss,100,46354.97841918945,31282.80810546875,104451.9716796875,0.8436113314355704,0.8584685394429576,0.9503709873151704
pcsa,memory,raw,record,pcsa_arch_64_32_scaler_standard_opt_rmsprop_batch_128_act_elu_drop_0.3,train,max_rss,100,50141.80696098208,42122.9072265625,149640.97436523438,0.8651867726088175,0.8483915235821939,0.9999862567812158
pcsa,memory,raw,record,pcsa_arch_64_32_scaler_standard_opt_rmsprop_batch_128_act_elu_drop_0.3,val,max_rss,100,27385.49650390625,25900.743408203125,40755.86328125,0.8419094561159344,0.815163379562291,0.9511730601486652
pcsa,memory,raw,record,pcsa_arch_64_32_scaler_standard_opt_rmsprop_batch_128_act_relu_drop_0.2,test,max_rss,100,37695.13934570312,24618.70556640625,89820.4453125,0.6912127874415325,0.679105903304625,1.6016528113110915
pcsa,memory,raw,record,pcsa_arch_64_32_scaler_standard_opt_rmsprop_batch_128_act_relu_drop_0.2,train,max_rss,100,42394.87969055176,35227.85546875,146219.466796875,0.7434956658896325,0.6962223562651566,0.9902208394057018
pcsa,memory,raw,record,pcsa_arch_64_32_scaler_standard_opt_rmsprop_batch_128_act_relu_drop_0.2,val,max_rss,100,25036.973798828127,18997.10546875,39075.808837890625,0.7582619554226759,0.7396626506036157,0.9119634250814652
pcsa,memory,raw,record,pcsa_arch_64_32_scaler_standard_opt_rmsprop_batch_128_act_relu_drop_0.3,test,max_rss,100,38921.283110351564,25639.646484375,92182.943359375,0.7028961299707569,0.7043317057677942,1.4070488930957956
pcsa,memory,raw,record,pcsa_arch_64_32_scaler_standard_opt_rmsprop_batch_128_act_relu_drop_0.3,train,max_rss,100,43375.98010192871,36319.7880859375,146476.15576171875,0.7568380004058567,0.717584891115706,0.9912653598795792
pcsa,memory,raw,record,pcsa_arch_64_32_scaler_standard_opt_rmsprop_batch_128_act_relu_drop_0.3,val,max_rss,100,25175.71620361328,19215.45263671875,39192.666259765625,0.7583835001201809,0.7379788058800678,0.9146906800729468
pcsa,memory,raw,record,pcsa_arch_64_32_scaler_standard_opt_rmsprop_batch_64_act_elu_drop_0.2,test,max_rss,100,47040.600565185545,31773.843994140625,105450.9931640625,0.8580057271352349,0.8715809368902683,0.9551010549389064
pcsa,memory,raw,record,pcsa_arch_64_32_scaler_standard_opt_rmsprop_batch_64_act_elu_drop_0.2,train,max_rss,100,50888.46691319466,43211.373291015625,149972.53588867188,0.8785716717865627,0.8627830970076535,0.999940956927514
pcsa,memory,raw,record,pcsa_arch_64_32_scaler_standard_opt_rmsprop_batch_64_act_elu_drop_0.2,val,max_rss,100,27649.972165527342,26553.68701171875,40834.548095703125,0.8541357589860878,0.8304297736155283,0.9530094309116676
pcsa,memory,raw,record,pcsa_arch_64_32_scaler_standard_opt_rmsprop_batch_64_act_elu_drop_0.3,test,max_rss,100,44412.931533203126,29695.46826171875,101844.1748046875,0.8016927388346592,0.8180662106006591,0.9314067034949528
pcsa,memory,raw,record,pcsa_arch_64_32_scaler_standard_opt_rmsprop_batch_64_act_elu_drop_0.3,train,max_rss,100,48321.08173650742,40689.11669921875,148681.91625976562,0.836634901389953,0.8116640797808408,0.9996667865154256
pcsa,memory,raw,record,pcsa_arch_64_32_scaler_standard_opt_rmsprop_batch_64_act_elu_drop_0.3,val,max_rss,100,26477.22563720703,24259.429443359375,40207.2744140625,0.8066131315234262,0.7768768053532731,0.938369921911466
pcsa,memory,raw,record,pcsa_arch_64_32_scaler_standard_opt_rmsprop_batch_64_act_relu_drop_0.2,test,max_rss,100,44810.634858398436,30141.07421875,102293.0849609375,0.8106170605210049,0.8287641673006408,0.9341508411379424
pcsa,memory,raw,record,pcsa_arch_64_32_scaler_standard_opt_rmsprop_batch_64_act_relu_drop_0.2,train,max_rss,100,48640.6283795166,41092.423095703125,148994.06567382812,0.8379462091942759,0.8157989651952634,0.9946783838715156
pcsa,memory,raw,record,pcsa_arch_64_32_scaler_standard_opt_rmsprop_batch_64_act_relu_drop_0.2,val,max_rss,100,26518.87767211914,24588.17724609375,39930.76318359375,0.8125483901795275,0.7888989459224214,0.9319166164953732
pcsa,memory,raw,record,pcsa_arch_64_32_scaler_standard_opt_rmsprop_batch_64_act_relu_drop_0.3,test,max_rss,100,45092.105561523436,30461.043212890625,102553.3115234375,0.8172156528366645,0.8361749848236784,0.936573173991218
pcsa,memory,raw,record,pcsa_arch_64_32_scaler_standard_opt_rmsprop_batch_64_act_relu_drop_0.3,train,max_rss,100,48962.151675415036,41378.366455078125,149046.52954101562,0.8438237007820045,0.8228581972342885,0.9903584235669096
pcsa,memory,raw,record,pcsa_arch_64_32_scaler_standard_opt_rmsprop_batch_64_act_relu_drop_0.3,val,max_rss,100,26629.57553100586,24755.264404296875,39932.40625,0.8182877326736719,0.7967876377942451,0.9319549628920836
pcsa,memory,raw,temporal,pcsa_arch_128_64_scaler_minmax_opt_adam_batch_128_act_elu_drop_0.2,test,max_rss,100,15720.055610351563,14509.28125,55631.82568359375,1.092653658845462,0.621137480662866,3.932213102806199
pcsa,memory,raw,temporal,pcsa_arch_128_64_scaler_minmax_opt_adam_batch_128_act_elu_drop_0.2,train,max_rss,100,51223.331857910154,42513.0146484375,146578.47412109375,0.7799031318547511,0.7067446469669068,0.9755104451123378
pcsa,memory,raw,temporal,pcsa_arch_128_64_scaler_minmax_opt_adam_batch_128_act_elu_drop_0.2,val,max_rss,100,3666.6355700683594,1457.6627197265625,47860.92932128906,0.7542773904718983,0.5487863430728535,5.8564303700333165
pcsa,memory,raw,temporal,pcsa_arch_128_64_scaler_minmax_opt_adam_batch_128_act_elu_drop_0.3,test,max_rss,100,17421.600535888672,15175.2822265625,55399.93103027344,1.514146717313709,1.4687336737589978,4.618043277911526
pcsa,memory,raw,temporal,pcsa_arch_128_64_scaler_minmax_opt_adam_batch_128_act_elu_drop_0.3,train,max_rss,100,48405.59508789062,39709.94091796875,147008.84716796875,0.7773213662150243,0.9271649397932096,0.9730739992539408
pcsa,memory,raw,temporal,pcsa_arch_128_64_scaler_minmax_opt_adam_batch_128_act_elu_drop_0.3,val,max_rss,100,3281.876085205078,1369.8492431640625,47815.52197265625,0.7023143209050512,0.5292289366863645,5.030225718009625
pcsa,memory,raw,temporal,pcsa_arch_128_64_scaler_minmax_opt_adam_batch_128_act_relu_drop_0.2,test,max_rss,100,15154.649802856446,13716.6201171875,55998.62115478515,1.2783570562605444,1.315129222594511,4.1671735113226
pcsa,memory,raw,temporal,pcsa_arch_128_64_scaler_minmax_opt_adam_batch_128_act_relu_drop_0.2,train,max_rss,100,49647.35561889649,40543.5947265625,145081.71533203125,0.7763057252840362,0.908380650706434,0.9692743773647412
pcsa,memory,raw,temporal,pcsa_arch_128_64_scaler_minmax_opt_adam_batch_128_act_relu_drop_0.2,val,max_rss,100,3275.6263903808594,1130.76123046875,47322.9677734375,0.6216390906262137,0.41214961416894247,5.505174913622902
pcsa,memory,raw,temporal,pcsa_arch_128_64_scaler_minmax_opt_adam_batch_128_act_relu_drop_0.3,test,max_rss,100,15396.06512512207,13526.50390625,55986.52471923828,1.353452112599465,1.4133679225129623,4.271330969756244
pcsa,memory,raw,temporal,pcsa_arch_128_64_scaler_minmax_opt_adam_batch_128_act_relu_drop_0.3,train,max_rss,100,49268.68255004883,39925.4990234375,144919.94921875,0.7727471177843458,0.9107134391043706,0.969195082179422
pcsa,memory,raw,temporal,pcsa_arch_128_64_scaler_minmax_opt_adam_batch_128_act_relu_drop_0.3,val,max_rss,100,3238.5707653808595,1303.9747314453125,47287.192138671875,0.6157590007413339,0.4227554059627892,5.334300094860563
pcsa,memory,raw,temporal,pcsa_arch_128_64_scaler_minmax_opt_adam_batch_64_act_elu_drop_0.2,test,max_rss,100,16233.644647216797,14980.55078125,55472.31970214844,1.1728839250034861,0.6471753036671632,4.108840138805297
pcsa,memory,raw,temporal,pcsa_arch_128_64_scaler_minmax_opt_adam_batch_64_act_elu_drop_0.2,train,max_rss,100,50556.6973828125,41233.0615234375,146971.0849609375,0.7900492828511613,0.927633309006159,0.9735418144460576
pcsa,memory,raw,temporal,pcsa_arch_128_64_scaler_minmax_opt_adam_batch_64_act_elu_drop_0.2,val,max_rss,100,3462.2012353515624,1340.36328125,47659.539794921875,0.681994468094345,0.45040946898176615,5.654940847112537
pcsa,memory,raw,temporal,pcsa_arch_128_64_scaler_minmax_opt_adam_batch_64_act_elu_drop_0.3,test,max_rss,100,17275.9704296875,14851.67578125,55239.84765625,1.5251387646238246,1.5498277292492666,4.659100633839904
pcsa,memory,raw,temporal,pcsa_arch_128_64_scaler_minmax_opt_adam_batch_64_act_elu_drop_0.3,train,max_rss,100,48353.58262451172,39793.51611328125,147005.0771484375,0.781136306574361,0.9291525386837663,0.9728598799140472
pcsa,memory,raw,temporal,pcsa_arch_128_64_scaler_minmax_opt_adam_batch_64_act_elu_drop_0.3,val,max_rss,100,3161.1253106689455,1166.588623046875,47749.09338378906,0.6694365791591634,0.4993438876883156,4.879463459402764
pcsa,memory,raw,temporal,pcsa_arch_128_64_scaler_minmax_opt_adam_batch_64_act_relu_drop_0.2,test,max_rss,100,14959.824274902343,13794.27783203125,56001.86688232422,1.3059985878325855,1.280464079053137,4.171567601752934
pcsa,memory,raw,temporal,pcsa_arch_128_64_scaler_minmax_opt_adam_batch_64_act_relu_drop_0.2,train,max_rss,100,49885.960277099606,41000.994140625,144803.9111328125,0.7570673421219877,0.6803623465001012,0.9704122109792546
pcsa,memory,raw,temporal,pcsa_arch_128_64_scaler_minmax_opt_adam_batch_64_act_relu_drop_0.2,val,max_rss,100,3363.3725402832033,1179.128173828125,47381.6875,0.6576444667959926,0.4323944400083102,5.907339354022705
pcsa,memory,raw,temporal,pcsa_arch_128_64_scaler_minmax_opt_adam_batch_64_act_relu_drop_0.3,test,max_rss,100,14517.614246826171,13448.95263671875,56095.18133544922,1.0909624669539848,0.552373044606925,3.846756390121878
pcsa,memory,raw,temporal,pcsa_arch_128_64_scaler_minmax_opt_adam_batch_64_act_relu_drop_0.3,train,max_rss,100,51338.63888183594,43011.9111328125,145230.1650390625,0.7598096172388867,0.695867441799507,0.9725263963913612
pcsa,memory,raw,temporal,pcsa_arch_128_64_scaler_minmax_opt_adam_batch_64_act_relu_drop_0.3,val,max_rss,100,3382.904246826172,1103.5433349609375,47455.402099609375,0.6489616208383222,0.46112660743181744,5.823536216683119
pcsa,memory,raw,temporal,pcsa_arch_128_64_scaler_minmax_opt_rmsprop_batch_128_act_elu_drop_0.2,test,max_rss,100,14290.902960357666,12936.00927734375,57083.90559387207,0.6683164994876278,0.5791158316948088,1.530148366030589
pcsa,memory,raw,temporal,pcsa_arch_128_64_scaler_minmax_opt_rmsprop_batch_128_act_elu_drop_0.2,train,max_rss,100,59427.222188720705,53743.3369140625,146831.15625,0.816373802961296,0.8159493644975263,0.9821159071807868
pcsa,memory,raw,temporal,pcsa_arch_128_64_scaler_minmax_opt_rmsprop_batch_128_act_elu_drop_0.2,val,max_rss,100,4558.86334526062,1500.4476890563965,48191.990966796875,0.9729191587401367,0.686119960053778,5.56125061697927
pcsa,memory,raw,temporal,pcsa_arch_128_64_scaler_minmax_opt_rmsprop_batch_128_act_elu_drop_0.3,test,max_rss,100,14376.243145017625,13087.62255859375,57281.95114135742,0.6491573803265464,0.5743789560623114,1.494589356120164
pcsa,memory,raw,temporal,pcsa_arch_128_64_scaler_minmax_opt_rmsprop_batch_128_act_elu_drop_0.3,train,max_rss,100,59694.456049194334,54101.16064453125,146713.66845703125,0.8199173652066766,0.8198810790074327,0.9825466197099176
pcsa,memory,raw,temporal,pcsa_arch_128_64_scaler_minmax_opt_rmsprop_batch_128_act_elu_drop_0.3,val,max_rss,100,4557.376068572998,1544.5862464904785,48219.19094848633,0.9830075882791993,0.6983623873062457,5.585431384192991
pcsa,memory,raw,temporal,pcsa_arch_128_64_scaler_minmax_opt_rmsprop_batch_128_act_relu_drop_0.2,test,max_rss,100,15284.304489746093,13334.4580078125,56052.94641113281,1.4536302703631252,1.4837379736267569,4.308866470433343
pcsa,memory,raw,temporal,pcsa_arch_128_64_scaler_minmax_opt_rmsprop_batch_128_act_relu_drop_0.2,train,max_rss,100,49169.23602294922,39663.4921875,145533.568359375,0.7702808813390029,0.9054381809448958,0.9683033921320656
pcsa,memory,raw,temporal,pcsa_arch_128_64_scaler_minmax_opt_rmsprop_batch_128_act_relu_drop_0.2,val,max_rss,100,3165.819193115234,1135.3720703125,47288.177490234375,0.6072438177854247,0.398392165002744,5.764109544669299
pcsa,memory,raw,temporal,pcsa_arch_128_64_scaler_minmax_opt_rmsprop_batch_128_act_relu_drop_0.3,test,max_rss,100,14906.593775634765,13636.6875,56130.53869628906,1.3115294075051451,1.3284603544158673,4.126792666641589
pcsa,memory,raw,temporal,pcsa_arch_128_64_scaler_minmax_opt_rmsprop_batch_128_act_relu_drop_0.3,train,max_rss,100,49989.079140625,40865.623046875,145749.24609375,0.78136796610345,0.913291075401038,0.9699289231224396
pcsa,memory,raw,temporal,pcsa_arch_128_64_scaler_minmax_opt_rmsprop_batch_128_act_relu_drop_0.3,val,max_rss,100,3174.6521411132812,971.7078857421875,47364.021240234375,0.6071184643288823,0.42776769978212903,5.648940241701629
pcsa,memory,raw,temporal,pcsa_arch_128_64_scaler_minmax_opt_rmsprop_batch_64_act_elu_drop_0.2,test,max_rss,100,14003.060256347657,12012.4228515625,56600.859375,0.5797230282632712,0.5440799735892796,1.359767895642748
pcsa,memory,raw,temporal,pcsa_arch_128_64_scaler_minmax_opt_rmsprop_batch_64_act_elu_drop_0.2,train,max_rss,100,60092.82904541016,54781.96044921875,146420.166015625,0.8220007784927339,0.8233871113306406,0.9764908357958269
pcsa,memory,raw,temporal,pcsa_arch_128_64_scaler_minmax_opt_rmsprop_batch_64_act_elu_drop_0.2,val,max_rss,100,4522.112558441162,1339.9452056884766,48063.030700683594,0.9355015697017528,0.6320952009821517,5.6990587210019745
pcsa,memory,raw,temporal,pcsa_arch_128_64_scaler_minmax_opt_rmsprop_batch_64_act_elu_drop_0.3,test,max_rss,100,23829.91449584961,19535.72998046875,58810.359375,1.8401996433840682,1.085242547644699,6.019830528158948
pcsa,memory,raw,temporal,pcsa_arch_128_64_scaler_minmax_opt_rmsprop_batch_64_act_elu_drop_0.3,train,max_rss,100,40930.37633544922,39744.231689453125,146805.37353515625,0.7782491620469181,0.9282664849900282,0.9667504392358224
pcsa,memory,raw,temporal,pcsa_arch_128_64_scaler_minmax_opt_rmsprop_batch_64_act_elu_drop_0.3,val,max_rss,100,3545.764736328125,960.0308837890625,47454.913818359375,1.2180110576921983,1.6957614628266784,5.994008079185367
pcsa,memory,raw,temporal,pcsa_arch_128_64_scaler_minmax_opt_rmsprop_batch_64_act_relu_drop_0.2,test,max_rss,100,14862.56440826416,13653.384765625,56170.62335205078,1.3250512760399473,1.3101363580385725,4.149191007749022
pcsa,memory,raw,temporal,pcsa_arch_128_64_scaler_minmax_opt_rmsprop_batch_64_act_relu_drop_0.2,train,max_rss,100,50233.06460571289,41285.5,146002.43603515625,0.7672339930588298,0.7125875505492707,0.9696890447786582
pcsa,memory,raw,temporal,pcsa_arch_128_64_scaler_minmax_opt_rmsprop_batch_64_act_relu_drop_0.2,val,max_rss,100,3184.619715576172,992.060302734375,47339.91711425781,0.634524562352061,0.44878167483086007,6.077423186080948
pcsa,memory,raw,temporal,pcsa_arch_128_64_scaler_minmax_opt_rmsprop_batch_64_act_relu_drop_0.3,test,max_rss,100,14809.367422485351,13597.11279296875,56030.50787353515,1.3295067677063868,1.315835992511748,4.161039652610593
pcsa,memory,raw,temporal,pcsa_arch_128_64_scaler_minmax_opt_rmsprop_batch_64_act_relu_drop_0.3,train,max_rss,100,50221.295910644534,41272.337890625,145771.58984375,0.7705828383453026,0.791213327544853,0.9686458927023328
pcsa,memory,raw,temporal,pcsa_arch_128_64_scaler_minmax_opt_rmsprop_batch_64_act_relu_drop_0.3,val,max_rss,100,3174.305108642578,994.7286376953125,47308.106689453125,0.625286981226315,0.41562096163619977,6.162892649463228
pcsa,memory,raw,temporal,pcsa_arch_128_64_scaler_standard_opt_adam_batch_128_act_elu_drop_0.2,test,max_rss,100,22837.311677246093,19302.509887695312,62225.59375,1.3732158733644388,0.8505354380353952,6.070197419763925
pcsa,memory,raw,temporal,pcsa_arch_128_64_scaler_standard_opt_adam_batch_128_act_elu_drop_0.2,train,max_rss,100,35203.86893798828,33992.40625,134175.080078125,0.7421943952203313,0.7940076191032228,1.0081570456986906
pcsa,memory,raw,temporal,pcsa_arch_128_64_scaler_standard_opt_adam_batch_128_act_elu_drop_0.2,val,max_rss,100,3746.31240524292,1032.8949737548828,47464.637939453125,0.8397458239305322,0.958606254380667,4.9028202774377805
pcsa,memory,raw,temporal,pcsa_arch_128_64_scaler_standard_opt_adam_batch_128_act_elu_drop_0.3,test,max_rss,100,23056.386104736328,19651.392944335938,62841.125,1.4597901639669977,0.8662292905437428,6.130243390888694
pcsa,memory,raw,temporal,pcsa_arch_128_64_scaler_standard_opt_adam_batch_128_act_elu_drop_0.3,train,max_rss,100,35860.03571899414,34568.248046875,135292.26953125,0.7394602442390057,0.8074465889783502,0.9898339738843888
pcsa,memory,raw,temporal,pcsa_arch_128_64_scaler_standard_opt_adam_batch_128_act_elu_drop_0.3,val,max_rss,100,3678.2523114776614,1001.3665084838868,47371.324951171875,0.8201243071713791,0.9290492574895748,5.232325985142118
pcsa,memory,raw,temporal,pcsa_arch_128_64_scaler_standard_opt_adam_batch_128_act_relu_drop_0.2,test,max_rss,100,16407.38672607422,16129.78466796875,56228.399169921875,1.0223513547124436,0.6500222425985185,3.229442227937857
pcsa,memory,raw,temporal,pcsa_arch_128_64_scaler_standard_opt_adam_batch_128_act_relu_drop_0.2,train,max_rss,100,50671.6449609375,43197.33203125,145044.60888671875,0.7441128886113969,0.680203862012675,0.9707490733562004
pcsa,memory,raw,temporal,pcsa_arch_128_64_scaler_standard_opt_adam_batch_128_act_relu_drop_0.2,val,max_rss,100,3363.8725061035157,935.2741088867188,47095.62219238281,0.5692707846973251,0.4275106786899592,2.7517940168978647
pcsa,memory,raw,temporal,pcsa_arch_128_64_scaler_standard_opt_adam_batch_128_act_relu_drop_0.3,test,max_rss,100,17913.611915893554,15354.5859375,56352.42401123047,1.351698911113611,0.6834190617453322,4.224011300726758
pcsa,memory,raw,temporal,pcsa_arch_128_64_scaler_standard_opt_adam_batch_128_act_relu_drop_0.3,train,max_rss,100,47018.648674316406,38993.13623046875,144596.97021484375,0.7495537992042278,0.9104884290930252,0.9681089620435912
pcsa,memory,raw,temporal,pcsa_arch_128_64_scaler_standard_opt_adam_batch_128_act_relu_drop_0.3,val,max_rss,100,3369.5185546875,1176.4862060546875,47424.310791015625,0.6239413230527212,0.4757914986469848,3.9669512018903847
pcsa,memory,raw,temporal,pcsa_arch_128_64_scaler_standard_opt_adam_batch_64_act_elu_drop_0.2,test,max_rss,100,15946.979910345077,14345.5615234375,56894.64630794525,1.2129032239288113,0.6542332767052899,3.5090725206070137
pcsa,memory,raw,temporal,pcsa_arch_128_64_scaler_standard_opt_adam_batch_64_act_elu_drop_0.2,train,max_rss,100,47905.840408762095,38298.1064453125,143422.42578125,0.749260114303247,0.8800042696518059,1.0000128524861132
pcsa,memory,raw,temporal,pcsa_arch_128_64_scaler_standard_opt_adam_batch_64_act_elu_drop_0.2,val,max_rss,100,3755.4535663211345,2110.618078649044,48636.61803370714,0.8999298261858644,1.0002938571492388,2.8959475511695905
pcsa,memory,raw,temporal,pcsa_arch_128_64_scaler_standard_opt_adam_batch_64_act_elu_drop_0.3,test,max_rss,100,22949.739813232423,19991.531127929688,61324.3828125,1.3569174973360563,0.8762106678851671,5.982282978489903
pcsa,memory,raw,temporal,pcsa_arch_128_64_scaler_standard_opt_adam_batch_64_act_elu_drop_0.3,train,max_rss,100,34307.54513549805,32670.70703125,134164.10546875,0.7528528589457788,0.7631111091170208,0.9937938677670354
pcsa,memory,raw,temporal,pcsa_arch_128_64_scaler_standard_opt_adam_batch_64_act_elu_drop_0.3,val,max_rss,100,3851.0936434936525,978.7309112548828,47230.68115234375,0.8136695889785633,0.9078151137475448,4.644131221950224
pcsa,memory,raw,temporal,pcsa_arch_128_64_scaler_standard_opt_adam_batch_64_act_relu_drop_0.2,test,max_rss,100,16826.634584350584,16101.802734375,56029.57220458984,1.1298763145017392,0.647190448621574,3.4933619062083094
pcsa,memory,raw,temporal,pcsa_arch_128_64_scaler_standard_opt_adam_batch_64_act_relu_drop_0.2,train,max_rss,100,49000.244537353516,40981.2421875,144718.2900390625,0.7548397013948898,0.761978052605762,0.961987196543855
pcsa,memory,raw,temporal,pcsa_arch_128_64_scaler_standard_opt_adam_batch_64_act_relu_drop_0.2,val,max_rss,100,3353.2259924316404,1004.9344482421875,47037.13903808594,1.252637241309995,1.7750322302407016,3.291828165374677
pcsa,memory,raw,temporal,pcsa_arch_128_64_scaler_standard_opt_adam_batch_64_act_relu_drop_0.3,test,max_rss,100,17926.810095825196,16152.40771484375,56039.41632080078,1.2621565967855246,0.6981113578929021,3.9791018864013266
pcsa,memory,raw,temporal,pcsa_arch_128_64_scaler_standard_opt_adam_batch_64_act_relu_drop_0.3,train,max_rss,100,47672.85619873047,38995.17822265625,144677.49365234375,0.7566478261067289,0.9100805603031622,0.9616826604855752
pcsa,memory,raw,temporal,pcsa_arch_128_64_scaler_standard_opt_adam_batch_64_act_relu_drop_0.3,val,max_rss,100,3317.082042236328,1075.441650390625,47116.37805175781,1.2129009139578493,1.7452528211805556,3.725374103257174
pcsa,memory,raw,temporal,pcsa_arch_128_64_scaler_standard_opt_rmsprop_batch_128_act_elu_drop_0.2,test,max_rss,100,20508.239705753327,17051.05078125,56864.47838783264,1.776639664284081,1.860743240529751,5.385116010023412
pcsa,memory,raw,temporal,pcsa_arch_128_64_scaler_standard_opt_rmsprop_batch_128_act_elu_drop_0.2,train,max_rss,100,41665.39454189301,39183.935302734375,141982.0400390625,0.7748780862236415,0.9150904043992052,0.9994068624512882
pcsa,memory,raw,temporal,pcsa_arch_128_64_scaler_standard_opt_rmsprop_batch_128_act_elu_drop_0.2,val,max_rss,100,4004.039630832672,2078.4783878326416,48607.479791641235,0.9136774814169384,0.986405332618037,4.99108888378893
pcsa,memory,raw,temporal,pcsa_arch_128_64_scaler_standard_opt_rmsprop_batch_128_act_elu_drop_0.3,test,max_rss,100,19962.854145469664,17004.0361328125,56866.03466415405,1.6502198316733965,1.4447939694399694,5.199141013681592
pcsa,memory,raw,temporal,pcsa_arch_128_64_scaler_standard_opt_rmsprop_batch_128_act_elu_drop_0.3,train,max_rss,100,42032.24931259155,39034.487548828125,142078.4052734375,0.761142837710464,0.9115954015922594,0.9994392268883676
pcsa,memory,raw,temporal,pcsa_arch_128_64_scaler_standard_opt_rmsprop_batch_128_act_elu_drop_0.3,val,max_rss,100,3865.126423301697,2077.5346641540527,48609.036041259766,0.8942347467948073,0.987140993874131,4.858988784339726
pcsa,memory,raw,temporal,pcsa_arch_128_64_scaler_standard_opt_rmsprop_batch_128_act_relu_drop_0.2,test,max_rss,100,17267.618739624024,16322.12353515625,56070.788513183594,1.1782453830091664,0.6628755932223436,3.630619654683629
pcsa,memory,raw,temporal,pcsa_arch_128_64_scaler_standard_opt_rmsprop_batch_128_act_relu_drop_0.2,train,max_rss,100,48822.829498291016,40599.830078125,144740.5458984375,0.7644952703957325,0.885609969637221,0.968747585807362
pcsa,memory,raw,temporal,pcsa_arch_128_64_scaler_standard_opt_rmsprop_batch_128_act_relu_drop_0.2,val,max_rss,100,3343.895118408203,981.6895141601562,47094.66491699219,0.6158515999027725,0.4281310164055066,3.418029312015504
pcsa,memory,raw,temporal,pcsa_arch_128_64_scaler_standard_opt_rmsprop_batch_128_act_relu_drop_0.3,test,max_rss,100,17151.166801757812,16340.78076171875,56209.2548828125,1.1650162932818944,0.6736024632385529,3.5788200541410595
pcsa,memory,raw,temporal,pcsa_arch_128_64_scaler_standard_opt_rmsprop_batch_128_act_relu_drop_0.3,train,max_rss,100,48697.63290893555,40618.6884765625,144833.83544921875,1.0723398193699871,0.8845342413976724,31.909781392802746
pcsa,memory,raw,temporal,pcsa_arch_128_64_scaler_standard_opt_rmsprop_batch_128_act_relu_drop_0.3,val,max_rss,100,3267.899473876953,923.009521484375,47184.05505371094,1.0045859725772432,1.4238862865613229,3.3698240726574187
pcsa,memory,raw,temporal,pcsa_arch_128_64_scaler_standard_opt_rmsprop_batch_64_act_elu_drop_0.2,test,max_rss,100,21494.47414794922,19136.975952148438,56918.8828125,1.300496323211591,0.8577199605530336,5.552520028533801
pcsa,memory,raw,temporal,pcsa_arch_128_64_scaler_standard_opt_rmsprop_batch_64_act_elu_drop_0.2,train,max_rss,100,35642.36185424805,31754.55859375,135786.107421875,1.3896115807444287,0.7415940820586174,27.799119900473
pcsa,memory,raw,temporal,pcsa_arch_128_64_scaler_standard_opt_rmsprop_batch_64_act_elu_drop_0.2,val,max_rss,100,3402.944751434326,879.7958526611328,47177.59362792969,0.7078107038470068,0.8131293176933704,4.417486378858969
pcsa,memory,raw,temporal,pcsa_arch_128_64_scaler_standard_opt_rmsprop_batch_64_act_elu_drop_0.3,test,max_rss,100,20773.611563720704,18167.1552734375,59908.6640625,1.4068200632374859,0.78233020345145,5.844177549751244
pcsa,memory,raw,temporal,pcsa_arch_128_64_scaler_standard_opt_rmsprop_batch_64_act_elu_drop_0.3,train,max_rss,100,38166.03280029297,33496.3740234375,136907.2109375,1.5922465961710222,0.7822498487420594,32.73303852975956
pcsa,memory,raw,temporal,pcsa_arch_128_64_scaler_standard_opt_rmsprop_batch_64_act_elu_drop_0.3,val,max_rss,100,3308.896165161133,992.5735168457032,47275.57873535156,0.7588292753368918,0.9150925040804724,5.01171503127975
pcsa,memory,raw,temporal,pcsa_arch_128_64_scaler_standard_opt_rmsprop_batch_64_act_relu_drop_0.2,test,max_rss,100,17006.68746887207,16324.560302734375,55993.73272705078,1.0035859021457718,0.6810417489356888,3.1400320272298456
pcsa,memory,raw,temporal,pcsa_arch_128_64_scaler_standard_opt_rmsprop_batch_64_act_relu_drop_0.2,train,max_rss,100,50437.807963867184,42943.6181640625,145283.986328125,1.2942763878729726,0.6675905789371424,35.494243264470676
pcsa,memory,raw,temporal,pcsa_arch_128_64_scaler_standard_opt_rmsprop_batch_64_act_relu_drop_0.2,val,max_rss,100,3287.533564453125,901.075439453125,47076.13232421875,1.2382778717447835,1.6931740855991055,2.948048946858425
pcsa,memory,raw,temporal,pcsa_arch_128_64_scaler_standard_opt_rmsprop_batch_64_act_relu_drop_0.3,test,max_rss,100,17222.12756225586,16297.9609375,56069.13415527344,1.1616064907356156,0.6638451707092372,3.670497085650181
pcsa,memory,raw,temporal,pcsa_arch_128_64_scaler_standard_opt_rmsprop_batch_64_act_relu_drop_0.3,train,max_rss,100,48896.540523681644,40916.423828125,145125.861328125,1.3883149909325576,0.9117745314106008,40.06108387281036
pcsa,memory,raw,temporal,pcsa_arch_128_64_scaler_standard_opt_rmsprop_batch_64_act_relu_drop_0.3,val,max_rss,100,3292.4963818359374,913.4900512695312,47059.698486328125,1.2231024617379993,1.707570566295904,3.4749799189106487
pcsa,memory,raw,temporal,pcsa_arch_64_32_scaler_minmax_opt_adam_batch_128_act_elu_drop_0.2,test,max_rss,100,15537.617994384766,14480.1826171875,55908.36975097656,0.9936283704675699,0.6254737451233454,3.543890356981643
pcsa,memory,raw,temporal,pcsa_arch_64_32_scaler_minmax_opt_adam_batch_128_act_elu_drop_0.2,train,max_rss,100,52807.65762451172,44934.87890625,146669.26025390625,0.775245956949595,0.711443362285529,0.9788037389634588
pcsa,memory,raw,temporal,pcsa_arch_64_32_scaler_minmax_opt_adam_batch_128_act_elu_drop_0.2,val,max_rss,100,3969.5405125427246,1412.7127685546875,48052.32598876953,0.8241504049959641,0.6399040187754066,5.821505005244323
pcsa,memory,raw,temporal,pcsa_arch_64_32_scaler_minmax_opt_adam_batch_128_act_elu_drop_0.3,test,max_rss,100,18462.44971435547,16947.2490234375,53482.280029296875,0.718261543457539,0.7125030268661308,0.940050270319668
pcsa,memory,raw,temporal,pcsa_arch_64_32_scaler_minmax_opt_adam_batch_128_act_elu_drop_0.3,train,max_rss,100,65979.64784301758,61572.0068359375,148023.05419921875,0.8842009072228905,0.8821873359173245,0.9712097827533364
pcsa,memory,raw,temporal,pcsa_arch_64_32_scaler_minmax_opt_adam_batch_128_act_elu_drop_0.3,val,max_rss,100,5920.957006225586,3259.221435546875,47787.73699951172,4.936207960540885,5.809663877980169,5.945857155539772
pcsa,memory,raw,temporal,pcsa_arch_64_32_scaler_minmax_opt_adam_batch_128_act_relu_drop_0.2,test,max_rss,100,16117.968496704101,13631.986328125,56418.63262939453,1.4898022742070176,1.5789143066379885,4.472981281033705
pcsa,memory,raw,temporal,pcsa_arch_64_32_scaler_minmax_opt_adam_batch_128_act_relu_drop_0.2,train,max_rss,100,48660.01911254883,39387.345703125,145609.43505859375,0.7719936856351347,0.9192427096961662,0.9696970971646178
pcsa,memory,raw,temporal,pcsa_arch_64_32_scaler_minmax_opt_adam_batch_128_act_relu_drop_0.2,val,max_rss,100,3329.103425292969,1259.119140625,47373.53210449219,0.6553707977534559,0.4902675496913788,5.295773113585883
pcsa,memory,raw,temporal,pcsa_arch_64_32_scaler_minmax_opt_adam_batch_128_act_relu_drop_0.3,test,max_rss,100,14732.183762512206,13647.642578125,56200.143493652344,1.0874813390675502,0.5551023596034732,3.8416940170779417
pcsa,memory,raw,temporal,pcsa_arch_64_32_scaler_minmax_opt_adam_batch_128_act_relu_drop_0.3,train,max_rss,100,51248.51509765625,42960.982421875,145406.978515625,0.7603163398460551,0.6896724518889196,0.9725805189855156
pcsa,memory,raw,temporal,pcsa_arch_64_32_scaler_minmax_opt_adam_batch_128_act_relu_drop_0.3,val,max_rss,100,3438.1100939941407,1204.6905517578125,47435.14489746094,0.6512189472367647,0.46730099162328265,5.570079686728776
pcsa,memory,raw,temporal,pcsa_arch_64_32_scaler_minmax_opt_adam_batch_64_act_elu_drop_0.2,test,max_rss,100,17105.50126953125,15234.57958984375,55326.77685546875,1.4126051727410225,0.7314895583704377,4.508626209024205
pcsa,memory,raw,temporal,pcsa_arch_64_32_scaler_minmax_opt_adam_batch_64_act_elu_drop_0.2,train,max_rss,100,48750.038203125,39778.35009765625,147391.40234375,0.7815345997187638,0.9287631730873128,0.9744944381063356
pcsa,memory,raw,temporal,pcsa_arch_64_32_scaler_minmax_opt_adam_batch_64_act_elu_drop_0.2,val,max_rss,100,3161.775574951172,1180.94580078125,47873.82501220703,0.6966082369910669,0.574838431436096,4.602850926240128
pcsa,memory,raw,temporal,pcsa_arch_64_32_scaler_minmax_opt_adam_batch_64_act_elu_drop_0.3,test,max_rss,100,16327.318780517578,14845.97119140625,55351.58898925781,1.2251194630267546,0.6552750999781747,4.258521338022871
pcsa,memory,raw,temporal,pcsa_arch_64_32_scaler_minmax_opt_adam_batch_64_act_elu_drop_0.3,train,max_rss,100,50058.38270874023,39840.021484375,147129.8896484375,0.7884128198774881,0.929818505347172,0.9755692006208604
pcsa,memory,raw,temporal,pcsa_arch_64_32_scaler_minmax_opt_adam_batch_64_act_elu_drop_0.3,val,max_rss,100,3317.0663647460938,1232.064208984375,47924.14013671875,0.7025676957604216,0.5981906056067681,4.729594856706565
pcsa,memory,raw,temporal,pcsa_arch_64_32_scaler_minmax_opt_adam_batch_64_act_relu_drop_0.2,test,max_rss,100,15138.493415222169,13812.96826171875,56162.950439453125,1.2717561725900293,1.2867956804418945,4.167215830010533
pcsa,memory,raw,temporal,pcsa_arch_64_32_scaler_minmax_opt_adam_batch_64_act_relu_drop_0.2,train,max_rss,100,49994.97595581054,40857.154296875,145421.42431640625,0.7816918682158436,0.914400747957941,0.9699449898156104
pcsa,memory,raw,temporal,pcsa_arch_64_32_scaler_minmax_opt_adam_batch_64_act_relu_drop_0.2,val,max_rss,100,3316.860711669922,1175.8494873046875,47343.78674316406,0.6353565280069721,0.4562997055045564,5.58112988184847
pcsa,memory,raw,temporal,pcsa_arch_64_32_scaler_minmax_opt_adam_batch_64_act_relu_drop_0.3,test,max_rss,100,15168.261661376953,13827.1142578125,56157.86413574219,1.2521382465791835,1.1287308265856597,4.14642324800632
pcsa,memory,raw,temporal,pcsa_arch_64_32_scaler_minmax_opt_adam_batch_64_act_relu_drop_0.3,train,max_rss,100,50138.593754882815,41128.107421875,145208.38623046875,0.7776737039905512,0.8789436725333827,0.9712120804717068
pcsa,memory,raw,temporal,pcsa_arch_64_32_scaler_minmax_opt_adam_batch_64_act_relu_drop_0.3,val,max_rss,100,3324.2450146484375,1091.388671875,47408.801513671875,0.634234776048174,0.4610494425099896,5.52138218780849
pcsa,memory,raw,temporal,pcsa_arch_64_32_scaler_minmax_opt_rmsprop_batch_128_act_elu_drop_0.2,test,max_rss,100,24156.642470703126,22376.40704345703,55470.98986816406,0.9522416200087401,0.9515286324228889,0.975005534392
pcsa,memory,raw,temporal,pcsa_arch_64_32_scaler_minmax_opt_rmsprop_batch_128_act_elu_drop_0.2,train,max_rss,100,72766.70609130859,68932.68951416016,151131.61096191406,0.9823375930499606,0.9826963088907563,0.991605664695554
pcsa,memory,raw,temporal,pcsa_arch_64_32_scaler_minmax_opt_rmsprop_batch_128_act_elu_drop_0.2,val,max_rss,100,6193.815958862305,1820.4111328125,47256.227294921875,1.6558066841910173,0.9707820823249835,2.788534725413603
pcsa,memory,raw,temporal,pcsa_arch_64_32_scaler_minmax_opt_rmsprop_batch_128_act_elu_drop_0.3,test,max_rss,100,19913.976201171874,17150.575439453125,55684.771484375,1.846783683562935,2.0062058957582387,5.360950304936154
pcsa,memory,raw,temporal,pcsa_arch_64_32_scaler_minmax_opt_rmsprop_batch_128_act_elu_drop_0.3,train,max_rss,100,46130.535744628905,39688.047607421875,147840.033203125,0.7772969222271426,0.9268320897228023,0.9754369683597488
pcsa,memory,raw,temporal,pcsa_arch_64_32_scaler_minmax_opt_rmsprop_batch_128_act_elu_drop_0.3,val,max_rss,100,3082.658760070801,1135.7353057861328,47908.02471923828,0.6906870385253525,0.565917156613837,4.323480318407452
pcsa,memory,raw,temporal,pcsa_arch_64_32_scaler_minmax_opt_rmsprop_batch_128_act_relu_drop_0.2,test,max_rss,100,14132.784329833985,12947.80517578125,56164.551696777344,1.0823735817704476,0.5357554029341712,3.731393001899639
pcsa,memory,raw,temporal,pcsa_arch_64_32_scaler_minmax_opt_rmsprop_batch_128_act_relu_drop_0.2,train,max_rss,100,51591.088885498044,43429.53125,145541.701171875,0.7627406524176442,0.7014726978421182,0.9707343165719688
pcsa,memory,raw,temporal,pcsa_arch_64_32_scaler_minmax_opt_rmsprop_batch_128_act_relu_drop_0.2,val,max_rss,100,3314.8343957519533,1069.06640625,47363.61413574219,0.6206351544620117,0.4131879570070377,5.885522388635242
pcsa,memory,raw,temporal,pcsa_arch_64_32_scaler_minmax_opt_rmsprop_batch_128_act_relu_drop_0.3,test,max_rss,100,13254.323044433593,11891.17138671875,56238.03894042969,0.8182393852682428,0.5379499945809634,3.0526476804656935
pcsa,memory,raw,temporal,pcsa_arch_64_32_scaler_minmax_opt_rmsprop_batch_128_act_relu_drop_0.3,train,max_rss,100,54588.33826049804,47033.03125,145723.32568359375,0.7706789489387071,0.7449029239508853,0.9746154447524682
pcsa,memory,raw,temporal,pcsa_arch_64_32_scaler_minmax_opt_rmsprop_batch_128_act_relu_drop_0.3,val,max_rss,100,3522.769451904297,1094.74365234375,47519.34814453125,0.6406278060196722,0.4299587925125798,5.799353521409181
pcsa,memory,raw,temporal,pcsa_arch_64_32_scaler_minmax_opt_rmsprop_batch_64_act_elu_drop_0.2,test,max_rss,100,15272.071346435547,13966.7890625,55582.00622558594,1.1257581491647501,0.5944577090665146,3.985705687631658
pcsa,memory,raw,temporal,pcsa_arch_64_32_scaler_minmax_opt_rmsprop_batch_64_act_elu_drop_0.2,train,max_rss,100,51263.030589599606,42139.9248046875,147154.54541015625,0.7949357112730562,0.9225363904445164,0.9737789308113004
pcsa,memory,raw,temporal,pcsa_arch_64_32_scaler_minmax_opt_rmsprop_batch_64_act_elu_drop_0.2,val,max_rss,100,3528.084174194336,1164.2395629882812,47896.08514404297,0.7543780107420163,0.5663969104341255,5.83437384316387
pcsa,memory,raw,temporal,pcsa_arch_64_32_scaler_minmax_opt_rmsprop_batch_64_act_elu_drop_0.3,test,max_rss,100,20816.877806396486,18149.5517578125,55523.74938964844,1.9825067643785186,2.1074120374148992,5.537926434152849
pcsa,memory,raw,temporal,pcsa_arch_64_32_scaler_minmax_opt_rmsprop_batch_64_act_elu_drop_0.3,train,max_rss,100,46052.47391235352,39878.42138671875,147766.73828125,0.7826036012890373,0.9312795556663247,0.9744970960029622
pcsa,memory,raw,temporal,pcsa_arch_64_32_scaler_minmax_opt_rmsprop_batch_64_act_elu_drop_0.3,val,max_rss,100,2936.870446166992,973.4555053710938,47711.670654296875,0.598289939618005,0.4845915862101887,4.233114885080919
pcsa,memory,raw,temporal,pcsa_arch_64_32_scaler_minmax_opt_rmsprop_batch_64_act_relu_drop_0.2,test,max_rss,100,16733.858596191407,13528.2333984375,56188.341552734375,1.588784915813153,1.6960097676714219,4.670777652911526
pcsa,memory,raw,temporal,pcsa_arch_64_32_scaler_minmax_opt_rmsprop_batch_64_act_relu_drop_0.2,train,max_rss,100,47859.506704101565,39680.579833984375,146021.1865234375,0.7659461646779983,0.9265140255118656,0.9674166802463944
pcsa,memory,raw,temporal,pcsa_arch_64_32_scaler_minmax_opt_rmsprop_batch_64_act_relu_drop_0.2,val,max_rss,100,2967.122713623047,950.97509765625,47337.70446777344,0.5679259991310932,0.41300306092562433,5.190389198235439
pcsa,memory,raw,temporal,pcsa_arch_64_32_scaler_minmax_opt_rmsprop_batch_64_act_relu_drop_0.3,test,max_rss,100,15673.94534362793,13265.5654296875,56357.846740722656,1.5008789127527178,1.5523971388016822,4.438054257260006
pcsa,memory,raw,temporal,pcsa_arch_64_32_scaler_minmax_opt_rmsprop_batch_64_act_relu_drop_0.3,train,max_rss,100,49081.078408203124,39541.964111328125,145924.986328125,0.7737675933894301,0.9228550361266296,0.9680578045146326
pcsa,memory,raw,temporal,pcsa_arch_64_32_scaler_minmax_opt_rmsprop_batch_64_act_relu_drop_0.3,val,max_rss,100,3101.611209716797,931.7767333984374,47351.86315917969,0.6106430925629831,0.4594908744771008,5.584217670286279
pcsa,memory,raw,temporal,pcsa_arch_64_32_scaler_standard_opt_adam_batch_128_act_elu_drop_0.2,test,max_rss,100,16121.036447792054,14947.29150390625,56885.54077529907,1.1001147429503613,0.6253717769953082,3.286211540523156
pcsa,memory,raw,temporal,pcsa_arch_64_32_scaler_standard_opt_adam_batch_128_act_elu_drop_0.2,train,max_rss,100,48264.62809313774,39244.7275390625,143852.2353515625,0.7457423979059459,0.8564822854366805,0.9998448770762096
pcsa,memory,raw,temporal,pcsa_arch_64_32_scaler_standard_opt_adam_batch_128_act_elu_drop_0.2,val,max_rss,100,3824.510753955841,2131.540759086609,48628.54075908661,0.8746870811210237,0.9964462882737536,2.6995863720590236
pcsa,memory,raw,temporal,pcsa_arch_64_32_scaler_standard_opt_adam_batch_128_act_elu_drop_0.3,test,max_rss,100,15938.097223556042,15049.56201171875,56891.80145716667,1.0473482771428677,0.6218647981126308,3.228381247617686
pcsa,memory,raw,temporal,pcsa_arch_64_32_scaler_standard_opt_adam_batch_128_act_elu_drop_0.3,train,max_rss,100,48914.29040656567,40203.703125,144177.708984375,0.7483288405799381,0.7503997380629479,0.9999446108015664
pcsa,memory,raw,temporal,pcsa_arch_64_32_scaler_standard_opt_adam_batch_128_act_elu_drop_0.3,val,max_rss,100,3808.9896354913712,2115.3369131088257,48633.33656358719,0.8733615537709839,0.9987309568537723,2.664186545882633
pcsa,memory,raw,temporal,pcsa_arch_64_32_scaler_standard_opt_adam_batch_128_act_relu_drop_0.2,test,max_rss,100,17365.863865356445,16020.1826171875,56236.02716064453,1.2612844257761349,0.6860523947361363,3.804168876816896
pcsa,memory,raw,temporal,pcsa_arch_64_32_scaler_standard_opt_adam_batch_128_act_relu_drop_0.2,train,max_rss,100,48097.55153930664,39566.22265625,144290.31884765625,0.7586825059500495,0.899852903034688,0.9649751800688156
pcsa,memory,raw,temporal,pcsa_arch_64_32_scaler_standard_opt_adam_batch_128_act_relu_drop_0.2,val,max_rss,100,3330.618214111328,955.7230224609375,47166.55578613281,0.8975661170016473,0.6102971184489171,3.609599716952264
pcsa,memory,raw,temporal,pcsa_arch_64_32_scaler_standard_opt_adam_batch_128_act_relu_drop_0.3,test,max_rss,100,16991.666278076173,16100.8642578125,56123.24792480469,1.1508292160134823,0.6586845722810877,3.543685305293501
pcsa,memory,raw,temporal,pcsa_arch_64_32_scaler_standard_opt_adam_batch_128_act_relu_drop_0.3,train,max_rss,100,48856.94339477539,40607.6123046875,144548.75634765625,0.7598005521652768,0.8571736152927143,0.9669157136960668
pcsa,memory,raw,temporal,pcsa_arch_64_32_scaler_standard_opt_adam_batch_128_act_relu_drop_0.3,val,max_rss,100,3355.8681970214843,1059.9695434570312,47085.64794921875,1.1799155622011792,1.7053271810892543,3.332686541632667
pcsa,memory,raw,temporal,pcsa_arch_64_32_scaler_standard_opt_adam_batch_64_act_elu_drop_0.2,test,max_rss,100,21576.783473510743,18836.163330078125,60539.515625,1.4598655805328498,0.7800450228846536,5.9057180397034434
pcsa,memory,raw,temporal,pcsa_arch_64_32_scaler_standard_opt_adam_batch_64_act_elu_drop_0.2,train,max_rss,100,38757.68198486328,37523.4228515625,137742.3212890625,0.7556088705881513,0.8764040045976336,0.9860498429693348
pcsa,memory,raw,temporal,pcsa_arch_64_32_scaler_standard_opt_adam_batch_64_act_elu_drop_0.2,val,max_rss,100,3614.553609619141,1343.9295959472656,47332.93469238281,0.6330889447601101,0.6310441969006941,5.128219349245206
pcsa,memory,raw,temporal,pcsa_arch_64_32_scaler_standard_opt_adam_batch_64_act_elu_drop_0.3,test,max_rss,100,22329.824241333008,18284.85009765625,63479.125,1.4133100482883325,0.8065568570087378,6.192481221344259
pcsa,memory,raw,temporal,pcsa_arch_64_32_scaler_standard_opt_adam_batch_64_act_elu_drop_0.3,train,max_rss,100,36480.257353515626,35336.9140625,136033.9384765625,0.7381058722497482,0.8254061251955999,0.9956411226519176
pcsa,memory,raw,temporal,pcsa_arch_64_32_scaler_standard_opt_adam_batch_64_act_elu_drop_0.3,val,max_rss,100,3416.2492058563234,957.3639755249023,47383.01379394531,0.7562572223420254,0.8876657047182182,5.07687550999592
pcsa,memory,raw,temporal,pcsa_arch_64_32_scaler_standard_opt_adam_batch_64_act_relu_drop_0.2,test,max_rss,100,16774.74272644043,15813.546875,56092.15643310547,1.1078349675356827,0.6396273818863412,3.5097307579748316
pcsa,memory,raw,temporal,pcsa_arch_64_32_scaler_standard_opt_adam_batch_64_act_relu_drop_0.2,train,max_rss,100,48865.03389770508,40654.08984375,144773.11083984375,0.7608025871183827,0.8610376286928796,0.9659276615684332
pcsa,memory,raw,temporal,pcsa_arch_64_32_scaler_standard_opt_adam_batch_64_act_relu_drop_0.2,val,max_rss,100,3282.2362561035156,972.928955078125,47096.420654296875,1.1160062831987683,1.5566753380267184,3.2848983301883585
pcsa,memory,raw,temporal,pcsa_arch_64_32_scaler_standard_opt_adam_batch_64_act_relu_drop_0.3,test,max_rss,100,17466.852751464845,15297.16015625,56322.791748046875,1.2697668235579476,0.6435624208828412,4.028379472124671
pcsa,memory,raw,temporal,pcsa_arch_64_32_scaler_standard_opt_adam_batch_64_act_relu_drop_0.3,train,max_rss,100,47499.14874389648,39236.882568359375,144402.603515625,0.7562038941940489,0.9161363121360506,0.967008300903102
pcsa,memory,raw,temporal,pcsa_arch_64_32_scaler_standard_opt_adam_batch_64_act_relu_drop_0.3,val,max_rss,100,3299.6690844726563,1038.7713928222656,47357.26770019531,0.6078560219172696,0.4639398830007263,3.76344370495036
pcsa,memory,raw,temporal,pcsa_arch_64_32_scaler_standard_opt_rmsprop_batch_128_act_elu_drop_0.2,test,max_rss,100,16266.259836680889,15489.548828125,56891.18776965141,1.0102814753122276,0.6508483686570912,3.1328240393319993
pcsa,memory,raw,temporal,pcsa_arch_64_32_scaler_standard_opt_rmsprop_batch_128_act_elu_drop_0.2,train,max_rss,100,48927.44757904768,40470.6279296875,144500.6806640625,0.7461086864750702,0.6732837872483309,0.999917233951654
pcsa,memory,raw,temporal,pcsa_arch_64_32_scaler_standard_opt_rmsprop_batch_128_act_elu_drop_0.2,val,max_rss,100,3829.9515148615837,2134.1639338731766,48632.01724529266,0.86613337886673,0.9981719960240962,2.7091458737080103
pcsa,memory,raw,temporal,pcsa_arch_64_32_scaler_standard_opt_rmsprop_batch_128_act_elu_drop_0.3,test,max_rss,100,18972.117031555175,16066.57763671875,56831.37698364258,1.7840964509486423,1.9064440981612791,4.834795843088479
pcsa,memory,raw,temporal,pcsa_arch_64_32_scaler_standard_opt_rmsprop_batch_128_act_elu_drop_0.3,train,max_rss,100,43260.44851898193,38816.059814453125,142829.87890625,0.7571514493774726,0.9064674783791145,0.9987184832101356
pcsa,memory,raw,temporal,pcsa_arch_64_32_scaler_standard_opt_rmsprop_batch_128_act_elu_drop_0.3,val,max_rss,100,3641.7663714599607,2042.376983642578,47474.53576660156,0.8819802091934403,0.9703592926336622,4.558115097579219
pcsa,memory,raw,temporal,pcsa_arch_64_32_scaler_standard_opt_rmsprop_batch_128_act_relu_drop_0.2,test,max_rss,100,17658.61262939453,16231.483154296875,56131.909423828125,1.2285002804314458,0.6789660710629353,3.834037151863233
pcsa,memory,raw,temporal,pcsa_arch_64_32_scaler_standard_opt_rmsprop_batch_128_act_relu_drop_0.2,train,max_rss,100,48073.95045654297,39499.6669921875,144759.0,0.7597106268779283,0.9045425157297676,0.9629034042279068
pcsa,memory,raw,temporal,pcsa_arch_64_32_scaler_standard_opt_rmsprop_batch_128_act_relu_drop_0.2,val,max_rss,100,3248.9736511230467,900.869384765625,47255.76550292969,0.9482278919363891,1.3378234907125792,3.621670151638787
pcsa,memory,raw,temporal,pcsa_arch_64_32_scaler_standard_opt_rmsprop_batch_128_act_relu_drop_0.3,test,max_rss,100,17045.34598815918,16500.9306640625,56000.55291748047,1.0612247270853334,0.666957636500338,3.363719372379455
pcsa,memory,raw,temporal,pcsa_arch_64_32_scaler_standard_opt_rmsprop_batch_128_act_relu_drop_0.3,train,max_rss,100,49700.91001831055,41812.484375,145136.0537109375,1.1627495229763125,0.7043407693073652,32.16503831873572
pcsa,memory,raw,temporal,pcsa_arch_64_32_scaler_standard_opt_rmsprop_batch_128_act_relu_drop_0.3,val,max_rss,100,3318.326755371094,954.8555908203124,47020.88391113281,1.2642720027745278,1.7935133537105696,3.141495446161431
pcsa,memory,raw,temporal,pcsa_arch_64_32_scaler_standard_opt_rmsprop_batch_64_act_elu_drop_0.2,test,max_rss,100,19650.00372024536,15859.9580078125,56820.50239562988,1.8796617938590543,1.9168223507326827,5.23915235403863
pcsa,memory,raw,temporal,pcsa_arch_64_32_scaler_standard_opt_rmsprop_batch_64_act_elu_drop_0.2,train,max_rss,100,41982.95869689941,38620.5244140625,141511.7607421875,0.7542744922146906,0.9019288355307644,0.9984923344763524
pcsa,memory,raw,temporal,pcsa_arch_64_32_scaler_standard_opt_rmsprop_batch_64_act_elu_drop_0.2,val,max_rss,100,3678.611052093506,2031.5023956298828,47450.43640136719,0.8567413951776806,0.9651286093586953,4.906651090541276
pcsa,memory,raw,temporal,pcsa_arch_64_32_scaler_standard_opt_rmsprop_batch_64_act_elu_drop_0.3,test,max_rss,100,19043.50808868408,16389.2626953125,56847.7825012207,1.7434972871622694,1.8916135723070129,4.874849862208565
pcsa,memory,raw,temporal,pcsa_arch_64_32_scaler_standard_opt_rmsprop_batch_64_act_elu_drop_0.3,train,max_rss,100,43245.92325531006,38765.38916015625,141969.7294921875,0.7568043329561412,0.905283805834336,0.999059653562798
pcsa,memory,raw,temporal,pcsa_arch_64_32_scaler_standard_opt_rmsprop_batch_64_act_elu_drop_0.3,val,max_rss,100,3640.1394470214846,2058.782501220703,47363.419921875,0.8806349685551609,0.9782503563054902,4.658934384774922
pcsa,memory,raw,temporal,pcsa_arch_64_32_scaler_standard_opt_rmsprop_batch_64_act_relu_drop_0.2,test,max_rss,100,18117.14224182129,16814.19921875,56086.82818603515,1.1601811216229694,0.7271649012698371,3.6107690257528113
pcsa,memory,raw,temporal,pcsa_arch_64_32_scaler_standard_opt_rmsprop_batch_64_act_relu_drop_0.2,train,max_rss,100,49110.70193481445,41212.446044921875,144806.78564453125,1.1662124340679274,0.8525716153355216,32.41134329779132
pcsa,memory,raw,temporal,pcsa_arch_64_32_scaler_standard_opt_rmsprop_batch_64_act_relu_drop_0.2,val,max_rss,100,3245.3375146484377,871.8778686523438,47202.4052734375,1.032721356036523,1.4530751143920668,3.418265716374269
pcsa,memory,raw,temporal,pcsa_arch_64_32_scaler_standard_opt_rmsprop_batch_64_act_relu_drop_0.3,test,max_rss,100,17900.21110046387,16550.4609375,56060.10858154297,1.1548558904213402,0.6890471952519733,3.851052260145352
pcsa,memory,raw,temporal,pcsa_arch_64_32_scaler_standard_opt_rmsprop_batch_64_act_relu_drop_0.3,train,max_rss,100,48598.09760620117,40004.9638671875,145252.9853515625,1.204545145955663,0.9236684861357786,34.36950804455446
pcsa,memory,raw,temporal,pcsa_arch_64_32_scaler_standard_opt_rmsprop_batch_64_act_relu_drop_0.3,val,max_rss,100,3258.9660974121093,1014.5545654296875,47267.05798339844,0.592888132549509,0.46804349718693766,3.635303511321909
