{
    "CPUCount": {
        "key": 0,
        "feature": "feature_CPUCount",
        "min": "4",
        "max": "128",
        "sum": 4670975,
        "sum2": 113000769,
        "mean": 17.60333677538007,
        "sd": 10.769630291387005,
        "accept_min": -14.705554098780947,
        "accept_max": 49.91222764954108,
        "median": 9
    },
    "edited_radial_points.0": {
        "key": 1,
        "feature": "feature_edited_radial_points.0",
        "min": "28",
        "max": "3162",
        "sum": 152069539,
        "sum2": 140016249901,
        "mean": 573.099044266731,
        "sd": 446.354657332229,
        "accept_min": -765.9649277299561,
        "accept_max": 1912.163016263418,
        "median": 322
    },
    "edited_scans.0": {
        "key": 2,
        "feature": "feature_edited_scans.0",
        "min": "1",
        "max": "1500",
        "sum": 38913407,
        "sum2": 10810277009,
        "mean": 146.6515681412194,
        "sd": 138.685598358454,
        "accept_min": -269.4052269341426,
        "accept_max": 562.7083632165813,
        "median": 99
    },
    "job.cluster.@attributes.name": {
        "key": 3,
        "feature": "feature_job.cluster.@attributes.name",
        "min": "1",
        "max": "33",
        "sum": 4661605,
        "sum2": 106560691,
        "mean": 17.568024390795415,
        "sd": 9.641386951357124,
        "accept_min": -11.356136463275956,
        "accept_max": 46.49218524486679,
        "median": 17
    },
    "job.jobParameters.ff0_grid_points.@attributes.value": {
        "key": 4,
        "feature": "feature_job.jobParameters.ff0_grid_points.@attributes.value",
        "min": "-1",
        "max": "938",
        "sum": 16474798,
        "sum2": 1371883020,
        "mean": 62.08798323698115,
        "sd": 36.266428956779926,
        "accept_min": -46.71130363335863,
        "accept_max": 170.88727010732094,
        "median": 64
    },
    "job.jobParameters.ff0_max.@attributes.value": {
        "key": 5,
        "feature": "feature_job.jobParameters.ff0_max.@attributes.value",
        "min": "-1.0",
        "max": "2000.0",
        "sum": 1391946.9013545814,
        "sum2": 26018172.948238906,
        "mean": 5.245780608543492,
        "sd": 8.398560080998175,
        "accept_min": -19.949899634451036,
        "accept_max": 30.441460851538018,
        "median": 4
    },
    "job.jobParameters.ff0_min.@attributes.value": {
        "key": 6,
        "feature": "feature_job.jobParameters.ff0_min.@attributes.value",
        "min": "-1.0",
        "max": "10.0",
        "sum": 190808.8,
        "sum2": 267985.32999999984,
        "mean": 0.7190943145930219,
        "sd": 0.7020341678913724,
        "accept_min": -1.3870081890810955,
        "accept_max": 2.8251968182671394,
        "median": 1
    },
    "job.jobParameters.ff0_resolution.@attributes.value": {
        "key": 7,
        "feature": "feature_job.jobParameters.ff0_resolution.@attributes.value",
        "min": "-1",
        "max": "25",
        "sum": 1850718,
        "sum2": 16184454,
        "mean": 6.974734874465792,
        "sd": 3.5138147544755096,
        "accept_min": -3.566709388960737,
        "accept_max": 17.516179137892323,
        "median": 8
    },
    "job.jobParameters.max_iterations.@attributes.value": {
        "key": 8,
        "feature": "feature_job.jobParameters.max_iterations.@attributes.value",
        "min": "1",
        "max": "310",
        "sum": 922279,
        "sum2": 7702467,
        "mean": 3.4757599511581105,
        "sd": 4.11669395412544,
        "accept_min": -8.874321911218209,
        "accept_max": 15.82584181353443,
        "median": 1
    },
    "job.jobParameters.mc_iterations.@attributes.value": {
        "key": 9,
        "feature": "feature_job.jobParameters.mc_iterations.@attributes.value",
        "min": "0",
        "max": "200",
        "sum": 2232718,
        "sum2": 128283214,
        "mean": 8.414364640883978,
        "sd": 20.313945776902756,
        "accept_min": -52.52747268982429,
        "accept_max": 69.35620197159224,
        "median": 1
    },
    "job.jobParameters.meniscus_points.@attributes.value": {
        "key": 10,
        "feature": "feature_job.jobParameters.meniscus_points.@attributes.value",
        "min": "0",
        "max": "50",
        "sum": 566628,
        "sum2": 4180062,
        "mean": 2.1354307206439893,
        "sd": 3.3456282360443526,
        "accept_min": -7.901453987489069,
        "accept_max": 12.172315428777047,
        "median": 1
    },
    "job.jobParameters.meniscus_range.@attributes.value": {
        "key": 11,
        "feature": "feature_job.jobParameters.meniscus_range.@attributes.value",
        "min": "-0.002",
        "max": "0.4",
        "sum": 920.5619999994757,
        "sum2": 30.416002000016327,
        "mean": 0.0034692891545358728,
        "sd": 0.010128776855459341,
        "accept_min": -0.02691704141184215,
        "accept_max": 0.033855619720913895,
        "median": 0
    },
    "job.jobParameters.req_mgroupcount.@attributes.value": {
        "key": 12,
        "feature": "feature_job.jobParameters.req_mgroupcount.@attributes.value",
        "min": "1",
        "max": "2",
        "sum": 265347,
        "sum2": 265349,
        "mean": 1.00000376866431,
        "sd": 0.001941304795748275,
        "accept_min": 0.9941798542770651,
        "accept_max": 1.0058276830515547,
        "median": 1
    },
    "job.jobParameters.rinoise_option.@attributes.value": {
        "key": 13,
        "feature": "feature_job.jobParameters.rinoise_option.@attributes.value",
        "min": "0",
        "max": "1",
        "sum": 124035,
        "sum2": 124035,
        "mean": 0.46744627769026104,
        "sd": 0.4989400698877281,
        "accept_min": -1.0293739319729232,
        "accept_max": 1.9642664873534452,
        "median": 0
    },
    "job.jobParameters.s_grid_points.@attributes.value": {
        "key": 14,
        "feature": "feature_job.jobParameters.s_grid_points.@attributes.value",
        "min": "-1",
        "max": "2112",
        "sum": 20244530,
        "sum2": 3598955110,
        "mean": 76.29483768362817,
        "sd": 87.99079836888797,
        "accept_min": -187.67755742303572,
        "accept_max": 340.26723279029204,
        "median": 64
    },
    "job.jobParameters.s_max.@attributes.value": {
        "key": 15,
        "feature": "feature_job.jobParameters.s_max.@attributes.value",
        "min": "-2000.0",
        "max": "700000.0",
        "sum": 98220257.38953266,
        "sum2": 9517887011686.639,
        "mean": 370.1591785424791,
        "sd": 5977.695035306047,
        "accept_min": -17562.925927375665,
        "accept_max": 18303.244284460623,
        "median": 15
    },
    "job.jobParameters.s_min.@attributes.value": {
        "key": 16,
        "feature": "feature_job.jobParameters.s_min.@attributes.value",
        "min": "-8000.0",
        "max": "20000.0",
        "sum": -583075.4210025237,
        "sum2": 3730104211.341865,
        "mean": -2.197415529167667,
        "sd": 118.54423199329382,
        "accept_min": -357.8301115090491,
        "accept_max": 353.43528045071383,
        "median": 0.5
    },
    "job.jobParameters.s_resolution.@attributes.value": {
        "key": 17,
        "feature": "feature_job.jobParameters.s_resolution.@attributes.value",
        "min": "-1",
        "max": "100",
        "sum": 2178574,
        "sum2": 26584040,
        "mean": 8.210314080483595,
        "sd": 5.725136591341845,
        "accept_min": -8.96509569354194,
        "accept_max": 25.38572385450913,
        "median": 8
    },
    "job.jobParameters.tinoise_option.@attributes.value": {
        "key": 18,
        "feature": "feature_job.jobParameters.tinoise_option.@attributes.value",
        "min": "0",
        "max": "1",
        "sum": 211391,
        "sum2": 211391,
        "mean": 0.7966617171542062,
        "sd": 0.40248283947297686,
        "accept_min": -0.41078680126472433,
        "accept_max": 2.004110235573137,