{
    "CPUCount": {
        "key": 0,
        "feature": "feature_CPUCount",
        "min": "2",
        "max": "2048",
        "sum": 1272102,
        "sum2": 363698234,
        "mean": 90.8255033557047,
        "sd": 133.11389671542494,
        "accept_min": -308.5161867905701,
        "accept_max": 490.1671935019795,
        "median": 32
    },
    "edited_radial_points.0": {
        "key": 1,
        "feature": "feature_edited_radial_points.0",
        "min": "133",
        "max": "12804",
        "sum": 13352428,
        "sum2": 13268189038,
        "mean": 953.3362844495216,
        "sd": 196.14909922130593,
        "accept_min": 364.88898678560383,
        "accept_max": 1541.7835821134395,
        "median": 971.5
    },
    "edited_scans.0": {
        "key": 2,
        "feature": "feature_edited_scans.0",
        "min": "5",
        "max": "1500",
        "sum": 2385635,
        "sum2": 872249189,
        "mean": 170.32950164215336,
        "sd": 182.3925971736327,
        "accept_min": -376.8482898787448,
        "accept_max": 717.5072931630515,
        "median": 119
    },
    "job.cluster.@attributes.name": {
        "key": 3,
        "feature": "feature_job.cluster.@attributes.name",
        "min": "1",
        "max": "33",
        "sum": 214419,
        "sum2": 4275865,
        "mean": 15.309081822076253,
        "sd": 8.421708169748623,
        "accept_min": -9.956042687169615,
        "accept_max": 40.574206331322124,
        "median": 16
    },
    "job.jobParameters.bucket_fixed.@attributes.fixedtype": {
        "key": 4,
        "feature": "feature_job.jobParameters.bucket_fixed.@attributes.fixedtype",
        "min": "-1",
        "max": "4",
        "sum": 27743,
        "sum2": 57279,
        "mean": 1.9807939454519492,
        "sd": 0.4075189051737534,
        "accept_min": 0.758237229930689,
        "accept_max": 3.2033506609732094,
        "median": 2
    },
    "job.jobParameters.bucket_fixed.@attributes.value": {
        "key": 5,
        "feature": "feature_job.jobParameters.bucket_fixed.@attributes.value",
        "min": "0.0",
        "max": "5278.0",
        "sum": 11166.402000000015,
        "sum2": 55733356.564044036,
        "mean": 0.7972584606597183,
        "sd": 63.07849960282691,
        "accept_min": -188.438240347821,
        "accept_max": 190.03275726914043,
        "median": 0
    },
    "job.jobParameters.bucket_fixed.@attributes.xtype": {
        "key": 6,
        "feature": "feature_job.jobParameters.bucket_fixed.@attributes.xtype",
        "min": "-1",
        "max": "5",
        "sum": 41372,
        "sum2": 125462,
        "mean": 2.953876909895759,
        "sd": 0.48203754172370855,
        "accept_min": 1.5077642847246333,
        "accept_max": 4.399989535066885,
        "median": 3
    },
    "job.jobParameters.bucket_fixed.@attributes.ytype": {
        "key": 7,
        "feature": "feature_job.jobParameters.bucket_fixed.@attributes.ytype",
        "min": "-1",
        "max": "6",
        "sum": 14596,
        "sum2": 19572,
        "mean": 1.0421248036555761,
        "sd": 0.5580315767844637,
        "accept_min": -0.6319699266978149,
        "accept_max": 2.7162195340089674,
        "median": 1
    },
    "job.jobParameters.conc_threshold.@attributes.value": {
        "key": 8,
        "feature": "feature_job.jobParameters.conc_threshold.@attributes.value",
        "min": "1e-08",
        "max": "0.01",
        "sum": 0.16001021000002516,
        "sum2": 0.0002014001000200992,
        "mean": 1.1424404540912834e-5,
        "sd": 0.00011937361169111682,
        "accept_min": -0.0003466964305324377,
        "accept_max": 0.0003695452396142633,
        "median": 1.0e-5
    },
    "job.jobParameters.demes.@attributes.value": {
        "key": 9,
        "feature": "feature_job.jobParameters.demes.@attributes.value",
        "min": "1",
        "max": "47",
        "sum": 87360,
        "sum2": 2364278,
        "mean": 6.237326859917179,
        "sd": 11.39779294768836,
        "accept_min": -27.956051983147905,
        "accept_max": 40.430705702982266,
        "median": 1
    },
    "job.jobParameters.generations.@attributes.value": {
        "key": 10,
        "feature": "feature_job.jobParameters.generations.@attributes.value",
        "min": "100",
        "max": "200",
        "sum": 1400850,
        "sum2": 140132500,
        "mean": 100.0178494930744,
        "sd": 1.267379365193469,
        "accept_min": 96.21571139749399,
        "accept_max": 103.8199875886548,
        "median": 100
    },
    "job.jobParameters.k_grid.@attributes.value": {
        "key": 11,
        "feature": "feature_job.jobParameters.k_grid.@attributes.value",
        "min": "100",
        "max": "200",
        "sum": 1402650,
        "sum2": 140667500,
        "mean": 100.14636584321005,
        "sd": 3.752423470352338,
        "accept_min": 88.88909543215303,
        "accept_max": 111.40363625426707,
        "median": 100
    },
    "job.jobParameters.mc_iterations.@attributes.value": {
        "key": 12,
        "feature": "feature_job.jobParameters.mc_iterations.@attributes.value",
        "min": "1",
        "max": "100",
        "sum": 339651,
        "sum2": 18483215,
        "mean": 24.250392688847636,
        "sd": 27.048747923252424,
        "accept_min": -56.89585108090964,
        "accept_max": 105.39663645860492,
        "median": 1
    },
    "job.jobParameters.migration.@attributes.value": {
        "key": 13,
        "feature": "feature_job.jobParameters.migration.@attributes.value",
        "min": "3",
        "max": "10",
        "sum": 42040,
        "sum2": 126280,
        "mean": 3.001570755390547,
        "sd": 0.08191105641207735,
        "accept_min": 2.755837586154315,
        "accept_max": 3.247303924626779,
        "median": 3
    },
    "job.jobParameters.mutate_sigma.@attributes.value": {
        "key": 14,
        "feature": "feature_job.jobParameters.mutate_sigma.@attributes.value",
        "min": "0",
        "max": "25",
        "sum": 17150,
        "sum2": 343250,
        "mean": 1.2244752249036128,
        "sd": 4.796838256353382,
        "accept_min": -13.166039544156535,
        "accept_max": 15.614989993963759,
        "median": 0
    },
    "job.jobParameters.p_mutate_k.@attributes.value": {
        "key": 15,
        "feature": "feature_job.jobParameters.p_mutate_k.@attributes.value",
        "min": "20",
        "max": "40",
        "sum": 280145,
        "sum2": 5603825,
        "mean": 20.00178494930744,
        "sd": 0.17419276282207266,
        "accept_min": 19.47920666084122,
        "accept_max": 20.524363237773656,
        "median": 20
    },
    "job.jobParameters.p_mutate_s.@attributes.value": {
        "key": 16,
        "feature": "feature_job.jobParameters.p_mutate_s.@attributes.value",
        "min": "20",
        "max": "40",
        "sum": 280145,
        "sum2": 5603825,
        "mean": 20.00178494930744,
        "sd": 0.17419276282207266,
        "accept_min": 19.47920666084122,
        "accept_max": 20.524363237773656,
        "median": 20
    },
    "job.jobParameters.p_mutate_sk.@attributes.value": {
        "key": 17,
        "feature": "feature_job.jobParameters.p_mutate_sk.@attributes.value",
        "min": "20",
        "max": "40",
        "sum": 280145,
        "sum2": 5603825,
        "mean": 20.00178494930744,
        "sd": 0.17419276282207266,
        "accept_min": 19.47920666084122,
        "accept_max": 20.524363237773656,
        "median": 20
    },
    "job.jobParameters.plague.@attributes.value": {
        "key": 18,
        "feature": "feature_job.jobParameters.plague.@attributes.value",
        "min": "4",
        "max": "15",
        "sum": 56109,
        "sum2": 225349,
        "mean": 4.0060688276452945,
        "sd": 0.20218092393061904,
        "accept_min": 3.3995260558534373,
        "accept_max": 4.612611599437152,
        "median": 4
    },
    "job.jobParameters.population.@attributes.value": {
        "key": 19,