{
    "CPUCount": {
        "key": 0,
        "feature": "feature_CPUCount",
        "min": "8",
        "max": "64",
        "sum": 661625,
        "sum2": 12803073,
        "mean": 14.592523158359064,
        "sd": 8.333006718958147,
        "accept_min": -10.40649699851538,
        "accept_max": 39.59154331523351,
        "median": 8
    },
    "edited_radial_points.0": {
        "key": 1,
        "feature": "feature_edited_radial_points.0",
        "min": "70",
        "max": "2935",
        "sum": 11622989,
        "sum2": 7210271477,
        "mean": 256.35176444640496,
        "sd": 305.4710309597546,
        "accept_min": -660.0613284328588,
        "accept_max": 1172.7648573256688,
        "median": 152
    },
    "edited_scans.0": {
        "key": 2,
        "feature": "feature_edited_scans.0",
        "min": "1",
        "max": "1500",
        "sum": 7372029,
        "sum2": 1795882619,
        "mean": 162.59437582708426,
        "sd": 114.77191452370324,
        "accept_min": -181.72136774402549,
        "accept_max": 506.910119398194,
        "median": 134
    },
    "job.cluster.@attributes.name": {
        "key": 3,
        "feature": "feature_job.cluster.@attributes.name",
        "min": "1",
        "max": "33",
        "sum": 1006253,
        "sum2": 25202429,
        "mean": 22.193493603881784,
        "sd": 7.95640801056354,
        "accept_min": -1.675730427808837,
        "accept_max": 46.062717635572405,
        "median": 29
    },
    "job.jobParameters.curve_type.@attributes.value": {
        "key": 4,
        "feature": "feature_job.jobParameters.curve_type.@attributes.value",
        "min": "1",
        "max": "6",
        "sum": 107775,
        "sum2": 389801,
        "mean": 2.3770401411557125,
        "sd": 1.716692264063167,
        "accept_min": -2.7730366510337885,
        "accept_max": 7.527116933345214,
        "median": 1
    },
    "job.jobParameters.curves_points.@attributes.value": {
        "key": 5,
        "feature": "feature_job.jobParameters.curves_points.@attributes.value",
        "min": "3",
        "max": "1000",
        "sum": 9337896,
        "sum2": 1970062356,
        "mean": 205.9527128363476,
        "sd": 32.161637215916706,
        "accept_min": 109.46780118859746,
        "accept_max": 302.4376244840977,
        "median": 200
    },
    "job.jobParameters.ff0_max.@attributes.value": {
        "key": 6,
        "feature": "feature_job.jobParameters.ff0_max.@attributes.value",
        "min": "-1",
        "max": "7",
        "sum": -45029,
        "sum2": 46421,
        "mean": -0.993140714600794,
        "sd": 0.19368642299218178,
        "accept_min": -1.5741999835773393,
        "accept_max": -0.41208144562424864,
        "median": -1
    },
    "job.jobParameters.ff0_min.@attributes.value": {
        "key": 7,
        "feature": "feature_job.jobParameters.ff0_min.@attributes.value",
        "min": "-1",
        "max": "1",
        "sum": -45220,
        "sum2": 45340,
        "mean": -0.9973533303925893,
        "sd": 0.07270798409083243,
        "accept_min": -1.2154772826650866,
        "accept_max": -0.7792293781200921,
        "median": -1
    },
    "job.jobParameters.gfit_iterations.@attributes.value": {
        "key": 8,
        "feature": "feature_job.jobParameters.gfit_iterations.@attributes.value",
        "min": "0",
        "max": "300",
        "sum": 145234,
        "sum2": 785340,
        "mean": 3.2032201146890165,
        "sd": 2.657191349833923,
        "accept_min": -4.768353934812752,
        "accept_max": 11.174794164190786,
        "median": 3
    },
    "job.jobParameters.mc_iterations.@attributes.value": {
        "key": 9,
        "feature": "feature_job.jobParameters.mc_iterations.@attributes.value",
        "min": "0",
        "max": "300",
        "sum": 662589,
        "sum2": 44312227,
        "mean": 14.613784737538598,
        "sd": 27.636678738618436,
        "accept_min": -68.29625147831672,
        "accept_max": 97.52382095339391,
        "median": 1
    },
    "job.jobParameters.rinoise_option.@attributes.value": {
        "key": 10,
        "feature": "feature_job.jobParameters.rinoise_option.@attributes.value",
        "min": "0",
        "max": "1",
        "sum": 11287,
        "sum2": 11287,
        "mean": 0.24894133215703573,
        "sd": 0.43240452022804376,
        "accept_min": -1.0482722285270956,
        "accept_max": 1.546154892841167,
        "median": 0
    },
    "job.jobParameters.s_max.@attributes.value": {
        "key": 11,
        "feature": "feature_job.jobParameters.s_max.@attributes.value",
        "min": "-1",
        "max": "30",
        "sum": -44408,
        "sum2": 60614,
        "mean": -0.9794441993824438,
        "sd": 0.6144707623475133,
        "accept_min": -2.8228564864249837,
        "accept_max": 0.863968087660096,
        "median": -1
    },
    "job.jobParameters.s_min.@attributes.value": {
        "key": 12,
        "feature": "feature_job.jobParameters.s_min.@attributes.value",
        "min": "-1.0",
        "max": "6.0",
        "sum": -45035.5,
        "sum2": 46634.25,
        "mean": -0.9932840758711954,
        "sd": 0.20477574068859936,
        "accept_min": -1.6076112979369934,
        "accept_max": -0.37895685380539734,
        "median": -1
    },
    "job.jobParameters.solute_type.@attributes.value": {
        "key": 13,
        "feature": "feature_job.jobParameters.solute_type.@attributes.value",
        "min": "-1",
        "max": "10",
        "sum": 107271,
        "sum2": 299953,
        "mean": 2.3659241288045876,
        "sd": 1.0089910192718907,
        "accept_min": -0.6610489290110846,
        "accept_max": 5.39289718662026,
        "median": 3
    },
    "job.jobParameters.thr_deltr_ratio.@attributes.value": {
        "key": 14,
        "feature": "feature_job.jobParameters.thr_deltr_ratio.@attributes.value",
        "min": "1e-06",
        "max": "0.001",
        "sum": 4.513471000002824,
        "sum2": 0.0004540206309998033,
        "mean": 9.954722099697452e-5,
        "sd": 1.0200071724223627e-5,
        "accept_min": 6.894700582430363e-5,
        "accept_max": 0.0001301474361696454,
        "median": 0.0001
    },
    "job.jobParameters.tikreg_alpha.@attributes.value": {
        "key": 15,
        "feature": "feature_job.jobParameters.tikreg_alpha.@attributes.value",
        "min": "0.0",
        "max": "0.99",
        "sum": 12687.359999989434,
        "sum2": 3729.3214499978912,
        "mean": 0.2798270842520828,
        "sd": 0.06284296172333169,
        "accept_min": 0.09129819908208775,
        "accept_max": 0.46835596942207786,
        "median": 0.275
    },
    "job.jobParameters.tikreg_option.@attributes.value": {
        "key": 16,
        "feature": "feature_job.jobParameters.tikreg_option.@attributes.value",
        "min": "0",
        "max": "2",
        "sum": 60018,
        "sum2": 119434,
        "mean": 1.323731804146449,
        "sd": 0.9391164525652953,
        "accept_min": -1.493617553549437,
        "accept_max": 4.141081161842335,
        "median": 2
    },
    "job.jobParameters.tinoise_option.@attributes.value": {
        "key": 17,
        "feature": "feature_job.jobParameters.tinoise_option.@attributes.value",
        "min": "0",
        "max": "1",
        "sum": 22478,
        "sum2": 22478,
        "mean": 0.49576532862814293,
        "sd": 0.4999875810252526,
        "accept_min": -1.004197414447615,
        "accept_max": 1.9957280717039008,
        "median": 0
    },
    "job.jobParameters.vars_count.@attributes.value": {
        "key": 18,
        "feature": "feature_job.jobParameters.vars_count.@attributes.value",
        "min": "3",
        "max": "400",
        "sum": 876502,
        "sum2": 53366554,
        "mean": 19.331760035288927,
        "sd": 28.34309574195943,
        "accept_min": -65.69752719058937,
        "accept_max": 104.36104726116722,
        "median": 10
    },
    "job.jobParameters.x_max.@attributes.value": {
        "key": 19,